-- MySQL dump 10.13  Distrib 8.0.19, for Win64 (x86_64)
--
-- Host: localhost    Database: cinema_cgv
-- ------------------------------------------------------
-- Server version	8.0.46

/*!40101 SET @OLD_CHARACTER_SET_CLIENT=@@CHARACTER_SET_CLIENT */;
/*!40101 SET @OLD_CHARACTER_SET_RESULTS=@@CHARACTER_SET_RESULTS */;
/*!40101 SET @OLD_COLLATION_CONNECTION=@@COLLATION_CONNECTION */;
/*!50503 SET NAMES utf8mb4 */;
/*!40103 SET @OLD_TIME_ZONE=@@TIME_ZONE */;
/*!40103 SET TIME_ZONE='+00:00' */;
/*!40014 SET @OLD_UNIQUE_CHECKS=@@UNIQUE_CHECKS, UNIQUE_CHECKS=0 */;
/*!40014 SET @OLD_FOREIGN_KEY_CHECKS=@@FOREIGN_KEY_CHECKS, FOREIGN_KEY_CHECKS=0 */;
/*!40101 SET @OLD_SQL_MODE=@@SQL_MODE, SQL_MODE='NO_AUTO_VALUE_ON_ZERO' */;
/*!40111 SET @OLD_SQL_NOTES=@@SQL_NOTES, SQL_NOTES=0 */;

--
-- Table structure for table `accounts`
--

DROP TABLE IF EXISTS `accounts`;
/*!40101 SET @saved_cs_client     = @@character_set_client */;
/*!50503 SET character_set_client = utf8mb4 */;
CREATE TABLE `accounts` (
  `id` int unsigned NOT NULL AUTO_INCREMENT,
  `username` varchar(50) CHARACTER SET utf8mb4 COLLATE utf8mb4_unicode_ci NOT NULL,
  `password_hash` varchar(255) CHARACTER SET utf8mb4 COLLATE utf8mb4_unicode_ci NOT NULL,
  `email` varchar(50) CHARACTER SET utf8mb4 COLLATE utf8mb4_unicode_ci NOT NULL,
  `phone` varchar(15) CHARACTER SET utf8mb4 COLLATE utf8mb4_unicode_ci DEFAULT NULL,
  `full_name` varchar(50) CHARACTER SET utf8mb4 COLLATE utf8mb4_unicode_ci NOT NULL,
  `avatar_url` varchar(255) CHARACTER SET utf8mb4 COLLATE utf8mb4_unicode_ci DEFAULT NULL,
  `role` varchar(255) CHARACTER SET utf8mb4 COLLATE utf8mb4_unicode_ci NOT NULL,
  `points` int unsigned NOT NULL DEFAULT '0',
  `history_points` int unsigned NOT NULL DEFAULT '0',
  `vip_level` enum('bronze','silver','gold','platinum') CHARACTER SET utf8mb4 COLLATE utf8mb4_unicode_ci NOT NULL DEFAULT 'bronze',
  `create_at` datetime DEFAULT NULL,
  `update_at` datetime DEFAULT NULL,
  `is_deleted` tinyint(1) DEFAULT '0',
  PRIMARY KEY (`id`),
  UNIQUE KEY `username` (`username`),
  UNIQUE KEY `email` (`email`)
) ENGINE=InnoDB AUTO_INCREMENT=39 DEFAULT CHARSET=utf8mb4 COLLATE=utf8mb4_unicode_ci;
/*!40101 SET character_set_client = @saved_cs_client */;

--
-- Dumping data for table `accounts`
--

LOCK TABLES `accounts` WRITE;
/*!40000 ALTER TABLE `accounts` DISABLE KEYS */;
INSERT INTO `accounts` VALUES (1,'test_user','$2b$10$ZNao9EdAa5mIU/ETH5h8zOfyblthvEanIvbO2S/Iv6TFD3sx51xGu','test@example.com','0123456789','Test User Updated',NULL,'user',0,0,'bronze','2026-03-08 17:55:24',NULL,1),(2,'admin','$2b$10$2fTZd5F/kKnrBRjvvkHIHucZr8kuuOwJ4HTYq3Vxm4a5meA8ASsj2','admin@cgv.com','0987654321','admin',NULL,'admin',0,0,'bronze','2026-03-08 17:55:50',NULL,0),(3,'trongahaha','$2b$10$.5GooyJVB2tD287MJJjtK.YnkhVfSe9t7vRzwBgZ1GpKpypSNvC1C','duongtrong13062004@gmail.com','0987654322','trongahihi','/avatars/user_3_1773017888135.jpg','user',0,0,'bronze','2026-03-08 17:56:29','2026-03-09 00:58:08',1),(5,'test','$2a$10$M7AZoJz/.vGDEIxW6DRDi.c617BnppYcRxzbj4PawpeXm8XLIjALG','hanh11236ng@gmail.com','0123456789','Nguyễn Thị Hạnh',NULL,'user',150,150,'bronze','2026-05-13 13:44:20',NULL,0),(9,'test123','$2a$10$JyMpNKMUmMckeX2o/HtaQOwlDI2/B01pHJ6LbMIwdZ.4WRoWOK4ZK','test123@gmail.com','0123456789','Nguyễn Văn B',NULL,'user',0,0,'bronze','2026-05-18 10:33:51',NULL,1),(13,'test1234','$2a$10$E3580Jf1oZeMYlEv1dHgvuDSMuCOs1Z8ISugtPxUSRjed6BZrjGqy','test1234@gmail.com','0123456789','Nguyễn Văn C',NULL,'user',150,150,'bronze','2026-05-19 12:19:55',NULL,0),(14,'nvd','$2a$10$jyAYDSZjqkl.5KLLhkSVaOqSk95h8y9NOJDTOKbrVHP4CdgE63vae','nvd@gmail.com','0987654421','Nguyễn Văn D',NULL,'user',150,150,'bronze','2026-05-19 12:21:45',NULL,0),(15,'testuser1','$2a$10$6fxar0MXDlp4bA0Sbi7HjuAFYT6OTVCKj/8CilHqzzbydJIQoDjSK','test1@test.com','123456781','Test',NULL,'user',150,150,'bronze','2026-05-28 20:23:27',NULL,0),(16,'nguyenvana','$2b$10$ZNao9...','vana@gmail.com','0901000001','Nguyễn Văn A',NULL,'user',150,150,'bronze','2026-03-10 08:00:00',NULL,1),(17,'tranthib','$2b$10$ZNao9...','thib@gmail.com','0901000002','Trần Thị B',NULL,'user',450,450,'silver','2026-03-10 08:15:00',NULL,0),(18,'leminhc','$2b$10$ZNao9...','minhc@gmail.com','0901000003','Lê Minh C',NULL,'user',150,150,'bronze','2026-03-10 08:30:00',NULL,0),(19,'phamhoangd','$2b$10$ZNao9...','hoangd@gmail.com','0901000004','Phạm Hoàng D',NULL,'user',1250,1250,'gold','2026-03-10 09:00:00',NULL,0),(20,'vuongthie','$2b$10$ZNao9...','thie@gmail.com','0901000005','Vương Thị E',NULL,'user',450,450,'silver','2026-03-10 09:20:00',NULL,0),(21,'hoangvanf','$2b$10$ZNao9...','vanf@gmail.com','0901000006','Hoàng Văn F',NULL,'user',450,450,'silver','2026-03-10 09:45:00',NULL,0),(22,'dangthig','$2b$10$ZNao9...','thig@gmail.com','0901000007','Đặng Thị G',NULL,'user',450,450,'silver','2026-03-11 10:00:00',NULL,0),(23,'buiminhh','$2b$10$ZNao9...','minhh@gmail.com','0901000008','Bùi Minh H',NULL,'user',450,450,'silver','2026-03-11 10:15:00',NULL,0),(24,'daothik','$2b$10$ZNao9...','thik@gmail.com','0901000009','Đào Thị K',NULL,'user',450,450,'silver','2026-03-11 10:30:00',NULL,0),(25,'lythuyl','$2b$10$ZNao9...','thuyl@gmail.com','0901000010','Lý Thủy L',NULL,'user',1250,1250,'gold','2026-03-11 11:00:00',NULL,0),(26,'nguyenvanm','$2b$10$ZNao9...','vanm@gmail.com','0901000011','Nguyễn Văn M',NULL,'user',1250,1250,'gold','2026-03-11 14:00:00',NULL,0),(27,'tranthio','$2b$10$ZNao9...','thio@gmail.com','0901000012','Trần Thị O',NULL,'user',1250,1250,'gold','2026-03-11 14:30:00',NULL,0),(28,'lequocp','$2b$10$ZNao9...','quocp@gmail.com','0901000013','Lê Quốc P',NULL,'user',3500,3500,'platinum','2026-03-12 08:00:00',NULL,0),(29,'phamthiq','$2b$10$ZNao9...','thiq@gmail.com','0901000014333','Phạm Thị Q',NULL,'user',80,0,'bronze','2026-03-12 09:00:00',NULL,1),(30,'vuongvanr','$2b$10$ZNao9...','vanr@gmawil.comw','0901000015','Vương Văn R',NULL,'user',1250,1250,'gold','2026-03-12 09:15:00',NULL,0),(31,'hoangthis','$2b$10$ZNao9...','this@gmail.com','0901000016','Hoàng Thị S',NULL,'user',1500,1500,'gold','2026-03-12 10:00:00',NULL,0),(32,'dangvant','$2b$10$ZNao9...','vant@gmail.com','0901000017','Đặng Văn T',NULL,'user',1250,1250,'gold','2026-03-12 10:30:00',NULL,0),(33,'buithiu','$2b$10$ZNao9...','thiu@gmail.com','0901000018','Bùi Thị U',NULL,'user',3500,3500,'platinum','2026-03-12 11:00:00',NULL,0),(34,'daovanv','$2b$10$ZNao9...','vanv@gmail.com','0901000019','Đào Văn V',NULL,'user',3500,3500,'platinum','2026-03-12 13:00:00',NULL,0),(35,'lythix','$2b$10$ZNao9...','thix@gmail.com','0901000020','Lý Thị X',NULL,'user',3500,3500,'platinum','2026-03-12 14:00:00',NULL,0),(36,'test12345','$2a$10$QBfX0o6/MMdo0xYigWggyegFDvsoHdMMTIj6.HQvH5wtt5T/Ik.bK','test12344@gmail.com','0123456789','Nguyễn Văn C',NULL,'user',0,0,'bronze','2026-05-31 15:32:36',NULL,0),(38,'nvabcd','$2a$10$7pwfu.pxEh1yt/ouOCAZ9Oe5oN4k/STA04WJVUVS.Sy2eiAZJlLzq','ABCD@gmail.com','0987654321','Nguyễn Văn ABCD',NULL,'user',3500,3500,'platinum','2026-05-31 21:33:13',NULL,0);
/*!40000 ALTER TABLE `accounts` ENABLE KEYS */;
UNLOCK TABLES;

--
-- Table structure for table `bookingseats`
--

DROP TABLE IF EXISTS `bookingseats`;
/*!40101 SET @saved_cs_client     = @@character_set_client */;
/*!50503 SET character_set_client = utf8mb4 */;
CREATE TABLE `bookingseats` (
  `id` int unsigned NOT NULL AUTO_INCREMENT,
  `tickets_id` int unsigned NOT NULL,
  `seat_id` int unsigned NOT NULL,
  `seat_price` decimal(10,2) NOT NULL,
  `is_deleted` tinyint(1) DEFAULT '0',
  PRIMARY KEY (`id`),
  UNIQUE KEY `tickets_id` (`tickets_id`,`seat_id`),
  UNIQUE KEY `UK3y8el5tqjsq4cx4afuqb6ajjs` (`tickets_id`,`seat_id`),
  KEY `seat_id` (`seat_id`),
  CONSTRAINT `bookingseats_ibfk_1` FOREIGN KEY (`tickets_id`) REFERENCES `tickets` (`id`),
  CONSTRAINT `bookingseats_ibfk_2` FOREIGN KEY (`seat_id`) REFERENCES `seats` (`id`)
) ENGINE=InnoDB AUTO_INCREMENT=249 DEFAULT CHARSET=utf8mb4 COLLATE=utf8mb4_unicode_ci;
/*!40101 SET character_set_client = @saved_cs_client */;

--
-- Dumping data for table `bookingseats`
--

LOCK TABLES `bookingseats` WRITE;
/*!40000 ALTER TABLE `bookingseats` DISABLE KEYS */;
INSERT INTO `bookingseats` VALUES (1,1,78,96000.00,0),(2,2,71,80000.00,0),(3,3,10,120000.00,0),(4,4,10,120000.00,0),(5,5,101,120000.00,0),(6,5,102,120000.00,0),(7,6,103,120000.00,0),(8,6,104,120000.00,0),(9,7,105,120000.00,0),(10,8,106,120000.00,0),(11,9,107,120000.00,0),(12,10,108,120000.00,0),(13,11,109,120000.00,0),(14,12,110,120000.00,0),(15,13,111,120000.00,0),(16,14,112,120000.00,0),(17,15,168,80000.00,0),(18,16,147,80000.00,0),(19,17,169,80000.00,0),(20,18,180,96000.00,0),(21,19,1,80000.00,0),(22,20,2,80000.00,0),(23,21,3,80000.00,0),(24,22,83,80000.00,0),(25,23,94,80000.00,0),(26,24,93,80000.00,0),(27,25,98,120000.00,0),(28,26,127,120000.00,0),(29,27,119,80000.00,0),(30,28,84,80000.00,0),(31,100,1,80000.00,0),(32,101,2,80000.00,0),(33,101,3,80000.00,0),(34,102,9,120000.00,0),(35,115,5,80000.00,1),(36,103,13,96000.00,0),(37,104,14,96000.00,0),(38,104,15,96000.00,0),(39,105,25,120000.00,0),(40,116,17,96000.00,0),(41,106,29,80000.00,0),(42,107,35,96000.00,0),(43,108,38,120000.00,0),(44,117,45,96000.00,0),(45,109,54,96000.00,0),(46,110,55,96000.00,0),(47,111,56,96000.00,0),(48,118,60,96000.00,0),(49,112,64,80000.00,0),(50,113,65,80000.00,0),(51,114,66,80000.00,0),(52,119,72,80000.00,0),(53,120,1,120000.00,1),(54,120,2,120000.00,1),(55,121,188,144000.00,1),(56,122,204,144000.00,1),(57,123,208,144000.00,1),(58,124,230,180000.00,1),(59,125,127,180000.00,1),(60,126,130,180000.00,1),(61,127,120,120000.00,0),(62,128,118,120000.00,0),(63,129,111,120000.00,0),(64,130,116,120000.00,0),(65,131,115,120000.00,0),(66,132,113,120000.00,1),(67,133,94,120000.00,0),(68,134,114,120000.00,0),(69,135,117,120000.00,0),(70,136,105,120000.00,0),(71,137,106,120000.00,1),(72,138,124,180000.00,1),(73,139,112,120000.00,1),(74,140,90,120000.00,1),(75,141,94,120000.00,0),(76,142,268,120000.00,0),(77,142,269,120000.00,0),(78,143,94,120000.00,0),(79,144,89,120000.00,0),(80,145,97,180000.00,0),(81,146,92,120000.00,0),(82,147,402,120000.00,0),(83,147,403,120000.00,0),(84,148,385,96000.00,1),(85,149,343,80000.00,1),(86,150,401,120000.00,1),(87,151,401,120000.00,1),(88,152,381,96000.00,0),(89,153,357,96000.00,0),(90,154,401,120000.00,1),(91,155,380,96000.00,1),(92,156,331,80000.00,1),(93,157,380,96000.00,1),(94,158,358,96000.00,0),(95,159,345,80000.00,0),(96,160,324,80000.00,1),(97,161,340,80000.00,1),(98,162,376,96000.00,0),(99,163,339,80000.00,0),(100,164,334,80000.00,0),(101,164,335,80000.00,0),(102,165,367,96000.00,0),(103,166,340,80000.00,1),(104,167,342,80000.00,0),(105,168,346,80000.00,1),(106,169,405,120000.00,1),(107,170,341,80000.00,1),(108,171,343,80000.00,0),(109,172,346,80000.00,0),(110,172,347,80000.00,0),(111,172,348,80000.00,0),(112,173,346,80000.00,1),(113,174,324,80000.00,0),(114,174,344,80000.00,0),(115,175,363,96000.00,1),(116,176,396,120000.00,0),(117,177,400,120000.00,0),(118,177,401,120000.00,0),(119,178,365,96000.00,0),(120,178,385,96000.00,0),(121,178,405,120000.00,0),(122,179,365,96000.00,0),(123,180,365,96000.00,0),(124,181,408,120000.00,0),(125,182,404,120000.00,1),(126,182,405,120000.00,1),(127,182,406,120000.00,1),(128,182,407,120000.00,1),(129,182,408,120000.00,1),(130,183,404,120000.00,1),(131,183,405,120000.00,1),(132,183,406,120000.00,1),(133,183,407,120000.00,1),(134,183,408,120000.00,1),(135,184,404,120000.00,1),(136,184,405,120000.00,1),(137,184,406,120000.00,1),(138,184,407,120000.00,1),(139,184,408,120000.00,1),(140,185,384,96000.00,1),(141,185,385,96000.00,1),(142,185,386,96000.00,1),(143,185,387,96000.00,1),(144,185,388,96000.00,1),(145,185,404,120000.00,1),(146,185,405,120000.00,1),(147,185,406,120000.00,1),(148,185,407,120000.00,1),(149,185,408,120000.00,1),(150,186,270,120000.00,1),(151,187,230,120000.00,1),(152,187,229,120000.00,1),(153,187,270,120000.00,1),(154,187,269,120000.00,1),(155,188,220,120000.00,0),(156,188,230,120000.00,0),(157,188,270,120000.00,0),(158,189,382,96000.00,1),(159,189,383,96000.00,1),(160,189,384,96000.00,1),(161,189,385,96000.00,1),(162,189,386,96000.00,1),(163,189,387,96000.00,1),(164,189,388,96000.00,1),(165,190,406,112500.00,1),(166,190,407,112500.00,1),(167,190,408,112500.00,1),(168,191,386,90000.00,1),(169,191,387,90000.00,1),(170,191,388,90000.00,1),(171,192,403,112500.00,1),(172,193,407,112500.00,1),(173,194,408,112500.00,1),(174,195,404,112500.00,1),(175,196,337,75000.00,1),(176,197,402,112500.00,1),(177,198,391,112500.00,1),(178,198,392,112500.00,1),(179,198,393,112500.00,1),(180,198,394,112500.00,1),(181,199,380,90000.00,1),(182,199,381,90000.00,1),(183,199,382,90000.00,1),(184,199,379,90000.00,1),(185,200,276,75000.00,0),(186,201,408,112500.00,1),(187,202,405,112500.00,1),(188,202,406,112500.00,1),(189,202,407,112500.00,1),(190,202,408,112500.00,1),(191,203,405,112500.00,1),(192,203,406,112500.00,1),(193,203,407,112500.00,1),(194,203,408,112500.00,1),(195,204,406,112500.00,1),(196,204,407,112500.00,1),(197,204,408,112500.00,1),(198,205,363,90000.00,1),(199,205,364,90000.00,1),(200,205,365,90000.00,1),(201,205,366,90000.00,1),(202,205,367,90000.00,1),(203,205,368,90000.00,1),(204,206,404,112500.00,1),(205,206,405,112500.00,1),(206,206,406,112500.00,1),(207,206,407,112500.00,1),(208,206,408,112500.00,1),(209,207,403,112500.00,0),(210,207,404,112500.00,0),(211,207,405,112500.00,0),(212,207,406,112500.00,0),(213,207,407,112500.00,0),(214,207,408,112500.00,0),(215,208,396,112500.00,1),(216,208,397,112500.00,1),(217,209,401,112500.00,0),(218,209,402,112500.00,0),(219,210,400,112500.00,1),(220,210,398,112500.00,1),(221,210,399,112500.00,1),(222,211,387,90000.00,1),(223,211,388,90000.00,1),(224,212,400,112500.00,0),(225,212,399,112500.00,0),(226,213,397,112500.00,0),(227,213,398,112500.00,0),(228,214,271,75000.00,0),(229,214,291,75000.00,0),(230,214,311,75000.00,0),(231,214,331,75000.00,0),(232,214,351,90000.00,0),(233,214,371,90000.00,0),(234,214,391,112500.00,0),(235,215,392,112500.00,1),(236,215,393,112500.00,1),(237,215,394,112500.00,1),(238,215,395,112500.00,1),(239,215,396,112500.00,1),(240,216,392,112500.00,1),(241,216,393,112500.00,1),(242,216,394,112500.00,1),(243,216,395,112500.00,1),(244,216,396,112500.00,1),(245,217,394,112500.00,0),(246,217,395,112500.00,0),(247,217,396,112500.00,0),(248,218,130,112500.00,0);
/*!40000 ALTER TABLE `bookingseats` ENABLE KEYS */;
UNLOCK TABLES;

--
-- Table structure for table `chat_messages`
--

DROP TABLE IF EXISTS `chat_messages`;
/*!40101 SET @saved_cs_client     = @@character_set_client */;
/*!50503 SET character_set_client = utf8mb4 */;
CREATE TABLE `chat_messages` (
  `id` int unsigned NOT NULL AUTO_INCREMENT,
  `session_id` int unsigned NOT NULL,
  `sender_role` enum('user','bot','agent') CHARACTER SET utf8mb4 COLLATE utf8mb4_unicode_ci NOT NULL,
  `content` text CHARACTER SET utf8mb4 COLLATE utf8mb4_unicode_ci NOT NULL,
  `metadata` json DEFAULT NULL COMMENT 'Lưu trữ payload JSON mở rộng cho giao diện Chat',
  `related_movie_id` int unsigned DEFAULT NULL COMMENT 'ID phim nếu nội dung chat đang tư vấn về 1 bộ phim cụ thể',
  `related_tickets_id` int unsigned DEFAULT NULL COMMENT 'ID vé nếu user đang hỏi/khiếu nại về 1 mã vé cụ thể',
  `create_at` datetime DEFAULT CURRENT_TIMESTAMP,
  `is_deleted` tinyint(1) DEFAULT '0',
  PRIMARY KEY (`id`),
  KEY `idx_chat_messages_session_id` (`session_id`),
  KEY `idx_chat_messages_movie` (`related_movie_id`),
  KEY `idx_chat_messages_tickets` (`related_tickets_id`),
  CONSTRAINT `chat_messages_ibfk_1` FOREIGN KEY (`session_id`) REFERENCES `chat_sessions` (`id`) ON DELETE CASCADE ON UPDATE CASCADE,
  CONSTRAINT `chat_messages_ibfk_2` FOREIGN KEY (`related_movie_id`) REFERENCES `movies` (`id`) ON DELETE SET NULL ON UPDATE CASCADE,
  CONSTRAINT `chat_messages_ibfk_3` FOREIGN KEY (`related_tickets_id`) REFERENCES `tickets` (`id`) ON DELETE SET NULL ON UPDATE CASCADE
) ENGINE=InnoDB DEFAULT CHARSET=utf8mb4 COLLATE=utf8mb4_unicode_ci;
/*!40101 SET character_set_client = @saved_cs_client */;

--
-- Dumping data for table `chat_messages`
--

LOCK TABLES `chat_messages` WRITE;
/*!40000 ALTER TABLE `chat_messages` DISABLE KEYS */;
/*!40000 ALTER TABLE `chat_messages` ENABLE KEYS */;
UNLOCK TABLES;

--
-- Table structure for table `chat_sessions`
--

DROP TABLE IF EXISTS `chat_sessions`;
/*!40101 SET @saved_cs_client     = @@character_set_client */;
/*!50503 SET character_set_client = utf8mb4 */;
CREATE TABLE `chat_sessions` (
  `id` int unsigned NOT NULL AUTO_INCREMENT,
  `account_id` int unsigned NOT NULL,
  `title` varchar(255) CHARACTER SET utf8mb4 COLLATE utf8mb4_unicode_ci DEFAULT 'New Conversation',
  `status` enum('active','closed') CHARACTER SET utf8mb4 COLLATE utf8mb4_unicode_ci DEFAULT 'active',
  `create_at` datetime DEFAULT CURRENT_TIMESTAMP,
  `update_at` datetime DEFAULT CURRENT_TIMESTAMP ON UPDATE CURRENT_TIMESTAMP,
  `is_deleted` tinyint(1) DEFAULT '0',
  PRIMARY KEY (`id`),
  KEY `idx_chat_sessions_account_id` (`account_id`),
  CONSTRAINT `chat_sessions_ibfk_1` FOREIGN KEY (`account_id`) REFERENCES `accounts` (`id`) ON DELETE CASCADE ON UPDATE CASCADE
) ENGINE=InnoDB DEFAULT CHARSET=utf8mb4 COLLATE=utf8mb4_unicode_ci;
/*!40101 SET character_set_client = @saved_cs_client */;

--
-- Dumping data for table `chat_sessions`
--

LOCK TABLES `chat_sessions` WRITE;
/*!40000 ALTER TABLE `chat_sessions` DISABLE KEYS */;
/*!40000 ALTER TABLE `chat_sessions` ENABLE KEYS */;
UNLOCK TABLES;

--
-- Table structure for table `cinema_reviews`
--

DROP TABLE IF EXISTS `cinema_reviews`;
/*!40101 SET @saved_cs_client     = @@character_set_client */;
/*!50503 SET character_set_client = utf8mb4 */;
CREATE TABLE `cinema_reviews` (
  `id` int unsigned NOT NULL AUTO_INCREMENT,
  `account_id` int unsigned NOT NULL,
  `cinema_id` int unsigned NOT NULL,
  `rating` double NOT NULL,
  `comment` varchar(255) CHARACTER SET utf8mb4 COLLATE utf8mb4_unicode_ci DEFAULT NULL,
  `create_at` datetime DEFAULT CURRENT_TIMESTAMP,
  `update_at` datetime DEFAULT NULL,
  `is_deleted` tinyint(1) DEFAULT '0',
  `ticket_id` int unsigned DEFAULT NULL,
  PRIMARY KEY (`id`),
  KEY `idx_reviews_cinema_id` (`cinema_id`),
  KEY `idx_reviews_account_id` (`account_id`),
  KEY `idx_reviews_rating` (`rating`),
  KEY `fk_cinema_reviews_tickets` (`ticket_id`),
  CONSTRAINT `cinema_reviews_ibfk_1` FOREIGN KEY (`account_id`) REFERENCES `accounts` (`id`) ON DELETE CASCADE ON UPDATE CASCADE,
  CONSTRAINT `cinema_reviews_ibfk_2` FOREIGN KEY (`cinema_id`) REFERENCES `cinemas` (`id`) ON DELETE CASCADE ON UPDATE CASCADE,
  CONSTRAINT `fk_cinema_reviews_tickets` FOREIGN KEY (`ticket_id`) REFERENCES `tickets` (`id`) ON DELETE SET NULL ON UPDATE CASCADE
) ENGINE=InnoDB AUTO_INCREMENT=26 DEFAULT CHARSET=utf8mb4 COLLATE=utf8mb4_unicode_ci;
/*!40101 SET character_set_client = @saved_cs_client */;

--
-- Dumping data for table `cinema_reviews`
--

LOCK TABLES `cinema_reviews` WRITE;
/*!40000 ALTER TABLE `cinema_reviews` DISABLE KEYS */;
INSERT INTO `cinema_reviews` VALUES (1,16,1,5,'Rạp Vincom Bà Triệu sạch sẽ, nhân viên nhiệt tình.','2026-03-12 20:05:00',NULL,0,NULL),(2,20,2,4,'Âm thanh phòng VIP ở Hồ Gươm Plaza rất tốt, màn hình sáng.','2026-03-13 10:05:00',NULL,0,NULL),(3,23,3,5,'Không gian rộng rãi, nhiều chỗ check-in đẹp.','2026-03-13 12:35:00',NULL,0,NULL),(4,26,2,3,'Giá vé hợp lý nhưng bãi gửi xe hơi xa.','2026-03-13 14:05:00',NULL,0,NULL),(5,16,1,5,'Rạp Bà Triệu phục vụ rất nhanh, không gian sảnh chờ sạch sẽ.','2026-06-09 19:23:25',NULL,0,100),(6,17,1,4.5,'Âm thanh phòng Standard ở đây đập rất chắc tai, xem phim hành động phê.','2026-06-09 19:23:25',NULL,0,101),(7,5,1,4,'Chất lượng bắp nước ổn ổn, nhưng ngày lễ xếp hàng hơi lâu.','2026-06-09 19:23:25',NULL,0,20),(8,20,2,5,'Phòng chiếu VIP bên Hà Đông này xuất sắc, ghế nằm thoải mái.','2026-06-09 19:23:25',NULL,0,104),(9,26,2,4,'Rạp tương đối mới, màn hình nét và không bị sọc.','2026-06-09 19:23:25',NULL,0,110),(10,21,3,5,'Aeon Long Biên thì quá rộng rãi rồi, xem phim xong đi mua sắm tiện luôn.','2026-06-09 19:23:25',NULL,0,105),(11,38,3,4.5,'Nhân viên thân thiện, xử lý soát vé bằng QR code rất nhanh.','2026-06-09 19:23:25',NULL,0,143),(12,18,3,5,'Rạp Aeon Long Biên siêu rộng, sảnh chờ đẹp, chỗ gửi xe thoải mái vô cùng.','2026-06-09 19:24:26',NULL,0,102),(13,23,3,4.5,'Không gian phòng chiếu lớn, màn hình sáng rõ, nhân viên phục vụ bắp nước rất nhanh.','2026-06-09 19:24:26',NULL,0,107),(14,19,4,4.5,'Cụm rạp trung tâm Hải Phòng sạch sẽ, chất lượng âm thanh Dolby xem phim hành động rất đã.','2026-06-09 19:24:26',NULL,0,103),(15,33,4,4,'Nhân viên thân thiện, rạp nằm ngay trong TTTM nên xem phim xong đi ăn uống rất tiện.','2026-06-09 19:24:26',NULL,0,117),(16,22,5,5,'Rạp Aeon Mall Hải Phòng mới và hiện đại, ghế ngồi êm ái không bị mỏi lưng.','2026-06-09 19:24:26',NULL,0,106),(17,29,5,4,'Bắp phô mai ở đây lắc rất đều tay, đậm vị, phòng chiếu cách âm tốt.','2026-06-09 19:24:26',NULL,0,113),(18,20,6,4.5,'Rạp ở Quảng Ninh view nhìn ra ngoài khá đẹp, không gian bài trí sang trọng.','2026-06-09 19:24:26',NULL,0,104),(19,27,6,4,'Chất lượng phục vụ chuẩn CGV, nhà vệ sinh sạch sẽ, phòng chiếu mát mẻ.','2026-06-09 19:24:26',NULL,0,111),(20,25,11,4.5,'Rạp duy nhất ở Bắc Ninh có chất lượng dịch vụ ổn định, màn hình chiếu nét.','2026-06-09 19:24:26',NULL,0,109),(21,26,11,4,'Giá vé hợp lý so với chất lượng phòng chiếu, không gian sảnh hơi nhỏ một chút nhưng vẫn sạch.','2026-06-09 19:24:26',NULL,0,110),(22,21,1,4.5,'Rạp Bà Triệu nằm ngay trung tâm nên đi lại tiện, điều hòa phòng chiếu mát lạnh, cách âm tốt.','2026-06-09 19:28:55',NULL,0,219),(23,24,1,5,'Phòng chiếu VIP ở đây chất lượng tuyệt vời, ghế ngồi bọc da ngả lưng thoải mái, nhân viên phục vụ chu đáo.','2026-06-09 19:28:55',NULL,0,222),(24,25,1,4,'Bắp rang bơ vị ngọt thơm, sảnh chờ ngày cuối tuần hơi đông một chút nhưng soát vé bằng QR nhanh.','2026-06-09 19:28:55',NULL,0,223),(25,23,3,5,'Rạp ở Aeon Mall rất rộng rãi, đưa trẻ con đi xem phim cực kỳ thích vì sảnh chờ thoáng và nhiều chỗ chụp ảnh đẹp.','2026-06-09 19:28:55',NULL,0,221);
/*!40000 ALTER TABLE `cinema_reviews` ENABLE KEYS */;
UNLOCK TABLES;

--
-- Table structure for table `cinemas`
--

DROP TABLE IF EXISTS `cinemas`;
/*!40101 SET @saved_cs_client     = @@character_set_client */;
/*!50503 SET character_set_client = utf8mb4 */;
CREATE TABLE `cinemas` (
  `id` int unsigned NOT NULL AUTO_INCREMENT,
  `province_id` int unsigned NOT NULL,
  `cinema_name` varchar(100) CHARACTER SET utf8mb4 COLLATE utf8mb4_unicode_ci NOT NULL,
  `address` varchar(255) CHARACTER SET utf8mb4 COLLATE utf8mb4_unicode_ci NOT NULL,
  `latitude` decimal(10,8) DEFAULT NULL,
  `longitude` decimal(11,8) DEFAULT NULL,
  `status` varchar(255) CHARACTER SET utf8mb4 COLLATE utf8mb4_unicode_ci DEFAULT NULL,
  `phone` varchar(10) CHARACTER SET utf8mb4 COLLATE utf8mb4_unicode_ci DEFAULT NULL,
  `email` varchar(50) CHARACTER SET utf8mb4 COLLATE utf8mb4_unicode_ci DEFAULT NULL,
  `image_url` varchar(255) CHARACTER SET utf8mb4 COLLATE utf8mb4_unicode_ci DEFAULT NULL,
  `create_at` datetime DEFAULT NULL,
  `is_deleted` tinyint(1) DEFAULT '0',
  PRIMARY KEY (`id`),
  KEY `province_id` (`province_id`),
  CONSTRAINT `cinemas_ibfk_1` FOREIGN KEY (`province_id`) REFERENCES `provinces` (`id`)
) ENGINE=InnoDB AUTO_INCREMENT=15 DEFAULT CHARSET=utf8mb4 COLLATE=utf8mb4_unicode_ci;
/*!40101 SET character_set_client = @saved_cs_client */;

--
-- Dumping data for table `cinemas`
--

LOCK TABLES `cinemas` WRITE;
/*!40000 ALTER TABLE `cinemas` DISABLE KEYS */;
INSERT INTO `cinemas` VALUES (1,1,'CGV Vincom Center Bà Triệu','191 Bà Triệu, Hà Nội',21.01118920,105.84947050,'active','0924783748','vincombt@gmail.com','https://encrypted-tbn0.gstatic.com/images?q=tbn:ANd9GcSws7VjBBM5bUJODwR6rhEZfcGbjQjkMKNhHg&s','2026-03-08 18:24:42',0),(2,1,'CGV Hồ Gươm Plaza','102-104 Đường Trần Phú - Hà Đông, Hà Nội',20.97461170,105.78084520,'active','0958345734','cgvhoguom@gmail.com','https://iguov8nhvyobj.vcdn.cloud/media/site/cache/3/980x415/b58515f018eb873dafa430b6f9ae0c1e/k/l/klg_4164.jpg','2026-03-08 18:25:33',0),(3,1,'CGV Aeon Long Biên','Long Biên , Hà Nội',21.03987130,105.85002160,'active','0953453453','aeonlongbien@gmail.com','https://iguov8nhvyobj.vcdn.cloud/media/site/cache/1/980x415/b58515f018eb873dafa430b6f9ae0c1e/p/o/popcorn_pactory_layer-1.jpg','2026-03-08 18:26:07',0),(4,2,'CGV Vincom Hải Phòng','Hùng Vương, Hải Phòng',20.87374710,106.63667080,'active','0973284727','vincomhp@gmail.com','https://iguov8nhvyobj.vcdn.cloud/media/site/cache/1/980x415/b58515f018eb873dafa430b6f9ae0c1e/c/g/cgv-vincom-haiphong-3.png','2026-03-08 18:27:24',0),(5,2,'CGV Aeon Mall Hải Phòng','Cầu Bính, Hải Phòng',20.87512870,106.66755580,'active','0947324234','aeonhp@gmail.com','https://chonthuonghieu.com/wp-content/uploads/listing-uploads/gallery/2021/02/cgv-aeon-mall-hai-phong-563077.jpg','2026-03-08 18:28:15',0),(6,3,'CGV Vincom Hạ Long','Lê Thánh Tông, Quảng Ninh',20.95158930,107.08576590,'active','0972446724','vincomhp@gmail.com','https://rapchieuphim.com/photos/2/cgv/cgv-vincom-ha-long-2.png','2026-03-08 18:29:36',0),(7,3,'CGV Vincom Cẩm Phả','Hồng Ngọc , Quảng Ninh',20.95016980,107.08250700,'active','0973647264','vincomcp@gmail.com','https://iguov8nhvyobj.vcdn.cloud/media/site/cache/1/980x415/b58515f018eb873dafa430b6f9ae0c1e/v/c/vc_cp1.jpg','2026-03-08 18:30:30',0),(8,4,'CGV Kim Cúc Plaza','Bình Định',NULL,NULL,'active','0983248728','kimcucplaza@gmail.com','https://rapchieuphim.com/photos/2/cgv/cgv-kim-cuc-plaza-1.png','2026-03-08 18:31:26',0),(9,5,'CGV Ecopark Hưng Yên','Hưng Yên',20.65893140,106.06198570,'active','0932462742','ecoparkhy@gmail.com','https://tse4.mm.bing.net/th/id/OIP.LaYjLsS6-EuofrvaEfYa0AHaFi?pid=Api&h=220&P=0','2026-03-08 18:32:06',0),(10,6,'CGV Vincom Lạng Sơn','Lạng Sơn',21.85105360,106.76218120,'active','0967364724','vincomlangson@gmail.com','https://tse1.mm.bing.net/th/id/OIP.qakm-lUVlMi8bDgNpYYdeAHaE-?pid=Api&h=220&P=0','2026-03-08 18:32:47',0),(11,8,'Lotte Bắc Ninh','Tầng 3, TTTM Vincom Bắc Ninh, Ngã 6, P.Suối Hoa, Bắc Ninh',NULL,NULL,'active','0924783748','lottebn@gmail.com','https://toplist.vn/images/800px/lotte-bac-ninh-1340509.jpg','2026-05-20 01:24:47',0),(12,1,'ư','abc',43.60909190,1.44393710,'active','0924783748','ww','','2026-05-31 21:15:57',1),(13,1,'ư','ư',54.57151800,-5.94374580,'active','eee','lottebn@gmail.com','','2026-05-31 21:16:43',1),(14,2,'e','e',52.53102140,-1.26490620,'active','1','ê','','2026-05-31 21:17:13',1);
/*!40000 ALTER TABLE `cinemas` ENABLE KEYS */;
UNLOCK TABLES;

--
-- Table structure for table `favorites`
--

DROP TABLE IF EXISTS `favorites`;
/*!40101 SET @saved_cs_client     = @@character_set_client */;
/*!50503 SET character_set_client = utf8mb4 */;
CREATE TABLE `favorites` (
  `id` int unsigned NOT NULL AUTO_INCREMENT,
  `account_id` int unsigned NOT NULL,
  `movie_id` int unsigned NOT NULL,
  `create_at` datetime DEFAULT CURRENT_TIMESTAMP,
  `is_deleted` tinyint(1) DEFAULT '0',
  PRIMARY KEY (`id`),
  UNIQUE KEY `account_id` (`account_id`,`movie_id`),
  KEY `idx_favorites_movie_id` (`movie_id`),
  KEY `idx_favorites_account_id` (`account_id`),
  CONSTRAINT `favorites_ibfk_1` FOREIGN KEY (`account_id`) REFERENCES `accounts` (`id`) ON DELETE CASCADE ON UPDATE CASCADE,
  CONSTRAINT `favorites_ibfk_2` FOREIGN KEY (`movie_id`) REFERENCES `movies` (`id`) ON DELETE CASCADE ON UPDATE CASCADE
) ENGINE=InnoDB AUTO_INCREMENT=13 DEFAULT CHARSET=utf8mb4 COLLATE=utf8mb4_unicode_ci;
/*!40101 SET character_set_client = @saved_cs_client */;

--
-- Dumping data for table `favorites`
--

LOCK TABLES `favorites` WRITE;
/*!40000 ALTER TABLE `favorites` DISABLE KEYS */;
INSERT INTO `favorites` VALUES (1,3,10,'2026-03-09 00:41:50',0),(2,3,9,'2026-03-09 00:43:21',0),(3,1,10,'2026-03-09 01:01:40',0),(4,1,8,'2026-03-09 01:01:43',0),(5,1,9,'2026-03-09 01:01:45',0),(6,16,1,'2026-03-11 08:00:00',0),(7,16,2,'2026-03-11 08:05:00',0),(8,17,5,'2026-03-11 09:00:00',0),(9,19,2,'2026-03-11 10:30:00',0),(10,20,4,'2026-03-12 11:00:00',0),(11,25,3,'2026-03-12 15:00:00',0),(12,29,5,'2026-03-12 17:30:00',0);
/*!40000 ALTER TABLE `favorites` ENABLE KEYS */;
UNLOCK TABLES;

--
-- Table structure for table `movie_reviews`
--

DROP TABLE IF EXISTS `movie_reviews`;
/*!40101 SET @saved_cs_client     = @@character_set_client */;
/*!50503 SET character_set_client = utf8mb4 */;
CREATE TABLE `movie_reviews` (
  `id` int unsigned NOT NULL AUTO_INCREMENT,
  `account_id` int unsigned NOT NULL,
  `movie_id` int unsigned NOT NULL,
  `rating` double NOT NULL,
  `comment` varchar(255) CHARACTER SET utf8mb4 COLLATE utf8mb4_unicode_ci DEFAULT NULL,
  `create_at` datetime DEFAULT CURRENT_TIMESTAMP,
  `update_at` datetime DEFAULT NULL,
  `is_deleted` tinyint(1) DEFAULT '0',
  `ticket_id` int DEFAULT NULL,
  PRIMARY KEY (`id`),
  KEY `idx_reviews_movie_id` (`movie_id`),
  KEY `idx_reviews_account_id` (`account_id`),
  KEY `idx_reviews_rating` (`rating`),
  CONSTRAINT `movie_reviews_ibfk_1` FOREIGN KEY (`account_id`) REFERENCES `accounts` (`id`) ON DELETE CASCADE ON UPDATE CASCADE,
  CONSTRAINT `movie_reviews_ibfk_2` FOREIGN KEY (`movie_id`) REFERENCES `movies` (`id`) ON DELETE CASCADE ON UPDATE CASCADE
) ENGINE=InnoDB AUTO_INCREMENT=44 DEFAULT CHARSET=utf8mb4 COLLATE=utf8mb4_unicode_ci;
/*!40101 SET character_set_client = @saved_cs_client */;

--
-- Dumping data for table `movie_reviews`
--

LOCK TABLES `movie_reviews` WRITE;
/*!40000 ALTER TABLE `movie_reviews` DISABLE KEYS */;
INSERT INTO `movie_reviews` VALUES (2,3,10,5,'Phim rất hay nhá','2026-03-09 00:42:31','2026-03-09 00:42:42',0,NULL),(3,3,9,4,'Cũng rất hay nha','2026-03-09 00:44:35','2026-03-09 00:44:47',1,NULL),(6,1,9,5,'WOW','2026-03-09 01:02:21','2026-03-09 01:02:29',0,NULL),(7,16,1,5,'Phim bom tấn quá đỉnh, kỹ xảo xuất sắc!','2026-03-12 20:00:00',NULL,0,NULL),(8,17,1,4,'Đoạn cuối hơi buồn nhưng tổng thể rất hay.','2026-03-12 21:00:00',NULL,0,NULL),(9,19,2,5,'Spider-Man phần này plot twist không thể ngờ tới.','2026-03-13 10:00:00',NULL,0,NULL),(10,23,3,5,'Doraemon lúc nào cũng mang lại tuổi thơ dữ dội.','2026-03-13 12:30:00',NULL,0,NULL),(11,26,4,3,'Hành động mãn nhãn nhưng cốt truyện hơi dễ đoán.','2026-03-13 14:00:00',NULL,0,NULL),(12,29,5,5,'Inside Out 2 thực sự chạm đến cảm xúc người xem.','2026-03-13 16:45:00',NULL,0,NULL),(13,5,9,5,'Phim rất hay, rất thích!!!','2026-05-29 21:04:19','2026-05-29 21:04:19',0,NULL),(17,5,9,5,'phim ok đó, thích hợp để di xem với ngy','2026-05-29 21:18:01','2026-05-29 21:18:01',0,20),(18,5,6,5,'Phim cực kỳ dễ thương và mang tính chữa lành! Kỹ xảo mượt mà, tạo hình các nhân vật rất đáng yêu, đặc biệt là biểu cảm của nhân vật chính. Cốt truyện tuy đơn giản nhưng mang lại nhiều tiếng cười, rất hợp để thư giãn sau những giờ ngồi code căng thẳng','2026-05-30 21:30:45','2026-05-30 21:30:45',0,131),(19,5,6,5,'Phim cực kỳ dễ thương và mang tính chữa lành! Kỹ xảo mượt mà, tạo hình các nhân vật rất đáng yêu, đặc biệt là biểu cảm của nhân vật chính. Cốt truyện tuy đơn giản nhưng mang lại nhiều tiếng cười, rất hợp để thư giãn sau những giờ ngồi code căng thẳng','2026-05-30 21:30:44','2026-05-30 21:30:45',0,131),(20,38,7,5,'Phim hay ','2026-06-01 11:06:19','2026-06-01 11:06:19',0,143),(21,5,3,5,'12grydhhgjd','2026-06-03 16:57:18','2026-06-03 16:57:18',0,NULL),(22,16,9,5,'Phim quá cảm xúc, diễn xuất của diễn viên Hàn Quốc chưa bao giờ làm mình thất vọng.','2026-06-09 19:16:55',NULL,0,100),(23,17,9,4.5,'Cốt truyện nhẹ nhàng nhưng thấm, nhạc phim rất hay.','2026-06-09 19:16:55',NULL,0,101),(24,18,9,4,'Cái kết làm mình suy nghĩ mãi, rất đáng tiền mua vé.','2026-06-09 19:16:55',NULL,0,102),(25,5,6,5,'Phim Tết bùng nổ, cười ra nước mắt, dàn cast Pháp Kiều, Gil Lê diễn cưng xỉu!','2026-06-09 19:16:55',NULL,0,131),(26,38,6,4.5,'Lối làm phim của Trấn Thành ngày càng lên tay, tâm lý nhân vật đẩy rất tốt.','2026-06-09 19:16:55',NULL,0,142),(27,22,3,5,'Suất chiếu cuối tuần đông nghẹt nhưng phim xứng đáng, đưa mình về tuổi thơ.','2026-06-09 19:16:55',NULL,0,106),(28,23,3,4,'Phim hoạt hình ý nghĩa, các bé nhà mình thích mê.','2026-06-09 19:16:55',NULL,0,107),(29,38,7,5,'Phim thanh xuân quá chạm, xem xong lại nhớ về những người đã cùng mình đi qua giông bão.','2026-06-09 19:24:41',NULL,0,143),(30,5,7,4.5,'Cốt truyện thực tế, diễn xuất của các diễn viên trẻ rất tự nhiên và đầy cảm xúc.','2026-06-09 19:24:41',NULL,0,144),(31,19,7,4,'Nhạc phim cực kỳ hay, bối cảnh quay rất đẹp và thơ mộng.','2026-06-09 19:24:41',NULL,0,145),(32,24,8,4.5,'Sự kết hợp giữa Phương Anh Đào và Tuấn Trần phim này đỉnh thực sự, vừa hài vừa khóc.','2026-06-09 19:24:41',NULL,0,108),(33,34,8,4,'Phim gia đình rất ý nghĩa cho dịp Tết, thông điệp nhân văn sâu sắc.','2026-06-09 19:24:41',NULL,0,114),(34,5,12,5,'Tạo hình Frankenstein và Cô dâu quá ấn tượng, màu phim ma mị, âm thanh giật gân!','2026-06-09 19:24:41',NULL,0,188),(35,28,12,4,'Một góc nhìn mới lạ về câu chuyện Frankenstein, vừa quái dị vừa cuốn hút.','2026-06-09 19:24:41',NULL,0,112),(36,5,21,5,'Rimuru-sama vẫn ngầu và đáng yêu như ngày nào! Fan anime nhất định phải ra rạp xem.','2026-06-09 19:24:41',NULL,0,207),(37,16,21,4.5,'Phần movie làm kỹ xảo hoành tráng hơn hẳn bản truyền hình, cốt truyện độc lập dễ hiểu.','2026-06-09 19:24:41',NULL,0,200),(38,17,21,4,'Trận chiến dưới đại dương mãn nhãn, âm thanh sống động.','2026-06-09 19:24:41',NULL,0,209),(39,21,20,4,'Phim kinh dị Việt Nam có tiến bộ, cú twist cuối phim về tà thuật \"đi thiếp\" xem khá rợn người.','2026-06-09 19:28:31',NULL,0,219),(40,22,20,4.5,'Bối cảnh thẩm mỹ viện âm u, tạo hiệu ứng giật gân tốt. Ngọc Trinh diễn tròn vai hơn mong đợi.','2026-06-09 19:28:31',NULL,0,220),(41,23,19,5,'Phim siêu dễ thương và hài hước! Bé nhà mình cười suốt cả buổi, tạo hình mấy chú mèo con cưng xỉu.','2026-06-09 19:28:31',NULL,0,221),(42,24,18,5,'Ý tưởng đàn cừu đi phá án siêu độc lạ và thông minh. Dàn sao Hollywood lồng tiếng nghe cực kỳ giải trí!','2026-06-09 19:28:31',NULL,0,222),(43,25,18,4,'Phim trinh thám pha lẫn hài hước nhẹ nhàng, tình tiết thắt mở nút hợp lý, kỹ xảo mượt mà.','2026-06-09 19:28:31',NULL,0,223);
/*!40000 ALTER TABLE `movie_reviews` ENABLE KEYS */;
UNLOCK TABLES;

--
-- Table structure for table `moviecinemas`
--

DROP TABLE IF EXISTS `moviecinemas`;
/*!40101 SET @saved_cs_client     = @@character_set_client */;
/*!50503 SET character_set_client = utf8mb4 */;
CREATE TABLE `moviecinemas` (
  `cinema_id` int unsigned NOT NULL,
  `movie_id` int unsigned NOT NULL,
  PRIMARY KEY (`cinema_id`,`movie_id`),
  KEY `fk_movie_cinema_movie` (`movie_id`),
  CONSTRAINT `fk_movie_cinema_cinema` FOREIGN KEY (`cinema_id`) REFERENCES `cinemas` (`id`),
  CONSTRAINT `fk_movie_cinema_movie` FOREIGN KEY (`movie_id`) REFERENCES `movies` (`id`)
) ENGINE=InnoDB DEFAULT CHARSET=utf8mb4 COLLATE=utf8mb4_0900_ai_ci;
/*!40101 SET character_set_client = @saved_cs_client */;

--
-- Dumping data for table `moviecinemas`
--

LOCK TABLES `moviecinemas` WRITE;
/*!40000 ALTER TABLE `moviecinemas` DISABLE KEYS */;
/*!40000 ALTER TABLE `moviecinemas` ENABLE KEYS */;
UNLOCK TABLES;

--
-- Table structure for table `movies`
--

DROP TABLE IF EXISTS `movies`;
/*!40101 SET @saved_cs_client     = @@character_set_client */;
/*!50503 SET character_set_client = utf8mb4 */;
CREATE TABLE `movies` (
  `id` int unsigned NOT NULL AUTO_INCREMENT,
  `title` varchar(255) CHARACTER SET utf8mb4 COLLATE utf8mb4_unicode_ci NOT NULL,
  `description` text CHARACTER SET utf8mb4 COLLATE utf8mb4_unicode_ci,
  `duration` int NOT NULL,
  `release_date` date DEFAULT NULL,
  `director` varchar(100) CHARACTER SET utf8mb4 COLLATE utf8mb4_unicode_ci DEFAULT NULL,
  `cast` varchar(255) CHARACTER SET utf8mb4 COLLATE utf8mb4_unicode_ci DEFAULT NULL,
  `genre` varchar(100) CHARACTER SET utf8mb4 COLLATE utf8mb4_unicode_ci DEFAULT NULL,
  `language` varchar(50) CHARACTER SET utf8mb4 COLLATE utf8mb4_unicode_ci DEFAULT NULL,
  `poster_url` varchar(255) CHARACTER SET utf8mb4 COLLATE utf8mb4_unicode_ci DEFAULT NULL,
  `trailer_url` varchar(255) CHARACTER SET utf8mb4 COLLATE utf8mb4_unicode_ci DEFAULT NULL,
  `age_rating` varchar(255) CHARACTER SET utf8mb4 COLLATE utf8mb4_unicode_ci NOT NULL,
  `status` varchar(255) CHARACTER SET utf8mb4 COLLATE utf8mb4_unicode_ci DEFAULT NULL,
  `create_at` datetime DEFAULT NULL,
  `update_at` datetime DEFAULT NULL,
  `is_deleted` tinyint(1) DEFAULT '0',
  PRIMARY KEY (`id`)
) ENGINE=InnoDB AUTO_INCREMENT=31 DEFAULT CHARSET=utf8mb4 COLLATE=utf8mb4_unicode_ci;
/*!40101 SET character_set_client = @saved_cs_client */;

--
-- Dumping data for table `movies`
--

LOCK TABLES `movies` WRITE;
/*!40000 ALTER TABLE `movies` DISABLE KEYS */;
INSERT INTO `movies` VALUES (1,'Avengers: Endgame','Biệt đội Avengers tập hợp lần cuối để đảo ngược hậu quả từ cú búng tay của Thanos.',181,'2025-11-13','Anthony Russo, Joe Russo','','Action, Adventure, Sci-Fi','English','https://th.bing.com/th/id/OIP.AsVeA2uTH8DIHIezO_yDGAHaK-?w=119&h=180&c=7&r=0&o=7&dpr=2&pid=1.7&rm=3','https://www.youtube.com/embed/TcMBFSGVi1c','T13','now_showing','2026-03-09 00:57:25','2026-05-21 01:16:51',0),(2,'Spider-Man: No Way Home','Peter Parker phải đối mặt với hậu quả khi danh tính bị lộ và đa vũ trụ bị phá vỡ.',148,'2026-01-09','Jon Watts','Tom Holland, Zendaya, Benedict Cumberbatch','Action, Adventure, Fantasy','English','https://th.bing.com/th/id/OIP.jFWga73Vye9w2gQvqWJX6gHaLH?w=115&h=180&c=7&r=0&o=7&dpr=2&pid=1.7&rm=3','https://www.youtube.com/watch?v=JfVOs4VSpmA&t=18s','P','now_showing','2026-03-09 00:57:25','2026-03-08 18:03:04',0),(3,'Doraemon: Nobita and the Sky Utopia','Nobita và Doraemon phiêu lưu đến vương quốc trên bầu trời.',107,'2025-12-09','Takumi Doyama','Wasabi Mizuta, Megumi Ohara','Animation, Family, Fantasy','Japanese','https://th.bing.com/th/id/OIP.gvr7hO-OSR7Zbwf9-_w9RwHaHa?w=179&h=180&c=7&r=0&o=7&dpr=2&pid=1.7&rm=3','https://www.youtube.com/watch?v=Ol6Z_QR-OH8','P','now_showing','2026-03-09 00:57:25','2026-03-08 18:03:16',0),(4,'Godzilla x Kong: The New Empire','Godzilla và Kong đối đầu với mối đe dọa mới có thể hủy diệt thế giới.',115,'2026-02-12','Adam Wingard','Rebecca Hall, Brian Tyree Henry','Action, Sci-Fi','English','https://th.bing.com/th/id/OIP.OCOslhU1srFM_5vAPeUD5wHaLH?w=115&h=180&c=7&r=0&o=7&dpr=2&pid=1.7&rm=3','https://youtuhttps://www.youtube.com/watch?v=lV1OOlGwExM&t=17sbe.com/watch?v=example2','P','now_showing','2026-03-09 00:57:25','2026-03-08 18:03:25',0),(5,'Inside Out 2','Những cảm xúc mới xuất hiện trong tâm trí của Riley khi cô bước vào tuổi teen.',96,'2026-02-12','Kelsey Mann','Amy Poehler, Phyllis Smith','Animation, Comedy, Family','English','https://th.bing.com/th/id/OIP.s01urkcK6XmX5n-wjk3xpgHaK-?w=115&h=180&c=7&r=0&o=7&dpr=2&pid=1.7&rm=3','https://www.youtube.com/watch?v=VWavstJydZU','P','now_showing','2026-03-09 00:57:25','2026-03-08 18:03:36',0),(6,'THỎ ƠI!!','Phim “Thỏ ơi!!” dự kiến công chiếu trong dịp Tết 2026, thuộc thể loại hài, tâm lý sở trường của Trấn Thành, mang màu sắc trẻ trung với dàn diễn viên mới, tiếp nối tinh thần đem đến cho khán giả những điều vui vẻ, hài hước vào dịp Tết Nguyên đán.',127,'2026-02-17','Trấn Thành','Pháo; Lyly; Trấn Thành; Pháp Kiều; Gil Lê; Cris Phan; Ali Hoàng Dương; BB Trần; Đinh Ngọc Diệp','Tâm Lý','Tiếng Việt - Phụ đề Tiếng Anh','https://iguov8nhvyobj.vcdn.cloud/media/catalog/product/cache/1/image/c5f0a1eff4c394a251036189ccddaacd/t/o/to_poster_official_tiectet_3x4_fa.jpg','https://www.youtube.com/watch?v=aJOXdRSj91g','P','now_showing','2026-03-08 18:07:35',NULL,0),(7,'CẢM ƠN NGƯỜI ĐÃ THỨC CÙNG TÔI','Cảm Ơn Người Đã Thức Cùng Tôi là một hành trình cảm xúc của những người trẻ đi tìm đáp án cho câu hỏi “Ước mơ của bạn là gì?”, để rồi chính họ khi bước vào thế giới trưởng thành dần nhận ra câu hỏi quan trọng nhất là “Mình muốn thực hiện ước mơ đó cùng ai?”',137,'2026-02-27','Chung Chí Công','Võ Phan Kim Khánh, Trần Doãn Hoàng, Nguyễn Hùng','Gia đình, Tình cảm','Tiếng Việt','https://iguov8nhvyobj.vcdn.cloud/media/catalog/product/cache/1/image/c5f0a1eff4c394a251036189ccddaacd/m/a/main_condtct_cinema_low.jpg','https://www.youtube.com/watch?v=uf2oOeJ-Z3s&list=RDuf2oOeJ-Z3s&start_radio=1','P','now_showing','2026-03-08 18:08:43',NULL,0),(8,'BÁU VẬT TRỜI CHO','BÁU VẬT TRỜI CHO - bộ phim đa sắc cảm xúc, rực rỡ yêu thương, gắn kết gia đình Tết 2026. Ngọc (Phương Anh Đào) là mẹ đơn thân, có con nhờ thụ tinh nhân tạo từ tinh trùng hiến tặng. Trong chuyến đi biển để đổi gió và trốn chạy quá khứ, cô & Tô chạm mặt Hồng (Tuấn Trần) – chàng trai làng chài phóng khoáng, cũng chính là người góp phần tạo nên sự ra đời của Tô. Cuộc gặp gỡ tréo ngoe ấy kéo ba con người xa lạ vào hàng loạt tình huống dở khóc dở cười lẫn căng thẳng, khi mọi thứ bắt đầu vượt ngoài kế hoạch. Liệu người cha “trời cho” này là món quà bất ngờ của số phận, hay chỉ là một “trò chơi” oái oăm cuộc đời?',124,'2026-02-17','Lê Thanh Sơn','NSND Kim Xuân, Tuấn Trần, Phương Anh Đào, Võ Tấn Phát, Hưng Nguyễn, La Thành, Trung Dân, Khương Lê, Tạ Lâm, Quách Ngọc Ngoan, Chị Phiến, Thư Đan…','Gia đình, Hài, Tình cảm','Tiếng Việt - Phụ đề tiếng Anh','https://iguov8nhvyobj.vcdn.cloud/media/catalog/product/cache/1/image/c5f0a1eff4c394a251036189ccddaacd/4/7/470wx700h-bvtc_3.jpg','https://www.youtube.com/watch?v=dwfUi9SV5ss','P','now_showing','2026-03-08 18:10:04',NULL,0),(9,'KHÔNG CÒN CHÚNG TA','Jeong-won và Eun-ho yêu nhau chân thành và sâu đậm bằng những tất cả những gì họ có ở khoảng thời gian đẹp nhất của thanh xuân. Nhưng tình yêu của tuổi trẻ không tránh khỏi sự non nớt, bồng bột để rồi họ chọn rời xa nhau. Nhiều năm sau gặp lại, họ nhận ra: chính những tháng năm đã yêu và đã đau ấy đã giúp họ trưởng thành hơn, hiểu được tình yêu và biết cách yêu thương hơn. Chỉ tiếc rằng khi ấy, yêu thương này họ không dành cho nhau được nữa…',114,'2026-03-06','Kim Do-Young','Koo Kyo-hwan, Moon Ga-young, Suyeon Ji','Tâm Lý, Tình cảm','Tiếng Hàn – Phụ đề tiếng Việt','https://iguov8nhvyobj.vcdn.cloud/media/catalog/product/cache/1/image/c5f0a1eff4c394a251036189ccddaacd/4/7/470x700-us.jpg','https://www.youtube.com/watch?v=DltytoKP7Rg','P','now_showing','2026-03-08 18:11:24',NULL,0),(10,'MÙI PHỞ','Câu chuyện về sự xung đột thế hệ và những va chạm giữa quan niệm cũ và lối sống hiện đại, xoay quanh món Phở - biểu tượng ẩm thực Việt. Đằng sau những mâu thuẫn và tranh cãi ấy, từng bí mật dần được hé lộ, mở ra hành trình tìm lại sự ấm áp của tình thân qua những tình tiết hài hước, dí dỏm và đầy duyên dáng.',111,'2026-02-17','Minh Beta','Xuan Hinh - Thu Trang - Thanh Thanh Hien - Quoc Tuan - Bao Nam - Ha Huong - Thanh Huong - Chu Manh Cuong - Tien Loc','Gia đình, Hài','Tiếng Việt','https://iguov8nhvyobj.vcdn.cloud/media/catalog/product/cache/1/image/c5f0a1eff4c394a251036189ccddaacd/3/5/350x495-muipho.jpg','https://www.youtube.com/watch?v=7L5qkIkkcY8','P','now_showing','2026-03-08 18:12:54',NULL,0),(11,'TỘI PHẠM 101','Lấy bối cảnh thành phố Los Angeles đầy nắng và bụi đường, Tội Phạm 101 kể về một tên trộm nữ trang bí ẩn (Chris Hemsworth) với hàng loạt phi vụ táo bạo khiến cảnh sát phải đau đầu. Trong lúc chuẩn bị cho phi vụ lớn nhất của mình, hắn gặp gỡ một nữ nhân viên bảo hiểm (Halle Berry), người cũng đang vật lộn với những lựa chọn trong đời mình. Trong khi đó, một thanh tra (Mark Ruffalo) đã tìm ra quy luật trong chuỗi các vụ án và đang ráo riết truy đuổi tên trộm, khiến cuộc chơi trở nên căng thẳng hơn bao giờ hết. Khi phi vụ định mệnh đến gần, ranh giới giữa kẻ săn đuổi và con mồi dần trở nên mờ nhạt và cả ba buộc phải đối mặt với những lựa chọn khó khăn và không còn cơ hội để quay đầu lại. Bộ phim được chuyển thể từ tiểu thuyết ngắn nổi tiếng cùng tên của Don Winslow, do Bart Layton (tác giả của American Animals, The Imposter) viết kịch bản và đạo diễn. Dàn diễn viên có sự tham gia của Barry Keoghan, Monica Barbaro, Corey Hawkins, Jennifer Jason Leigh và Nick Nolte.',129,'2026-03-13','Bart Layton','Chris Hemsworth, Mark Ruffalo, Halle Berry, Barry Keoghan, Monica Barbaro, Corey Hawkins, Jennifer Jason Leigh, Nick Nolte','Hồi hộp, Tội phạm','Tiếng Anh - Phụ đề Tiếng Việt','https://iguov8nhvyobj.vcdn.cloud/media/catalog/product/cache/1/image/c5f0a1eff4c394a251036189ccddaacd/p/o/poster-crime.jpg','https://www.youtube.com/watch?v=TxY9GfEEMOI&t=2s','P','coming_soon','2026-03-08 18:14:09',NULL,0),(12,'CÔ DÂU!','Một cách tiếp cận táo bạo, phá vỡ mọi khuôn mẫu đối với một trong những câu chuyện hấp dẫn nhất thế giới. Bộ phim theo chân Frankenstein cô đơn (do Chrisitian Bale thủ vai) lên đường đến Chicago những năm 1930 để tìm đến nhà khoa học Dr. Euphronious (Annette Bening – 5 lần đề cử Oscar thủ vai), với hy vọng bà có thể tạo ra một người bạn đồng hành cho mình. Cả hai hồi sinh một cô gái trẻ đã bị sát hại, và Cô Dâu (Buckley thủ vai) đã ra đời. Những gì xảy ra sau đó đã vượt xa mọi tưởng tượng của họ: những vụ giết người, sự chiếm hữu, một phong trào văn hóa hoang dại và cấp tiến cũng như mối tình ngoài vòng pháp luật đầy cuồng nhiệt và bùng nổ!',126,'2026-03-13','Maggie Gyllenhaal','Jake Gyllenhaal, Christian Bale, Jessie Buckley,…','Kinh Dị, Nhạc kịch, Tình cảm','Tiếng Anh – phụ đề tiếng Việt','https://iguov8nhvyobj.vcdn.cloud/media/catalog/product/cache/1/image/c5f0a1eff4c394a251036189ccddaacd/m/a/main_poster_co_dau_1_final.jpg','https://www.youtube.com/watch?v=HYIOdcSGON4','P','coming_soon','2026-03-08 18:15:36',NULL,0),(13,'TIẾNG THÉT 7','Sidney Evans (Neve Campbell), nạn nhân sống sót của một vụ thảm sát nhiều năm trước, giờ đang sống hạnh phúc cùng chồng và con gái ở một thị trấn khác thì tên sát nhân Ghostface mới lại xuất hiện. Những nỗi sợ hãi đen tối nhất của cô trở thành hiện thực khi con gái cô Tatum Evans (Isabel May) trở thành mục tiêu tiếp theo. Quyết tâm bảo vệ gia đình, Sidney buộc phải đối mặt với những kinh hoàng trong quá khứ để chấm dứt cuộc đổ máu một lần và mãi mãi.',144,'2026-03-20','Kevin Williamson','Neve Campbell, Isabel May, Mckenna Grace, Courteney Cox, etc.','Bí ẩn, Kinh Dị','Tiếng Anh - Phụ đề Tiếng Việt','https://iguov8nhvyobj.vcdn.cloud/media/catalog/product/cache/1/image/c5f0a1eff4c394a251036189ccddaacd/s/c/sc7_burnposter_470x700.jpg','https://www.youtube.com/watch?v=4g8OciWNJn4','P','coming_soon','2026-03-08 18:18:35',NULL,0),(14,'THOÁT KHỎI TẬN THẾ','Ryland Grace một giáo viên khoa học nhận ra anh chính là hy vọng cuối cùng của Trái Đất. Nhiệm vụ của anh: cứu lấy Mặt Trời khỏi một sinh thể bí ẩn đang hút cạn năng lượng ánh sáng, đẩy cả hệ Mặt Trời vào bóng tối vĩnh viễn. Nếu thất bại, sự sống trên Trái Đất sẽ lụi tàn theo ánh sáng cuối cùng của mặt trời. Giữa không gian vũ trụ cô độc và áp lực của thời gian đang cạn dần, mọi phép tính, mọi quyết định của anh đều gánh trên vai số phận của toàn nhân loại. Nhưng trong hành trình tưởng chừng chỉ có một mình giữa khoảng không vô tận ấy, một tình bạn bất ngờ với một sinh vật ngoài hành tinh đã xuất hiện. Và có lẽ, để cứu Trái Đất, anh sẽ không phải chiến đấu một mình.',111,'2026-03-20','Phil Lord, Christopher Miller','Ryan Gosling, Liz Kingsman, Milana Vayntrub, Sandra Hüller','Khoa Học Viễn Tưởng, Phiêu Lưu','Tiếng Anh - Phụ đề Tiếng Việt','https://iguov8nhvyobj.vcdn.cloud/media/catalog/product/cache/1/image/c5f0a1eff4c394a251036189ccddaacd/3/5/350x495-mary.jpg','https://www.youtube.com/embed/ZhyHDNbxfcY','P','coming_soon','2026-03-08 18:19:49','2026-05-21 01:21:15',0),(15,'CHÚNG SẼ ĐOẠT MẠNG','Đến từ New Line Cinema và Nocturna, CHÚNG SẼ ĐOẠT MẠNG (tựa gốc: THEY WILL KILL YOU) là một tác phẩm kinh dị - hành động - hài hước đẫm máu và đầy kịch tính xoay quanh cuộc chiến sống còn của một người phụ nữ tại tòa nhà xa hoa The Virgil - hang ổ của một giáo phái ma quỷ. Khi màn đêm buông xuống, những cạm bẫy được giăng ra, kẻ không thể sống sót sẽ trở thành vật tế tiếp theo. Một trận chiến chết chóc mãn nhãn cùng phong cách hài đen đầy mê hoặc sẽ sớm bắt đầu trên màn ảnh rộng.',136,'2026-03-27','Kirill Sokolov','Zazie Beetz, Myha’La, Paterson Joseph, Tom Felton, Heather Graham, Patricia Arquette,...','Hài, Hành Động, Kinh Dị','Tiếng Anh – Phụ đề Tiếng Việt','https://iguov8nhvyobj.vcdn.cloud/media/catalog/product/cache/1/image/c5f0a1eff4c394a251036189ccddaacd/v/n/vn_twky_vert_main_2764x4096_intl.jpg','https://www.youtube.com/watch?v=N-_NK612uH8','P','coming_soon','2026-03-08 18:21:24',NULL,0),(16,'PHIM SHIN - CẬU BÉ BÚT CHÌ: QUẬY TUNG! VƯƠNG QUỐC NGUỆCH NGOẠC VÀ 4 DŨNG SĨ BẤT ỔN','Bộ phim xoay quanh một vương quốc lơ lửng mang tên Rakuga, tồn tại nhờ nguồn năng lượng đến từ những nét vẽ của con người. Nhưng khi thế giới loài người dần đánh mất sự sáng tạo, Rakuga đứng bên bờ sụp đổ. Giữa thời khắc hỗn loạn, Shin vô tình nắm giữ cây bút chì màu kỳ diệu – có thể biến mọi hình vẽ thành hiện thực. Từ những nét vẽ ngây ngô nhất, bốn “vị anh hùng bất ổn” ra đời, đồng hành cùng cậu trong chuyến phiêu lưu vừa hài hước vừa kịch tính. Khi ranh giới giữa tưởng tượng và thực tại bị xóa nhòa, Shin không chỉ chiến đấu để cứu một vương quốc, mà còn để bảo vệ điều quý giá nhất: khả năng mơ mộng và sáng tạo của trẻ em.',104,'2026-05-03','Masakazu Hashimoto',' Akiko Yajima Shin Yumiko Kobayashi, Miki Narahashi,Toshiyuki Morikawa','Hài, Hoạt hình, Gia đình','Tiếng Nhật - Phụ Đề Tiếng Việt','https://upload.wikimedia.org/wikipedia/en/8/8e/Rakuga_kingdom_poster.jpg','https://www.youtube.com/watch?v=-dTuXbxiNcc','P',NULL,'2026-05-13 15:24:07','2026-05-21 00:00:20',0),(17,'MORTAL KOMBAT: CUỘC CHIẾN SINH TỬ II (T18)','Hãng phim New Line Cinema, phần tiếp theo đầy kịch tính trong loạt phim bom tấn chuyển thể từ trò chơi điện tử đình đám – Mortal Kombat II – trở lại với tất cả sự tàn bạo vốn có. Lần này, những nhà vô địch được yêu thích – nay có sự góp mặt của chính Johnny Cage – sẽ đối đầu với nhau trong trận chiến đẫm máu, không khoan nhượng, nhằm đánh bại thế lực đen tối của Shao Kahn đang đe dọa đến sự tồn vong của Earthrealm và các chiến binh bảo vệ nó.',116,'2026-05-13',' Simon McQuoid',' Karl Urban, Adeline Rudolph, Jessica McNamee, Josh Lawson, Ludi Lin, Mehcad Brooks, Tati Gabrielle, Lewis Tan,..','Hành Động, Phiêu Lưu, Thần thoại',' Tiếng Anh - Phụ Đề Tiếng Việt','https://starlight.vn/Areas/Admin/Content/Fileuploads/images/POSTER2026/motal%20kombat.jpg','https://www.youtube.com/watch?v=_UYoxtVTKEI','P',NULL,'2026-05-13 15:39:07','2026-05-13 15:39:07',0),(18,'ĐỘI THÁM TỬ CỪU','Đội Thám Tử Cừu: Án Mạng Lúc Nửa Đêm, phim trinh thám mới nhất quy tụ dàn sao Hollywood bom tấn để cùng giải mã bí ẩn cái chết của một thợ chăn cừu. Khi George đột ngột bị sát hại tại trang trại, cảnh sát địa phương tỏ ra bất lực trong việc tìm hung thủ. Đàn cừu quyết định tự mình thực hiện cuộc điều tra, sử dụng những kiến thức đã học được để lật tẩy kẻ thủ ác và bảo vệ trang trại.',109,'2026-05-13',' Kyle Balda',' Hugh Jackman, Emma Thompson, Nicholas Braun, Nicholas Galitzine, Molly Gordon. Hong Chau, Tosin Cole, Kobna Holdbrook-Smith, Conleth Hill, Mandeep Dhillon, Bryan Cranston, Julia Louis-Dreyfus, Patrick Stewart','Hài, Hành động, Bí ẩn',' Tiếng Anh - Phụ Đề Tiếng Việt','https://dcine.vn/Areas/Admin/Content/Fileuploads/images/doithamtucuuPoster.jpg','https://www.youtube.com/watch?v=7wU_SB2HTaY','P',NULL,'2026-05-13 15:44:50','2026-05-13 15:44:50',0),(19,'MÈO SIÊU QUẬY Ở VIỆN BẢO TÀNG 2: ĐẠI NÁO KIM TỰ THÁP','Hai năm đã trôi qua kể từ khi bảo tàng Hermitage được giải cứu thành công, còn bức tranh Mona Lisa bị đánh cắp. Chú chuột Maurice vẫn luôn mơ mộng về những cuộc phiêu lưu mới, trong khi cặp đôi Vincent và Cleopatra đã có thêm hai chú mèo con hiếu động và cũng đang khao khát những chuyến hành trình đầy thú vị',90,'2026-05-13',' Vasiliy Rovenskiy',' Roman Kurtsyn, Snezhana Samokhina, Diomid Vinogradov,...','Hài, Hành động, Hoạt hình',' Tiếng Anh - Phụ Đề Tiếng Việt','https://iguov8nhvyobj.vcdn.cloud/media/catalog/product/cache/1/image/1800x/71252117777b696995f01934522c402d/p/o/poster_payoff_cats_in_the_museum.jpg','https://www.youtube.com/watch?v=gG5QWGk5ZF4','P',NULL,'2026-05-13 15:51:42','2026-05-13 15:51:42',0),(20,'THẨM MỸ VIỆN ÂM PHỦ','Bộ phim xoay quanh Thanh (Ngọc Trinh), một nữ bác sĩ trẻ dấn thân vào thẩm mỹ viện biệt lập và kỳ quái để tìm cách cứu người yêu đang hôn mê. Tại đây, cô được bà Xuân (Xuân Lan) - chủ cơ sở, dẫn dắt vào những ca phẫu thuật thay đổi diện mạo đầy bí ẩn và nhuốm màu tà thuật. Thanh dần phát hiện mình là vật hiến tế trong một nghi thức mang tên “đi thiếp”. Những hiện tượng siêu nhiên và cơn ác mộng liên tục xuất hiện, xóa nhòa ranh giới giữa sự sống và cái chết. Cô buộc phải đối mặt với thế lực hắc ám để giành lại quyền kiểm soát số phận của chính mình.',97,'2026-05-13','  Nguyễn Hữu Hoàng','','Kinh dị','Tiếng Việt','https://iguov8nhvyobj.vcdn.cloud/media/catalog/product/cache/1/image/c5f0a1eff4c394a251036189ccddaacd/4/7/470wx700h-tmv.jpg','https://www.youtube.com/embed/puIIHiE8OOE','T18','now_showing','2026-05-13 16:03:22','2026-05-21 01:17:03',0),(21,'LÚC ĐÓ TÔI ĐÃ CHUYỂN SINH THÀNH SLIME: NƯỚC MẮT ĐẠI DƯƠNG','Lúc đó tôi đã chuyển sinh thành Slime: Nước Mắt Đại Dương là phần phim điện ảnh thứ 2 thuộc franchise anime nổi tiếng Lúc đó tôi đã chuyển sinh thành Slime. Lấy bối cảnh sau Lễ hội Khai quốc Tempest, Rimuru cùng những người bạn đồng hành quyết định ghé thăm một khu nghỉ dưỡng sang trọng do Elmesia, người đứng đầu Đế chế Pháp Thuật Sarion, cai quản, để tận hưởng thời gian thư giãn hiếm hoi sau những biến cố. Tuy nhiên, chuyến nghỉ dưỡng nhanh chóng bị xáo trộn khi nhân vật bí ẩn tên Yura xuất hiện, kéo theo một chuỗi những sự kiện bí ẩn và mối nguy đang âm thầm trỗi dậy dưới đại dương.',105,'2026-05-20','Yasuhito Kikuchi','Miho Okasaki, Mao Ichimichi, Tomoaki Maeno, Makoto Furukawa, Sayaka Senbongi','Hoạt Hình','Tiếng Nhật - Phụ đề Tiếng Việt','https://media.lottecinemavn.com/Media/MovieFile/MovieImg/202604/12179_203_100001.jpg','https://www.youtube.com/watch?v=Ixu8jbrhqnU','P',NULL,'2026-05-20 12:21:11','2026-05-20 12:21:11',0),(22,'LÚC ĐÓ TÔI ĐÃ CHUYỂN SINH THÀNH SLIME: NƯỚC MẮT ĐẠI DƯƠNG','Lúc đó tôi đã chuyển sinh thành Slime: Nước Mắt Đại Dương là phần phim điện ảnh thứ 2 thuộc franchise anime nổi tiếng Lúc đó tôi đã chuyển sinh thành Slime. Lấy bối cảnh sau Lễ hội Khai quốc Tempest, Rimuru cùng những người bạn đồng hành quyết định ghé thăm một khu nghỉ dưỡng sang trọng do Elmesia, người đứng đầu Đế chế Pháp Thuật Sarion, cai quản, để tận hưởng thời gian thư giãn hiếm hoi sau những biến cố. Tuy nhiên, chuyến nghỉ dưỡng nhanh chóng bị xáo trộn khi nhân vật bí ẩn tên Yura xuất hiện, kéo theo một chuỗi những sự kiện bí ẩn và mối nguy đang âm thầm trỗi dậy dưới đại dương.',105,'2026-05-20','Yasuhito Kikuchi','Miho Okasaki, Mao Ichimichi, Tomoaki Maeno, Makoto Furukawa, Sayaka Senbongi','Hoạt Hình','Tiếng Nhật - Phụ đề Tiếng Việt','https://media.lottecinemavn.com/Media/MovieFile/MovieImg/202604/12179_203_100001.jpg','https://www.youtube.com/watch?v=Ixu8jbrhqnU','P',NULL,'2026-05-20 14:54:21','2026-05-20 14:55:17',1),(23,'test them phim','anc',222,'2026-05-21','teest','abc','Gia đình','Tiếng Anh','','','T13','coming_soon','2026-05-21 21:32:14','2026-05-21 21:32:20',1),(24,'123','442tvgsdrwjkrh',11,'2026-05-23','124','2222e','Phiêu lưu','Tiếng Anh','ee','e','T13','coming_soon','2026-05-23 11:14:55','2026-05-23 11:15:06',1),(25,'123','1',11,'2026-05-25','12','11','Phiêu lưu','Tiếng Anh','','','T13','coming_soon','2026-05-25 11:02:08','2026-05-30 00:41:35',1),(26,'123','ê',133,'2026-05-31','1234','ê','Hành động','Tiếng Anh','','','T13','coming_soon','2026-05-31 15:29:05','2026-05-31 21:03:14',1),(27,'ww','eww',-103,'2026-05-31','ư','','Gia đình','Tiếng Anh','e','e','T13','coming_soon','2026-05-31 21:00:41','2026-06-01 10:46:01',1),(28,'','db',2,'2026-05-24','d','','Phiêu lưu','Tiếng Anh','','','T13','coming_soon','2026-05-31 21:07:14','2026-06-09 13:39:59',1),(29,'','',140,'2026-05-15','Chayanop Boonprakob - Baz Poonpiriya - Atta Hemwadee','','','Tiếng Việt','','','T13','coming_soon','2026-06-01 14:38:00','2026-06-04 11:24:43',1),(30,'1','',22,'2026-06-06','2','2','Tình cảm','Tiếng Anh','','','T13','coming_soon','2026-06-05 02:01:59','2026-06-05 02:03:42',1);
/*!40000 ALTER TABLE `movies` ENABLE KEYS */;
UNLOCK TABLES;

--
-- Table structure for table `news`
--

DROP TABLE IF EXISTS `news`;
/*!40101 SET @saved_cs_client     = @@character_set_client */;
/*!50503 SET character_set_client = utf8mb4 */;
CREATE TABLE `news` (
  `id` int unsigned NOT NULL AUTO_INCREMENT,
  `title` varchar(1000) CHARACTER SET utf8mb4 COLLATE utf8mb4_unicode_ci NOT NULL,
  `content` text CHARACTER SET utf8mb4 COLLATE utf8mb4_unicode_ci NOT NULL,
  `image_url` varchar(2000) CHARACTER SET utf8mb4 COLLATE utf8mb4_unicode_ci DEFAULT NULL,
  `create_at` datetime DEFAULT NULL,
  `update_at` datetime DEFAULT NULL,
  `is_deleted` tinyint(1) DEFAULT '0',
  PRIMARY KEY (`id`)
) ENGINE=InnoDB AUTO_INCREMENT=16 DEFAULT CHARSET=utf8mb4 COLLATE=utf8mb4_unicode_ci;
/*!40101 SET character_set_client = @saved_cs_client */;

--
-- Dumping data for table `news`
--

LOCK TABLES `news` WRITE;
/*!40000 ALTER TABLE `news` DISABLE KEYS */;
INSERT INTO `news` VALUES (1,'Nhận mã giảm giá 20% nhân ngày mùng 8/3','Nhận mã giảm giá 20% nhân ngày mùng 8/3','https://th.bing.com/th/id/OIP.7kc5p4BCZKdq65yiZ0-cWAHaHa?w=181&h=180&c=7&r=0&o=7&dpr=2&pid=1.7&rm=3','2026-03-09 00:20:34','2026-03-09 00:20:34',0),(2,'CHƯƠNG TRÌNH CÔ DÂU THE BRIDE & CHÚ RỂ FRANKENSTEIN TẶNG HOA NHÂN NGÀY QUỐC TẾ PHỤ NỮ 8/3','1. Thời gian và địa điểm áp dụng\n\n- Thời gian: 07/03/2026 – 08/03/2026\n\n- Khung giờ: 18:00 – 21:00\n\n- Địa điểm:\n\n+ TP. HCM: CGV Sư Vạn Hạnh\n\n+ HÀ NỘI: CGV Vincom Royal City\n\n\n2. Thời gian và địa điểm áp dụng\n\n- Trong khung giờ diễn ra chương trình, 02 người hóa trang thành nhân vật Cô Dâu và Frankenstein (hoặc nhân viên của đơn vị tổ chức) sẽ xuất hiện tại khu vực sảnh rạp để giao lưu và chụp hình cùng khách.\n\n- Người hóa trang sẽ phát ngẫu nhiên hoa hồng (được bọc trong giấy gói đen và có thẻ ghi chú thông tin về ngày khởi chiếu & QR code dẫn đến trailer phim) cho các khách hàng nữ có mặt tại sảnh rạp, nhằm hưởng ứng Ngày Quốc Tế Phụ Nữ 8/3.\n\n- Lưu ý: sự kiện có chụp ảnh/ghi hình.\n\n\n3. Cơ chế tham gia\n\n- Không yêu cầu mua vé.\n\n- Không yêu cầu xuất trình vé hoặc đăng ký trước.\n\n- Quà tặng được phát ngẫu nhiên cho khách (ưu tiên khách hàng nữ hoặc các nhóm có bạn nữ đi chung) có mặt tại sảnh trong thời gian chạy hoạt động.\n\n- Mỗi khách nhận tối đa 01 bông hoa, tùy theo số lượng quà thực tế.\n\n\n4. Trách nhiệm triển khai\n\n- Chương trình do đơn vị sản xuất/đối tác phụ trách tổ chức và vận hành.\n\n- Rạp chỉ hỗ trợ về mặt địa điểm theo phạm vi cho phép và phối hợp đảm bảo hoạt động không ảnh hưởng đến vận hành chung.\n\n- Rạp không chịu trách nhiệm phát quà hoặc xử lý khiếu nại liên quan đến quà tặng của chương trình.\n\n\n5. Lưu ý\n\n- Hoạt động chỉ diễn ra tại khu vực sảnh rạp và trong đúng khung giờ nêu trên.\n\n- Số lượng quà có hạn và có thể kết thúc sớm khi phát hết.\n\n','https://iguov8nhvyobj.vcdn.cloud/media/wysiwyg/2026/022026/350x495_36_.jpg','2026-03-09 00:21:16','2026-03-09 00:21:16',0),(3,'SELF LOVE: YÊU MÌNH MỘT CHÚT!!!','Trong tháng 3 này, CGVxCoca-Cola mang đến một món quà với thông điệp yêu thương.\n\nSelf-love - không dành riêng cho ai, không cần lý do đặc biệt, chỉ đơn giản là:\n\nChọn bộ phim mình thích mà không cần chờ ai rủ.\n\nTự thưởng một combo bắp nước thật “đã”.\n\nTặng cho bản thân một món quà nhỏ nhưng đầy ý nghĩa.\n\n\nTẶNG TÚI TOTE “SELF LOVE”\n\nKhi mua hóa đơn bắp nước trị giá từ 219.000đ\n\n(bao gồm ít nhất 01 sản phẩm Coca-Cola)\n\n\n1. Áp dụng:  từ ngày 28/02/2026 đến 15/03/2026, tại tất cả các cụm rạp CGV trên toàn quốc.\n\n\n2. Điều kiện và điều khoản:\n\n- Chỉ áp dụng cho các giao dịch mua bắp nước trị giá từ 219.000đ, từ ngày 28/02/2026 đến hết ngày 15/03/2026\n\n- Hóa đơn mua bắp nước phải có ít nhất 01 sản phẩm Coca-cola thì hợp lệ\n\n- Không áp dụng cho giao dịch mua CGV TẾT BOTTLE COMBO – Bình Xuân Bính Ngọ\n\n- Áp dụng cho giao dịch online và offline tại tất cả cụm rạp CGV.\n\n- Khách hàng mua giao dịch tại rạp nào , nhận quà tặng tại rạp đó và nhận cùng thời điểm nhận bắp nước\n\n- Được áp dụng lũy tiến và áp dụng đồng thời với các chương trình khuyến mãi khác .\n\n- Không áp dụng tách hoặc gộp giá trị hóa đơn dưới mọi hình thức\n\n- Không áp dụng chương trình cho các hình thức thanh toán giao dịch bằng CGVian hoặc CJ Membership.\n\n- Số lượng quà tặng có giới hạn , chương trình có thể kết thúc sớm ngay khi hết hàng\n\n','https://iguov8nhvyobj.vcdn.cloud/media/wysiwyg/2026/022026/SELF_LOVE_N_O_350x495.png','2026-03-09 00:22:18','2026-03-09 00:22:18',0),(4,'HOPPERS COMBO','Chiếc ly lấy cảm hứng từ siêu phẩm hoạt hình mới nhất, vui nhộn nhất của nhà DISNEY/ PIXAR – HOPPERS, chính thức ra mắt tại CGV!\n\n- Thiết kế ly 2 lớp trong suốt độc đáo, nổi bật với tone vàng cực bắt mắt.\n\n- Phần nắp cầu trong suốt kèm figure nhân vật Mable dễ thương sống động\n\n- Phần đế ly có thêm nhân vật Thằn lằn Tom bên trong, tạo hình 3D cực xịn.\n\n- Dung tích: 16oz\n\n- Chất liệu: Nhựa PP bền, nhẹ, không BPA an toàn khi sử dụng thực phẩm, nắp kín kèm ống hút.\n\n\nThông tin sản phẩm:\n\nMở bán từ ngày 06/03/2026 - Online & Offline tại các cụm rạp CGV trên toàn quốc.\n\n\nHOPPERS COMBO – 259.000Đ\n\n01 Ly Hoppers\n\n01 Bắp ngọt & 01 Coca-Cola\n\n\nHOPPERS FAMILY COMBO – 499.000Đ\n\n02 Ly Hoppers\n\n02 Bắp ngọt & 02 Coca-Cola\n\n\nMua trực tiếp tại rạp hoặc đặt mua tại CGV Store/ mua cùng lúc với vé online trên ứng dụng CGV Cinemas.','https://iguov8nhvyobj.vcdn.cloud/media/wysiwyg/2026/022026/HOPPERS_N_O_350x495.jpg','2026-03-09 00:22:56','2026-03-09 00:22:56',0),(5,'CÙNG FUZE TEA BẮT TRỌN TỪNG KHOẢNH KHẮC','1. NỘI DUNG CHƯƠNG TRÌNH\n\n- Khách hàng mua từ 01 Combo bắp nước bất kì từ 149.000Đ bao gòm 01 Fuzetea 22Oz, nhận ngay 01 lượt chụp/in ảnh tại photobooth CGV de Photo\n\n\n2. THỜI GIAN DIỄN RA CHƯƠNG TRÌNH:\n\n- Áp dụng cho các giao dịch được thực hiện từ 18/07/2025 – cho đến khi có thông báo mới\n\n\n3. ĐỊA ĐIỂM ÁP DỤNG:\n\nÁp dụng cho các cụm rạp:\n\n- CGV Vivo City\n\n\n4. ĐIỀU KIỆN VÀ ĐIỀU KHOẢN:\n\n- Áp dụng cho khách hàng mua từ 01 Combo bắp nước bất kì từ 149.000Đ bao gòm 01 Fuzetea 22Oz\n\n- Áp dụng cho các giao dịch được thực hiện từ 18/07/2025 – cho đến khi có thông báo mới.\n\n- Khách hàng nhận lượt chụp hoặc in ảnh tại thời điểm hoàn thành giao dịch mua bắp nước. Coupon có giá trị trong ngày.\n\n- Được áp dụng tích luỹ trong cùng 1 giao dịch, ví dụ mua 01 Combo bắp nước bất kì từ 149.000Đ bao gồm 01 Fuzetea 22Oz nhận được 01 lượt chụp/in, 02 Combo bắp nước bất kì từ 149.000Đ bao gồm 01 Fuzetea 22Oz nhận được 02 lượt chụp/in,... .Không được gộp vé để áp dụng chương trình.\n\n- Mỗi giao dịch hợp lệ chỉ được áp dụng nhận quà 1 lần.\n\n- Không giới hạn số lượt tham gia của khách hàng nếu khách có giao dịch thoả điều kiện.\n\n- Số lượng phần quà có hạn, chương trình có thể kết thúc trước thời hạn nếu đã hết số lượng quà tặng.\n\n\n5. KHÔNG ÁP DỤNG:\n\n- CGVian, CJ Membership.\n\n- Sử dụng điểm thưởng CGV quy đổi thành vé 0Đ.\n\n- Không áp dụng đồng thời các CTKM khác.\n\n\n6. HƯỚNG DẪN SỬ DỤNG COUPON THANH TOÁN TẠI PHOTOBOOTH – CGV de Photo.\n\nTại màn hình thanh toán:\n\n- Chọn hình thức thanh toán: Coupon\n\n- Nhập mã/ Scan số Coupon bên dưới\n\n- Chọn Thanh toán và tiếp tục chụp/in hình','https://iguov8nhvyobj.vcdn.cloud/media/wysiwyg/2025/072025/2025_PTB_Fuze_Tea_AW_N_O_350x495.png','2026-03-09 00:24:09','2026-03-09 00:24:09',0),(6,'BẮP LẮC MASITA','1. Thời gian mở bán: Từ ngày 15.03.2025.\n\n\n2. Thông tin sản phẩm:\n\n\nLần đầu tiên tại CGV, sự kết hợp hoàn toàn mới giữa bắp thơm lừng và snack_Combo nhân đôi sự giòn tan chắc chắn sẽ khiến các tín đồ ăn vặt không thể bỏ lỡ.\n\n\n3. Danh sách cụm rạp mở bán: Sản phẩm được bán tại các cụm rạp trên toàn quốc.\n\n','https://iguov8nhvyobj.vcdn.cloud/media/wysiwyg/2025/032025/Masita_N_O_350x495.png','2026-03-09 00:24:55','2026-03-09 00:24:55',0),(7,'jhhdhdhdhjjj','1333','https://i1-kinhdoanh.vnecdn.net/2026/04/13/aeon-hue-1776048721-6182-1776048816.jpg?w=680&h=0&q=100&dpr=2&fit=crop&s=ohSnOTPvUrrYXPeymu51Ug','2026-05-23 11:18:46','2026-05-23 11:18:46',0),(8,'test tin tức','sss','https://i1-kinhdoanh.vnecdn.net/2026/04/13/aeon-hue-1776048721-6182-1776048816.jpg?w=680&h=0&q=100&dpr=2&fit=crop&s=ohSnOTPvUrrYXPeymu51Ug','2026-05-23 23:09:34','2026-05-23 23:09:34',0),(9,'test','1234567890','https://i1-kinhdoanh.vnecdn.net/2026/04/13/aeon-hue-1776048721-6182-1776048816.jpg?w=680&h=0&q=100&dpr=2&fit=crop&s=ohSnOTPvUrrYXPeymu51Ug','2026-05-23 23:15:33','2026-05-23 23:15:33',0),(10,'1222','123','https://www.bing.com/th/id/OIP.SWPK7Xf1HITPIPtNbrM6egHaEo?w=193&h=135&c=8&rs=1&qlt=90&o=6&dpr=2&pid=3.1&rm=2','2026-05-31 12:01:21','2026-05-31 12:01:21',0),(11,'Spider man','<span style=\"display:none\">[Review phim]</span>s','https://placehold.co/640x360/1a1a2e/e5b85c?text=CinemaBook','2026-05-31 12:07:41','2026-05-31 14:03:14',0),(12,'Piece, Naruto hay Doraemon không chỉ là những anime nổi tiếng mà còn trở thành một phần văn hóa Nhật Bản','<span style=\"display:none\">[Tin tức]</span>Doraemon, Dragon Ball và các tượng đài anime được dự đoán vẫn tồn tại sau 50 năm','https://img-s-msn-com.akamaized.net/tenant/amp/entityid/AA244Pn3.img?w=768&h=432&m=6','2026-05-31 12:43:12','2026-05-31 14:03:28',0),(13,'<span style=\"display:none\">[Khuyến mãi]</span>fdgshsswshhhttff','12455','https://i1-kinhdoanh.vnecdn.net/2026/04/13/aeon-hue-1776048721-6182-1776048816.jpg?w=680&h=0&q=100&dpr=2&fit=crop&s=ohSnOTPvUrrYXPeymu51Ug','2026-06-03 17:16:12','2026-06-03 17:16:12',0),(14,'<span style=\"display:none\">[Khuyến mãi]</span>11','11111','https://placehold.co/640x360/1a1a2e/e5b85c?text=CinemaBook','2026-06-03 17:20:57','2026-06-03 17:20:57',0),(15,'Phim “Mưa đỏ” đối đầu “Tử chiến trên không”','<span style=\"display:none\">[Tin tức]</span>Dân trí - Hai bộ phim Việt ăn khách nhất 2025 đến từ Điện ảnh Quân đội Nhân dân và Điện ảnh Công an Nhân dân, sẽ cùng tranh giải tại Liên hoan phim châu Á Đà Nẵng lần thứ IV (DANAFF IV).Thông tin được Ban tổ chức DANAFF IV công bố tại cuộc họp báo ngày 3/6.','https://cdnphoto.dantri.com.vn/9AjmNpjcX4L_QYFdFqEslSn4yrw=/thumb_w/1360/2026/06/03/steven-nguyen-cropped-1780499426440.jpg','2026-06-04 16:08:58','2026-06-04 16:14:02',0);
/*!40000 ALTER TABLE `news` ENABLE KEYS */;
UNLOCK TABLES;

--
-- Table structure for table `password_resets`
--

DROP TABLE IF EXISTS `password_resets`;
/*!40101 SET @saved_cs_client     = @@character_set_client */;
/*!50503 SET character_set_client = utf8mb4 */;
CREATE TABLE `password_resets` (
  `id` int unsigned NOT NULL AUTO_INCREMENT,
  `email` varchar(50) CHARACTER SET utf8mb4 COLLATE utf8mb4_unicode_ci NOT NULL,
  `token` varchar(255) CHARACTER SET utf8mb4 COLLATE utf8mb4_unicode_ci NOT NULL,
  `expires_at` datetime NOT NULL,
  `created_at` datetime NOT NULL DEFAULT CURRENT_TIMESTAMP,
  PRIMARY KEY (`id`),
  KEY `password_resets_email_idx` (`email`),
  KEY `password_resets_token_idx` (`token`),
  KEY `password_resets_expires_at_idx` (`expires_at`)
) ENGINE=InnoDB AUTO_INCREMENT=2 DEFAULT CHARSET=utf8mb4 COLLATE=utf8mb4_unicode_ci;
/*!40101 SET character_set_client = @saved_cs_client */;

--
-- Dumping data for table `password_resets`
--

LOCK TABLES `password_resets` WRITE;
/*!40000 ALTER TABLE `password_resets` DISABLE KEYS */;
/*!40000 ALTER TABLE `password_resets` ENABLE KEYS */;
UNLOCK TABLES;

--
-- Table structure for table `products`
--

DROP TABLE IF EXISTS `products`;
/*!40101 SET @saved_cs_client     = @@character_set_client */;
/*!50503 SET character_set_client = utf8mb4 */;
CREATE TABLE `products` (
  `id` int unsigned NOT NULL AUTO_INCREMENT,
  `product_name` varchar(100) CHARACTER SET utf8mb4 COLLATE utf8mb4_unicode_ci NOT NULL,
  `category` varchar(255) CHARACTER SET utf8mb4 COLLATE utf8mb4_unicode_ci NOT NULL,
  `description` varchar(255) CHARACTER SET utf8mb4 COLLATE utf8mb4_unicode_ci DEFAULT NULL,
  `price` decimal(10,2) NOT NULL,
  `image_url` varchar(255) CHARACTER SET utf8mb4 COLLATE utf8mb4_unicode_ci DEFAULT NULL,
  `create_at` datetime DEFAULT NULL,
  `is_deleted` tinyint(1) DEFAULT '0',
  PRIMARY KEY (`id`)
) ENGINE=InnoDB AUTO_INCREMENT=22 DEFAULT CHARSET=utf8mb4 COLLATE=utf8mb4_unicode_ci;
/*!40101 SET character_set_client = @saved_cs_client */;

--
-- Dumping data for table `products`
--

LOCK TABLES `products` WRITE;
/*!40000 ALTER TABLE `products` DISABLE KEYS */;
INSERT INTO `products` VALUES (1,'Bắp rang bơ','food','Bắp rang bơ size M',50000.00,'https://th.bing.com/th/id/OIP.PB0IdzyOVT0mIuaAOtILaAHaLH?w=115&h=180&c=7&r=0&o=7&dpr=2&pid=1.7&rm=3','2026-03-09 01:04:57',0),(2,'Coca Cola','drink','Nước ngọt Coca 22oz',30000.00,'https://th.bing.com/th/id/OIP.rqYa_H1QuL_A0mH-jRbWaQHaHa?w=158&h=180&c=7&r=0&o=7&dpr=2&pid=1.7&rm=3','2026-03-09 01:04:57',0),(3,'Combo Couple','combo','Bắp + 2 nước',90000.00,'https://th.bing.com/th/id/OIP.EUQdTNofOTzR0Wsr8ZPVugHaIB?w=168&h=182&c=7&r=0&o=7&dpr=2&pid=1.7&rm=3','2026-03-09 01:04:57',0),(4,'coco','food','q211',300000.00,'gfgfff','2026-05-25 11:06:56',1),(7,'Bắp Rang Ngọt (Size M)','food','Bắp rang vị caramel truyền thống thơm ngọt, size vừa',60000.00,'https://images.unsplash.com/photo-1578849278619-e73505e9610f?q=80&w=500','2026-06-08 14:02:01',0),(8,'Bắp Rang Ngọt (Size L)','food','Bắp rang vị caramel truyền thống thơm ngọt, size lớn',75000.00,'https://images.unsplash.com/photo-1513442542250-854d436a73f2?q=80&w=500','2026-06-08 14:02:01',0),(9,'Bắp Rang Phô Mai (Size M)','food','Bắp rang lắc bột phô mai đậm đà, size vừa',69000.00,'https://images.unsplash.com/photo-1585647347483-22b66260dfff?q=80&w=500','2026-06-08 14:02:01',0),(10,'Bắp Rang Phô Mai (Size L)','food','Bắp rang lắc bột phô mai đậm đà, size lớn',84000.00,'https://images.unsplash.com/photo-1621263764928-df1444c5e859?q=80&w=500','2026-06-08 14:02:01',0),(11,'Bắp Rang Vị Lẩu Thái (Size L)','food','Bắp rang vị lẩu Thái chua cay đặc biệt, giới hạn',89000.00,'https://images.unsplash.com/photo-1505686994434-e3cc5abf1330?q=80&w=500','2026-06-08 14:02:01',0),(12,'Nước Ngọt Pepsi (Size M)','drink','Nước có ga Pepsi mát lạnh, size vừa',40000.00,'https://images.unsplash.com/photo-1629203851122-3726ecdf080e?q=80&w=500','2026-06-08 14:02:01',0),(13,'Nước Ngọt Pepsi (Size L)','drink','Nước có ga Pepsi mát lạnh, size lớn',50000.00,'https://thf.bing.com/th/id/OIP._x57zwSPDRBprPRoea67IwHaHa?w=192&h=192&c=7&r=0&o=7&cb=thfc1falcon2&dpr=2&pid=1.7&rm=3','2026-06-08 14:02:01',0),(14,'Nước Ngọt Coca-Cola (Size L)','drink','Nước có ga Coca-Cola chính hiệu, size lớn',50000.00,'https://images.unsplash.com/photo-1622483767028-3f66f32aef97?q=80&w=500','2026-06-08 14:02:01',0),(15,'Trà Đào Hạt Chia','drink','Trà đào thanh mát kèm hạt chia giải nhiệt',55000.00,'https://images.unsplash.com/photo-1556679343-c7306c1976bc?q=80&w=500','2026-06-08 14:02:01',0),(16,'Nước Suối Dasani 500ml','drink','Nước uống đóng chai tinh khiết',25000.00,'https://thf.bing.com/th/id/OIP.1hKmE9riAT-0UyYI18bwwAHaHa?w=165&h=180&c=7&r=0&o=7&cb=thfc1falcon2&dpr=2&pid=1.7&rm=3','2026-06-08 14:02:01',0),(17,'Snack Khoai Tây LayS','food','Khoai tây chiên lát vị tự nhiên',35000.00,'https://thf.bing.com/th/id/OIP._Or8KUg8VwJi5cu67Bco7wHaGi?w=209&h=184&c=7&r=0&o=7&cb=thfc1falcon2&dpr=2&pid=1.7&rm=3','2026-06-08 14:02:01',0),(18,'Xúc Xích Nướng Lốc Xoáy','food','Xúc xích heo nướng ăn kèm tương ớt',45000.00,'https://thf.bing.com/th/id/OIP.yUwBQ2crgpDqYcS6GrjJ0wHaFj?w=242&h=182&c=7&r=0&o=7&cb=thfc1falcon2&dpr=2&pid=1.7&rm=3','2026-06-08 14:02:01',0),(19,'Combo Đơn (Solo Combo)','combo','1 Bắp lớn (Vị ngọt/mặn) + 1 Nước lớn tự chọn',115000.00,'https://gcs.tripi.vn/public-tripi/tripi-feed/img/476835wxy/anh-mo-ta.png','2026-06-08 14:02:01',0),(20,'Combo Đôi (Couple Combo)','combo','1 Bắp lớn (Vị ngọt/mặn) + 2 Nước lớn tự chọn',155000.00,'https://tse3.mm.bing.net/th/id/OIP.esWsKfI6zcad9kp0rts4nAAAAA?cb=thfc1falcon2&pid=ImgDet&w=202&h=202&c=7&dpr=2&o=7&rm=3','2026-06-08 14:02:01',0),(21,'Combo Gia Đình (Family Party)','combo','2 Bắp lớn tự chọn vị + 3 Nước lớn + 1 Snack',26000.00,'https://tse4.mm.bing.net/th/id/OIP.YBbLa2s7g-CZhUsKrXf_HQHaFh?cb=thfc1falcon2&pid=ImgDet&w=202&h=150&c=7&dpr=2&o=7&rm=3','2026-06-08 14:02:01',0);
/*!40000 ALTER TABLE `products` ENABLE KEYS */;
UNLOCK TABLES;

--
-- Table structure for table `promotions`
--

DROP TABLE IF EXISTS `promotions`;
/*!40101 SET @saved_cs_client     = @@character_set_client */;
/*!50503 SET character_set_client = utf8mb4 */;
CREATE TABLE `promotions` (
  `id` int unsigned NOT NULL AUTO_INCREMENT,
  `promotion_code` varchar(50) CHARACTER SET utf8mb4 COLLATE utf8mb4_unicode_ci NOT NULL,
  `promotion_name` varchar(200) CHARACTER SET utf8mb4 COLLATE utf8mb4_unicode_ci NOT NULL,
  `description` varchar(255) CHARACTER SET utf8mb4 COLLATE utf8mb4_unicode_ci DEFAULT NULL,
  `discount_type` varchar(255) CHARACTER SET utf8mb4 COLLATE utf8mb4_unicode_ci DEFAULT NULL,
  `discount_value` decimal(10,2) NOT NULL,
  `max_discount_amount` decimal(10,2) DEFAULT NULL,
  `min_order_amount` decimal(10,2) NOT NULL DEFAULT '0.00',
  `usage_limit` int unsigned DEFAULT NULL,
  `usage_count` int unsigned NOT NULL DEFAULT '0',
  `usage_per_user` int unsigned NOT NULL DEFAULT '1',
  `start_date` datetime NOT NULL,
  `end_date` datetime NOT NULL,
  `applicable_days` varchar(50) CHARACTER SET utf8mb4 COLLATE utf8mb4_unicode_ci DEFAULT NULL,
  `applicable_movies` varchar(255) CHARACTER SET utf8mb4 COLLATE utf8mb4_unicode_ci DEFAULT NULL,
  `applicable_cinemas` varchar(255) CHARACTER SET utf8mb4 COLLATE utf8mb4_unicode_ci DEFAULT NULL,
  `status` varchar(255) CHARACTER SET utf8mb4 COLLATE utf8mb4_unicode_ci DEFAULT NULL,
  `image_url` varchar(255) CHARACTER SET utf8mb4 COLLATE utf8mb4_unicode_ci DEFAULT NULL,
  `create_at` datetime DEFAULT CURRENT_TIMESTAMP,
  `update_at` datetime DEFAULT NULL,
  `is_deleted` tinyint(1) DEFAULT '0',
  `required_rank` varchar(50) CHARACTER SET utf8mb4 COLLATE utf8mb4_unicode_ci DEFAULT NULL,
  `required_points` int DEFAULT NULL,
  PRIMARY KEY (`id`),
  UNIQUE KEY `promotions_promotion_code_key` (`promotion_code`),
  KEY `idx_promotion_code` (`promotion_code`),
  KEY `idx_promotion_status` (`status`),
  KEY `idx_promotion_dates` (`start_date`,`end_date`)
) ENGINE=InnoDB AUTO_INCREMENT=37 DEFAULT CHARSET=utf8mb4 COLLATE=utf8mb4_unicode_ci;
/*!40101 SET character_set_client = @saved_cs_client */;

--
-- Dumping data for table `promotions`
--

LOCK TABLES `promotions` WRITE;
/*!40000 ALTER TABLE `promotions` DISABLE KEYS */;
INSERT INTO `promotions` VALUES (1,'CGV08032026','Khuyến mại gày 8/3','Nhân ngày 8/3 hệ thống tặng mã giảm giá 20%','percentage',20.00,40000.00,0.00,10,0,1,'2026-03-07 17:01:00','2026-03-15 16:59:00','0,6,3,2,1,4,5',NULL,NULL,'active','https://th.bing.com/th/id/OIP.7kc5p4BCZKdq65yiZ0-cWAHaHa?w=181&h=180&c=7&r=0&o=7&dpr=2&pid=1.7&rm=3','2026-03-09 00:09:40',NULL,0,NULL,NULL),(2,'CGV8386','Khuyến mại','khuyến mại','percentage',10.00,19999.98,0.00,5,0,1,'2026-02-13 00:00:00','2026-03-06 00:00:00','1,2,3,4,5,6,0','','','inactive','','2026-03-09 00:11:38','2026-06-02 15:47:25',0,NULL,NULL),(3,'TEST123','test','C1Aoroor','percentage',20.00,25000.00,10000.00,24,0,1,'0027-11-16 00:00:00','0032-11-15 00:00:00','','','','inactive','','2026-05-22 08:57:03','2026-05-22 09:38:43',1,NULL,NULL),(4,'VOUCHER2020','test voucher','test','percentage',20.00,40000.00,10000.00,20,0,1,'0035-11-16 00:00:00','0035-12-17 00:00:00','','','','active','','2026-05-31 16:13:49','2026-06-02 18:20:44',1,NULL,NULL),(5,'A123','aaa','aa','percentage',20.00,0.00,0.00,100,0,1,'0036-11-15 00:00:00','0006-11-16 00:00:00','','','','active','','2026-05-31 17:39:31','2026-06-02 18:20:40',1,NULL,NULL),(7,'123','123','tt','fixed_amount',2000.00,0.00,5.00,5,0,15,'0007-12-17 00:00:00','0008-12-16 00:00:00','','','','active','t','2026-06-02 18:15:26','2026-06-02 18:20:33',1,NULL,NULL),(8,'12','12222','','percentage',33.00,3.00,3.00,3,0,1,'2026-06-02 00:00:00','2026-06-12 00:00:00','','','','active','','2026-06-02 18:20:26','2026-06-02 21:22:34',0,NULL,NULL),(9,'CDTN1234','CDTN','Chúc may mắn','percentage',50.00,100000.00,0.00,100,0,1,'2026-06-02 00:00:00','2026-06-30 00:00:00','','','','active','','2026-06-02 18:27:19','2026-06-02 18:27:19',0,NULL,NULL),(10,'VANG','test vàng','123','percentage',40.00,50000.00,0.00,20,0,1,'2026-06-02 00:00:00','2026-06-25 00:00:00','','','','active','111','2026-06-02 22:51:10','2026-06-02 22:51:10',0,'all',NULL),(11,'ALL','test all','123','percentage',30.00,40000.00,10000.00,30,0,1,'2026-06-02 00:00:00','2026-06-30 00:00:00','','','','active','123','2026-06-02 22:55:19','2026-06-02 22:55:19',0,'all',NULL),(12,'ĐỒNG','test đồng','','percentage',40.00,40000.00,10000.00,20,0,1,'2026-06-02 00:00:00','2026-06-28 00:00:00','','','','active','','2026-06-02 23:13:45','2026-06-02 23:31:51',0,'all',10),(13,'QQQ','qqq','','percentage',22.00,50000.00,5000.00,50,0,1,'2026-06-02 00:00:00','2026-06-30 00:00:00','','','','active','','2026-06-02 23:31:39','2026-06-02 23:31:39',0,'bronze',80),(14,'128','cdtn12345','','percentage',50.00,40000.00,100000.00,2,0,1,'2026-06-03 00:00:00','2026-06-04 00:00:00','','','','active','','2026-06-03 14:32:48','2026-06-03 14:32:48',0,'all',10),(15,'CGV20K','Giảm Ngay 20K','Giảm trực tiếp 20.000đ cho mọi đơn hàng','fixed_amount',20000.00,20000.00,80000.00,200,0,1,'2026-06-10 00:00:00','2026-06-30 23:59:59',NULL,NULL,NULL,'active','','2026-06-09 20:22:59',NULL,0,'all',NULL),(16,'CGV30K','Ưu Đãi Giữa Tháng 30K','Giảm trực tiếp 30.000đ cho đơn từ 100k','fixed_amount',30000.00,30000.00,100000.00,150,0,1,'2026-06-10 00:00:00','2026-06-30 23:59:59',NULL,NULL,NULL,'active','','2026-06-09 20:22:59',NULL,0,'all',NULL),(17,'SUMMER50K','Chào Hè Rực Rỡ 50K','Giảm 50.000đ cho hóa đơn mua vé lớn','fixed_amount',50000.00,50000.00,150000.00,100,0,1,'2026-06-10 00:00:00','2026-06-30 23:59:59',NULL,NULL,NULL,'active','','2026-06-09 20:22:59',NULL,0,'all',NULL),(18,'WEEKEND70K','Cuối Tuần Bùng Nổ 70K','Giảm 70.000đ khi đi xem phim cuối tuần','fixed_amount',70000.00,70000.00,200000.00,80,0,1,'2026-06-10 00:00:00','2026-06-30 23:59:59',NULL,NULL,NULL,'active','','2026-06-09 20:22:59',NULL,0,'all',NULL),(19,'CINEHOT35K','Vé Hot Giá Hời 35K','Giảm ngay 35.000đ trải nghiệm phim mới','fixed_amount',35000.00,35000.00,120000.00,120,0,1,'2026-06-10 00:00:00','2026-06-30 23:59:59',NULL,NULL,NULL,'active','','2026-06-09 20:22:59',NULL,0,'all',NULL),(20,'BAPNUOC15K','Giảm Giá Bắp Nước 15K','Ưu đãi đặc biệt khi mua kèm Combo bắp nước','fixed_amount',15000.00,15000.00,50000.00,300,0,1,'2026-06-10 00:00:00','2026-06-30 23:59:59',NULL,NULL,NULL,'active','','2026-06-09 20:22:59',NULL,0,'all',NULL),(21,'COMBO45K','Tiệc Phim Combo 45K','Giảm 45.000đ cho đơn hàng đặt vé kèm combo','fixed_amount',45000.00,45000.00,160000.00,90,0,1,'2026-06-10 00:00:00','2026-06-30 23:59:59',NULL,NULL,NULL,'active','','2026-06-09 20:22:59',NULL,0,'all',NULL),(22,'NIGHT60K','Suất Chiếu Muộn 60K','Giảm 60.000đ cho các suất chiếu sau 21h','fixed_amount',60000.00,60000.00,180000.00,70,0,1,'2026-06-10 00:00:00','2026-06-30 23:59:59',NULL,NULL,NULL,'active','','2026-06-09 20:22:59',NULL,0,'all',NULL),(23,'JUNE10','Ưu Đãi Tháng 6 Giảm 10%','Giảm 10% tổng hóa đơn đặt vé','percentage',10.00,30000.00,80000.00,500,0,1,'2026-06-10 00:00:00','2026-06-30 23:59:59',NULL,NULL,NULL,'active','','2026-06-09 20:22:59',NULL,0,'all',NULL),(24,'MOVIE15','Mê Phim Chiếu Rạp Giảm 15%','Giảm 15% tối đa 45k cho người dùng app','percentage',15.00,45000.00,100000.00,400,0,1,'2026-06-10 00:00:00','2026-06-30 23:59:59',NULL,NULL,NULL,'active','','2026-06-09 20:22:59',NULL,0,'all',NULL),(25,'CHILL20','Cuối Tuần Thư Giãn Giảm 20%','Giảm 20% tối đa 60k khi đặt vé đôi','percentage',20.00,60000.00,150000.00,300,0,1,'2026-06-10 00:00:00','2026-06-30 23:59:59',NULL,NULL,NULL,'active','','2026-06-09 20:22:59',NULL,0,'all',NULL),(26,'SUPER30','Đại Tiệc Bom Tấn Giảm 30%','Giảm siêu khủng 30% tối đa 90k','percentage',30.00,90000.00,250000.00,100,0,1,'2026-06-10 00:00:00','2026-06-30 23:59:59',NULL,NULL,NULL,'active','','2026-06-09 20:22:59',NULL,0,'all',NULL),(27,'FLASH50','Giờ Vàng Giá Sốc Giảm 50%','Mã giảm hot 50% giới hạn số lượng','percentage',50.00,100000.00,200000.00,50,0,1,'2026-06-10 00:00:00','2026-06-30 23:59:59',NULL,NULL,NULL,'active','','2026-06-09 20:22:59',NULL,0,'all',NULL),(28,'STUDENT12','Học Sinh Sinh Viên Giảm 12%','Ưu đãi dành riêng cho thẻ HSSV','percentage',12.00,25000.00,70000.00,600,0,1,'2026-06-10 00:00:00','2026-06-30 23:59:59',NULL,NULL,NULL,'active','','2026-06-09 20:22:59',NULL,0,'all',NULL),(29,'APPONLY22','Đặt Vé Qua App Giảm 22%','Ưu đãi độc quyền trên ứng dụng di động','percentage',22.00,65000.00,140000.00,150,0,1,'2026-06-10 00:00:00','2026-06-30 23:59:59',NULL,NULL,NULL,'active','','2026-06-09 20:22:59',NULL,0,'all',NULL),(30,'LASTCHANCE','Cơ Hội Cuối Tháng Giảm 40%','Xả mã giảm giá lớn cuối tháng 6','percentage',40.00,80000.00,150000.00,80,0,1,'2026-06-10 00:00:00','2026-06-30 23:59:59',NULL,NULL,NULL,'active','','2026-06-09 20:22:59',NULL,0,'all',NULL),(31,'SILVER40K','Ưu Đãi Thành Viên Bạc','Tặng riêng thành viên hạng Bạc 40k','fixed_amount',40000.00,40000.00,100000.00,100,0,1,'2026-06-10 00:00:00','2026-06-30 23:59:59',NULL,NULL,NULL,'active','','2026-06-09 20:22:59',NULL,0,'silver',NULL),(32,'SILVER25','Thành Viên Bạc Giảm 25%','Giảm 25% tối đa 50k cho hạng Silver','percentage',25.00,50000.00,120000.00,100,0,1,'2026-06-10 00:00:00','2026-06-30 23:59:59',NULL,NULL,NULL,'active','','2026-06-09 20:22:59',NULL,0,'silver',NULL),(33,'GOLD60K','Đặc Quyền Thành Viên Vàng','Tặng riêng thành viên hạng Vàng 60k','fixed_amount',60000.00,60000.00,120000.00,100,0,1,'2026-06-10 00:00:00','2026-06-30 23:59:59',NULL,NULL,NULL,'active','','2026-06-09 20:22:59',NULL,0,'gold',NULL),(34,'GOLD35','Thành Viên Vàng Giảm 35%','Giảm cực sâu 35% tối đa 80k cho hạng Gold','percentage',35.00,80000.00,150000.00,100,0,1,'2026-06-10 00:00:00','2026-06-30 23:59:59',NULL,NULL,NULL,'active','','2026-06-09 20:22:59',NULL,0,'gold',NULL),(35,'PLATINUM100','Siêu Đặc Quyền Kim Cương','Tặng riêng thành viên hạng Platinum 100k','fixed_amount',100000.00,100000.00,200000.00,50,0,1,'2026-06-10 00:00:00','2026-06-30 23:59:59',NULL,NULL,NULL,'active','','2026-06-09 20:22:59',NULL,0,'platinum',NULL),(36,'DIAMOND50','Thành Viên VIP Kim Cương Giảm 50%','Mã giảm đặc quyền 50% cho hạng cao nhất','percentage',50.00,120000.00,200000.00,50,0,1,'2026-06-10 00:00:00','2026-06-30 23:59:59',NULL,NULL,NULL,'active','','2026-06-09 20:22:59',NULL,0,'platinum',NULL);
/*!40000 ALTER TABLE `promotions` ENABLE KEYS */;
UNLOCK TABLES;

--
-- Table structure for table `promotionusage`
--

DROP TABLE IF EXISTS `promotionusage`;
/*!40101 SET @saved_cs_client     = @@character_set_client */;
/*!50503 SET character_set_client = utf8mb4 */;
CREATE TABLE `promotionusage` (
  `id` int unsigned NOT NULL AUTO_INCREMENT,
  `promotion_id` int unsigned NOT NULL,
  `account_id` int unsigned NOT NULL,
  `tickets_id` int unsigned NOT NULL,
  `discount_amount` decimal(10,2) NOT NULL,
  `used_at` datetime DEFAULT CURRENT_TIMESTAMP,
  PRIMARY KEY (`id`),
  KEY `idx_promotion_usage_account` (`account_id`),
  KEY `idx_promotion_usage_promotion` (`promotion_id`),
  KEY `promotionusage_tickets_id_fkey` (`tickets_id`),
  CONSTRAINT `promotionusage_account_id_fkey` FOREIGN KEY (`account_id`) REFERENCES `accounts` (`id`) ON DELETE RESTRICT ON UPDATE CASCADE,
  CONSTRAINT `promotionusage_promotion_id_fkey` FOREIGN KEY (`promotion_id`) REFERENCES `promotions` (`id`) ON DELETE RESTRICT ON UPDATE CASCADE,
  CONSTRAINT `promotionusage_tickets_id_fkey` FOREIGN KEY (`tickets_id`) REFERENCES `tickets` (`id`) ON DELETE RESTRICT ON UPDATE CASCADE
) ENGINE=InnoDB DEFAULT CHARSET=utf8mb4 COLLATE=utf8mb4_unicode_ci;
/*!40101 SET character_set_client = @saved_cs_client */;

--
-- Dumping data for table `promotionusage`
--

LOCK TABLES `promotionusage` WRITE;
/*!40000 ALTER TABLE `promotionusage` DISABLE KEYS */;
/*!40000 ALTER TABLE `promotionusage` ENABLE KEYS */;
UNLOCK TABLES;

--
-- Table structure for table `provinces`
--

DROP TABLE IF EXISTS `provinces`;
/*!40101 SET @saved_cs_client     = @@character_set_client */;
/*!50503 SET character_set_client = utf8mb4 */;
CREATE TABLE `provinces` (
  `id` int unsigned NOT NULL AUTO_INCREMENT,
  `province_name` varchar(100) CHARACTER SET utf8mb4 COLLATE utf8mb4_unicode_ci NOT NULL,
  `is_deleted` tinyint(1) DEFAULT '0',
  PRIMARY KEY (`id`)
) ENGINE=InnoDB AUTO_INCREMENT=10 DEFAULT CHARSET=utf8mb4 COLLATE=utf8mb4_unicode_ci;
/*!40101 SET character_set_client = @saved_cs_client */;

--
-- Dumping data for table `provinces`
--

LOCK TABLES `provinces` WRITE;
/*!40000 ALTER TABLE `provinces` DISABLE KEYS */;
INSERT INTO `provinces` VALUES (1,'Hà Nội',0),(2,'Hải Phòng',0),(3,'Quảng Ninh',0),(4,'Bình Định',0),(5,'Hưng Yên',0),(6,'Lạng Sơn',0),(7,'Phú Thọ',0),(8,'Bắc Ninh',0),(9,'Cần Thơ',0);
/*!40000 ALTER TABLE `provinces` ENABLE KEYS */;
UNLOCK TABLES;

--
-- Table structure for table `rooms`
--

DROP TABLE IF EXISTS `rooms`;
/*!40101 SET @saved_cs_client     = @@character_set_client */;
/*!50503 SET character_set_client = utf8mb4 */;
CREATE TABLE `rooms` (
  `id` int unsigned NOT NULL AUTO_INCREMENT,
  `cinema_id` int unsigned NOT NULL,
  `room_name` varchar(50) CHARACTER SET utf8mb4 COLLATE utf8mb4_unicode_ci NOT NULL,
  `room_type` varchar(50) CHARACTER SET utf8mb4 COLLATE utf8mb4_unicode_ci DEFAULT NULL,
  `total_seats` int NOT NULL,
  `status` varchar(255) CHARACTER SET utf8mb4 COLLATE utf8mb4_unicode_ci DEFAULT NULL,
  `is_deleted` tinyint(1) DEFAULT '0',
  PRIMARY KEY (`id`),
  KEY `cinema_id` (`cinema_id`),
  CONSTRAINT `rooms_ibfk_1` FOREIGN KEY (`cinema_id`) REFERENCES `cinemas` (`id`)
) ENGINE=InnoDB AUTO_INCREMENT=51 DEFAULT CHARSET=utf8mb4 COLLATE=utf8mb4_unicode_ci;
/*!40101 SET character_set_client = @saved_cs_client */;

--
-- Dumping data for table `rooms`
--

LOCK TABLES `rooms` WRITE;
/*!40000 ALTER TABLE `rooms` DISABLE KEYS */;
INSERT INTO `rooms` VALUES (1,1,'Phòng 1','Standard',30,'active',0),(2,1,'Phòng 2','VIP',16,'active',0),(3,2,'Phòng 1','Standard',25,'active',0),(4,2,'Phòng 2','VIP',10,'active',0),(5,8,'Phòng 1','Standard',18,'active',0),(6,1,'Phòng 3','VIP',30,'active',0),(7,3,'Phòng 1','Standard',50,'active',0),(8,1,'Phòng 4','Standard',60,'active',0),(9,12,'Phòng 1','Standard',10,'active',1),(10,13,'q','Standard',9,'active',0),(11,4,'Phòng 1','Standard',0,'active',0),(12,5,'Phòng 1','Standard',126,'active',0),(13,7,'Phòng 1','Standard',80,'active',0),(14,11,'Phòng 1','Standard',90,'active',0),(15,6,'Phòng 1','Standard',70,'active',0),(20,2,'Phòng 3','Standard',87,'active',0),(21,2,'Phòng 4','VIP',89,'active',0),(22,3,'Phòng 2','Standard',83,'active',0),(23,3,'Phòng 3','VIP',80,'active',0),(24,3,'Phòng 4','Standard',80,'active',0),(25,4,'Phòng 2','Standard',81,'active',0),(26,4,'Phòng 3','VIP',84,'active',0),(27,4,'Phòng 4','Standard',90,'active',0),(28,5,'Phòng 2','Standard',82,'active',0),(29,5,'Phòng 3','VIP',84,'active',0),(30,5,'Phòng 4','Standard',84,'active',0),(31,6,'Phòng 2','Standard',90,'active',0),(32,6,'Phòng 3','VIP',83,'active',0),(33,6,'Phòng 4','Standard',90,'active',0),(34,7,'Phòng 2','Standard',88,'active',0),(35,7,'Phòng 3','VIP',89,'active',0),(36,7,'Phòng 4','Standard',81,'active',0),(37,8,'Phòng 2','Standard',90,'active',0),(38,8,'Phòng 3','VIP',84,'active',0),(39,8,'Phòng 4','Standard',82,'active',0),(40,9,'Phòng 1','Standard',80,'active',0),(41,9,'Phòng 2','Standard',83,'active',0),(42,9,'Phòng 3','VIP',84,'active',0),(43,9,'Phòng 4','Standard',80,'active',0),(44,10,'Phòng 1','Standard',82,'active',0),(45,10,'Phòng 2','Standard',89,'active',0),(46,10,'Phòng 3','VIP',88,'active',0),(47,10,'Phòng 4','Standard',82,'active',0),(48,11,'Phòng 2','Standard',88,'active',0),(49,11,'Phòng 3','VIP',82,'active',0),(50,11,'Phòng 4','Standard',88,'active',0);
/*!40000 ALTER TABLE `rooms` ENABLE KEYS */;
UNLOCK TABLES;

--
-- Table structure for table `seatlocks`
--

DROP TABLE IF EXISTS `seatlocks`;
/*!40101 SET @saved_cs_client     = @@character_set_client */;
/*!50503 SET character_set_client = utf8mb4 */;
CREATE TABLE `seatlocks` (
  `id` int unsigned NOT NULL AUTO_INCREMENT,
  `seat_id` int unsigned NOT NULL,
  `account_id` int unsigned NOT NULL,
  `locked_at` datetime NOT NULL DEFAULT CURRENT_TIMESTAMP,
  `expires_at` datetime NOT NULL,
  `is_active` tinyint(1) NOT NULL DEFAULT '1',
  `created_at` datetime NOT NULL DEFAULT CURRENT_TIMESTAMP,
  `updated_at` datetime NOT NULL DEFAULT CURRENT_TIMESTAMP ON UPDATE CURRENT_TIMESTAMP,
  `slot_id` int NOT NULL,
  PRIMARY KEY (`id`),
  KEY `idx_seat_lock_seat` (`seat_id`),
  KEY `idx_seat_lock_account` (`account_id`),
  KEY `idx_seat_lock_expires` (`expires_at`),
  CONSTRAINT `seatlocks_ibfk_1` FOREIGN KEY (`account_id`) REFERENCES `accounts` (`id`) ON DELETE CASCADE ON UPDATE CASCADE,
  CONSTRAINT `seatlocks_ibfk_2` FOREIGN KEY (`seat_id`) REFERENCES `seats` (`id`) ON DELETE CASCADE ON UPDATE CASCADE
) ENGINE=InnoDB AUTO_INCREMENT=231 DEFAULT CHARSET=utf8mb4 COLLATE=utf8mb4_unicode_ci;
/*!40101 SET character_set_client = @saved_cs_client */;

--
-- Dumping data for table `seatlocks`
--

LOCK TABLES `seatlocks` WRITE;
/*!40000 ALTER TABLE `seatlocks` DISABLE KEYS */;
INSERT INTO `seatlocks` VALUES (182,408,5,'2026-06-06 06:40:41','2026-06-06 06:50:41',0,'2026-06-05 23:40:40','2026-06-06 07:29:39',58),(187,405,5,'2026-06-06 14:36:10','2026-06-06 14:46:10',0,'2026-06-06 07:36:09','2026-06-06 07:37:07',58),(188,406,5,'2026-06-06 14:36:10','2026-06-06 14:46:10',0,'2026-06-06 07:36:10','2026-06-06 07:37:07',58),(189,407,5,'2026-06-06 14:36:10','2026-06-06 14:46:10',0,'2026-06-06 07:36:10','2026-06-06 07:37:07',58),(190,408,5,'2026-06-06 14:36:10','2026-06-06 14:46:10',0,'2026-06-06 07:36:10','2026-06-06 07:37:07',58),(191,405,5,'2026-06-06 14:37:23','2026-06-06 14:47:23',0,'2026-06-06 07:37:23','2026-06-06 07:38:07',58),(192,406,5,'2026-06-06 14:37:23','2026-06-06 14:47:23',0,'2026-06-06 07:37:23','2026-06-06 07:38:07',58),(193,407,5,'2026-06-06 14:37:23','2026-06-06 14:47:23',0,'2026-06-06 07:37:23','2026-06-06 07:38:07',58),(194,408,5,'2026-06-06 14:37:23','2026-06-06 14:47:23',0,'2026-06-06 07:37:23','2026-06-06 07:38:07',58),(195,406,5,'2026-06-06 15:16:14','2026-06-06 15:26:14',0,'2026-06-06 08:16:15','2026-06-06 08:16:46',58),(196,407,5,'2026-06-06 15:16:14','2026-06-06 15:26:14',0,'2026-06-06 08:16:15','2026-06-06 08:16:46',58),(197,408,5,'2026-06-06 15:16:14','2026-06-06 15:26:14',0,'2026-06-06 08:16:16','2026-06-06 08:16:46',58),(198,406,5,'2026-06-06 15:17:14','2026-06-06 15:27:14',0,'2026-06-06 08:17:13','2026-06-06 08:18:13',58),(199,407,5,'2026-06-06 15:17:14','2026-06-06 15:27:14',0,'2026-06-06 08:17:13','2026-06-06 08:18:13',58),(200,408,5,'2026-06-06 15:17:14','2026-06-06 15:27:14',0,'2026-06-06 08:17:13','2026-06-06 08:18:13',58),(201,406,5,'2026-06-06 15:18:13','2026-06-06 15:28:13',0,'2026-06-06 08:18:13','2026-06-06 08:18:35',58),(202,407,5,'2026-06-06 15:18:13','2026-06-06 15:28:13',0,'2026-06-06 08:18:13','2026-06-06 08:18:35',58),(203,408,5,'2026-06-06 15:18:13','2026-06-06 15:28:13',0,'2026-06-06 08:18:13','2026-06-06 08:18:35',58),(204,406,5,'2026-06-06 15:18:36','2026-06-06 15:28:36',0,'2026-06-06 08:18:35','2026-06-06 08:19:41',58),(205,407,5,'2026-06-06 15:18:36','2026-06-06 15:28:36',0,'2026-06-06 08:18:35','2026-06-06 08:19:41',58),(206,408,5,'2026-06-06 15:18:36','2026-06-06 15:28:36',0,'2026-06-06 08:18:35','2026-06-06 08:19:41',58),(207,363,5,'2026-06-06 15:23:07','2026-06-06 15:33:07',0,'2026-06-06 08:23:06','2026-06-06 08:24:14',58),(208,364,5,'2026-06-06 15:23:07','2026-06-06 15:33:07',0,'2026-06-06 08:23:07','2026-06-06 08:24:14',58),(209,365,5,'2026-06-06 15:23:07','2026-06-06 15:33:07',0,'2026-06-06 08:23:07','2026-06-06 08:24:14',58),(210,366,5,'2026-06-06 15:23:07','2026-06-06 15:33:07',0,'2026-06-06 08:23:07','2026-06-06 08:24:14',58),(211,367,5,'2026-06-06 15:23:07','2026-06-06 15:33:07',0,'2026-06-06 08:23:07','2026-06-06 08:24:14',58),(212,368,5,'2026-06-06 15:23:07','2026-06-06 15:33:07',0,'2026-06-06 08:23:07','2026-06-06 08:24:14',58),(213,404,5,'2026-06-06 15:29:53','2026-06-06 15:39:53',0,'2026-06-06 08:29:53','2026-06-06 08:30:35',58),(214,405,5,'2026-06-06 15:29:53','2026-06-06 15:39:53',0,'2026-06-06 08:29:53','2026-06-06 08:30:35',58),(215,406,5,'2026-06-06 15:29:53','2026-06-06 15:39:53',0,'2026-06-06 08:29:53','2026-06-06 08:30:35',58),(216,407,5,'2026-06-06 15:29:53','2026-06-06 15:39:53',0,'2026-06-06 08:29:53','2026-06-06 08:30:35',58),(217,408,5,'2026-06-06 15:29:53','2026-06-06 15:39:53',0,'2026-06-06 08:29:53','2026-06-06 08:30:35',58),(218,403,5,'2026-06-06 15:37:45','2026-06-06 15:47:45',0,'2026-06-06 08:37:46','2026-06-06 08:49:01',58),(219,404,5,'2026-06-06 15:37:45','2026-06-06 15:47:45',0,'2026-06-06 08:37:46','2026-06-06 08:49:01',58),(220,405,5,'2026-06-06 15:37:45','2026-06-06 15:47:45',0,'2026-06-06 08:37:46','2026-06-06 08:49:01',58),(221,406,5,'2026-06-06 15:37:45','2026-06-06 15:47:45',0,'2026-06-06 08:37:46','2026-06-06 08:49:01',58),(222,407,5,'2026-06-06 15:37:45','2026-06-06 15:47:45',0,'2026-06-06 08:37:46','2026-06-06 08:49:01',58),(223,408,5,'2026-06-06 15:37:45','2026-06-06 15:47:45',0,'2026-06-06 08:37:46','2026-06-06 08:49:01',58),(224,400,5,'2026-06-06 17:56:22','2026-06-06 18:06:22',0,'2026-06-06 10:56:21','2026-06-06 10:59:09',58),(225,401,5,'2026-06-06 17:56:22','2026-06-06 18:06:22',0,'2026-06-06 10:56:21','2026-06-06 10:59:09',58),(226,402,5,'2026-06-06 17:56:22','2026-06-06 18:06:22',0,'2026-06-06 10:56:21','2026-06-06 10:59:09',58),(227,396,5,'2026-06-06 17:59:18','2026-06-06 18:09:18',0,'2026-06-06 10:59:18','2026-06-06 11:00:59',58),(228,397,5,'2026-06-06 17:59:18','2026-06-06 18:09:18',0,'2026-06-06 10:59:18','2026-06-06 11:00:59',58),(229,401,5,'2026-06-06 21:30:54','2026-06-06 21:40:54',0,'2026-06-06 14:30:54','2026-06-06 14:40:58',58),(230,402,5,'2026-06-06 21:30:54','2026-06-06 21:40:54',0,'2026-06-06 14:30:54','2026-06-06 14:40:58',58);
/*!40000 ALTER TABLE `seatlocks` ENABLE KEYS */;
UNLOCK TABLES;

--
-- Table structure for table `seats`
--

DROP TABLE IF EXISTS `seats`;
/*!40101 SET @saved_cs_client     = @@character_set_client */;
/*!50503 SET character_set_client = utf8mb4 */;
CREATE TABLE `seats` (
  `id` int unsigned NOT NULL AUTO_INCREMENT,
  `room_id` int unsigned NOT NULL,
  `seat_row` varchar(5) CHARACTER SET utf8mb4 COLLATE utf8mb4_unicode_ci NOT NULL,
  `seat_number` int NOT NULL,
  `seat_type_id` int unsigned NOT NULL,
  `status` varchar(255) CHARACTER SET utf8mb4 COLLATE utf8mb4_unicode_ci DEFAULT NULL,
  PRIMARY KEY (`id`),
  UNIQUE KEY `room_id` (`room_id`,`seat_row`,`seat_number`),
  UNIQUE KEY `UKi96eqsycrd9u1o08ap90yeuaa` (`room_id`,`seat_row`,`seat_number`),
  KEY `seat_type_id` (`seat_type_id`),
  CONSTRAINT `seats_ibfk_1` FOREIGN KEY (`room_id`) REFERENCES `rooms` (`id`),
  CONSTRAINT `seats_ibfk_2` FOREIGN KEY (`seat_type_id`) REFERENCES `seattypes` (`id`)
) ENGINE=InnoDB AUTO_INCREMENT=4223 DEFAULT CHARSET=utf8mb4 COLLATE=utf8mb4_unicode_ci;
/*!40101 SET character_set_client = @saved_cs_client */;

--
-- Dumping data for table `seats`
--

LOCK TABLES `seats` WRITE;
/*!40000 ALTER TABLE `seats` DISABLE KEYS */;
INSERT INTO `seats` VALUES (1,1,'A',1,1,'active'),(2,1,'A',2,1,'active'),(3,1,'A',3,1,'active'),(4,1,'A',4,1,'active'),(5,1,'B',1,1,'active'),(6,1,'B',2,1,'active'),(7,1,'B',3,1,'active'),(8,1,'B',4,1,'active'),(9,1,'C',1,3,'active'),(10,1,'C',2,3,'active'),(11,1,'C',3,3,'active'),(12,1,'C',4,3,'active'),(13,2,'A',1,2,'active'),(14,2,'A',2,2,'active'),(15,2,'A',3,2,'active'),(16,2,'A',4,2,'active'),(17,2,'B',1,2,'active'),(18,2,'B',2,2,'active'),(19,2,'B',3,2,'active'),(20,2,'B',4,2,'active'),(21,2,'C',1,2,'active'),(22,2,'C',2,2,'active'),(23,2,'C',3,2,'active'),(24,2,'C',4,2,'active'),(25,2,'D',1,3,'active'),(26,2,'D',2,3,'active'),(27,2,'D',3,3,'active'),(28,2,'D',4,3,'active'),(29,3,'A',1,1,'active'),(30,3,'A',2,1,'active'),(31,3,'A',3,1,'active'),(32,3,'B',1,1,'active'),(33,3,'B',2,1,'active'),(34,3,'B',3,1,'active'),(35,3,'C',1,2,'active'),(36,3,'C',2,2,'active'),(37,3,'C',3,2,'active'),(38,3,'D',1,3,'active'),(39,3,'D',2,3,'active'),(40,3,'D',3,3,'active'),(41,3,'A',4,1,'active'),(42,3,'A',5,1,'active'),(43,3,'B',4,1,'active'),(44,3,'B',5,1,'active'),(45,3,'C',4,2,'active'),(46,3,'C',5,2,'active'),(47,3,'D',4,3,'active'),(48,3,'D',5,3,'active'),(49,3,'E',1,1,'active'),(50,3,'E',2,1,'active'),(51,3,'E',3,1,'active'),(52,3,'E',4,1,'active'),(53,3,'E',5,1,'active'),(54,4,'A',1,2,'active'),(55,4,'A',2,2,'active'),(56,4,'A',3,2,'active'),(57,4,'A',4,2,'active'),(58,4,'A',5,2,'active'),(59,4,'B',1,2,'active'),(60,4,'B',2,2,'active'),(61,4,'B',3,2,'active'),(62,4,'B',4,2,'active'),(63,4,'B',5,2,'active'),(64,5,'A',1,1,'active'),(65,5,'A',2,1,'active'),(66,5,'A',3,1,'active'),(67,5,'B',1,1,'active'),(68,5,'B',2,1,'active'),(69,5,'B',3,1,'active'),(70,5,'C',1,1,'active'),(71,5,'C',2,1,'active'),(72,5,'C',3,1,'active'),(73,5,'D',1,2,'active'),(74,5,'D',2,2,'active'),(75,5,'D',3,2,'active'),(76,5,'E',1,2,'active'),(77,5,'E',2,2,'active'),(78,5,'E',3,2,'active'),(79,5,'F',1,2,'active'),(80,5,'F',2,2,'active'),(81,5,'F',3,2,'active'),(83,1,'A',5,1,'active'),(84,1,'A',6,1,'active'),(85,1,'A',7,1,'active'),(86,1,'A',8,1,'active'),(87,1,'A',9,1,'active'),(88,1,'A',10,1,'active'),(89,1,'B',5,1,'active'),(90,1,'B',6,1,'active'),(91,1,'B',7,1,'active'),(92,1,'B',8,1,'active'),(93,1,'B',9,1,'active'),(94,1,'B',10,1,'active'),(95,1,'C',5,3,'active'),(96,1,'C',6,3,'active'),(97,1,'C',7,3,'active'),(98,1,'C',8,3,'active'),(99,1,'C',9,3,'active'),(100,1,'C',10,3,'active'),(101,6,'A',1,1,'active'),(102,6,'A',2,1,'active'),(103,6,'A',3,1,'active'),(104,6,'A',4,1,'active'),(105,6,'A',5,1,'active'),(106,6,'A',6,1,'active'),(107,6,'A',7,1,'active'),(108,6,'A',8,1,'active'),(109,6,'A',9,1,'active'),(110,6,'A',10,1,'active'),(111,6,'B',1,1,'active'),(112,6,'B',2,1,'active'),(113,6,'B',3,1,'active'),(114,6,'B',4,1,'active'),(115,6,'B',5,1,'active'),(116,6,'B',6,1,'active'),(117,6,'B',7,1,'active'),(118,6,'B',8,1,'active'),(119,6,'B',9,1,'active'),(120,6,'B',10,1,'active'),(121,6,'C',1,3,'active'),(122,6,'C',2,3,'active'),(123,6,'C',3,3,'active'),(124,6,'C',4,3,'active'),(125,6,'C',5,3,'active'),(126,6,'C',6,3,'active'),(127,6,'C',7,3,'active'),(128,6,'C',8,3,'active'),(129,6,'C',9,3,'active'),(130,6,'C',10,3,'active'),(131,7,'A',1,1,'active'),(132,7,'A',2,1,'active'),(133,7,'A',3,1,'active'),(134,7,'A',4,1,'active'),(135,7,'A',5,1,'active'),(136,7,'A',6,1,'active'),(137,7,'A',7,1,'active'),(138,7,'A',8,1,'active'),(139,7,'A',9,1,'active'),(140,7,'A',10,1,'active'),(141,7,'B',1,1,'active'),(142,7,'B',2,1,'active'),(143,7,'B',3,1,'active'),(144,7,'B',4,1,'active'),(145,7,'B',5,1,'active'),(146,7,'B',6,1,'active'),(147,7,'B',7,1,'active'),(148,7,'B',8,1,'active'),(149,7,'B',9,1,'active'),(150,7,'B',10,1,'active'),(151,7,'C',1,1,'active'),(152,7,'C',2,1,'active'),(153,7,'C',3,1,'active'),(154,7,'C',4,1,'active'),(155,7,'C',5,1,'active'),(156,7,'C',6,1,'active'),(157,7,'C',7,1,'active'),(158,7,'C',8,1,'active'),(159,7,'C',9,1,'active'),(160,7,'C',10,1,'active'),(161,7,'D',1,1,'active'),(162,7,'D',2,1,'active'),(163,7,'D',3,1,'active'),(164,7,'D',4,1,'active'),(165,7,'D',5,1,'active'),(166,7,'D',6,1,'active'),(167,7,'D',7,1,'active'),(168,7,'D',8,1,'active'),(169,7,'D',9,1,'active'),(170,7,'D',10,1,'active'),(171,7,'E',1,2,'active'),(172,7,'E',2,2,'active'),(173,7,'E',3,2,'active'),(174,7,'E',4,2,'active'),(175,7,'E',5,2,'active'),(176,7,'E',6,2,'active'),(177,7,'E',7,2,'active'),(178,7,'E',8,2,'active'),(179,7,'E',9,2,'active'),(180,7,'E',10,2,'active'),(181,8,'A',1,2,'active'),(182,8,'A',2,2,'active'),(183,8,'A',3,2,'active'),(184,8,'A',4,2,'active'),(185,8,'A',5,2,'active'),(186,8,'A',6,2,'active'),(187,8,'A',7,2,'active'),(188,8,'A',8,2,'active'),(189,8,'A',9,2,'active'),(190,8,'A',10,2,'active'),(191,8,'B',1,2,'active'),(192,8,'B',2,2,'active'),(193,8,'B',3,2,'active'),(194,8,'B',4,2,'active'),(195,8,'B',5,2,'active'),(196,8,'B',6,2,'active'),(197,8,'B',7,2,'active'),(198,8,'B',8,2,'active'),(199,8,'B',9,2,'active'),(200,8,'B',10,2,'active'),(201,8,'C',1,2,'active'),(202,8,'C',2,2,'active'),(203,8,'C',3,2,'active'),(204,8,'C',4,2,'active'),(205,8,'C',5,2,'active'),(206,8,'C',6,2,'active'),(207,8,'C',7,2,'active'),(208,8,'C',8,2,'active'),(209,8,'C',9,2,'active'),(210,8,'C',10,2,'active'),(211,8,'D',1,3,'active'),(212,8,'D',2,3,'active'),(213,8,'D',3,3,'active'),(214,8,'D',4,3,'active'),(215,8,'D',5,3,'active'),(216,8,'D',6,3,'active'),(217,8,'D',7,3,'active'),(218,8,'D',8,3,'active'),(219,8,'D',9,3,'active'),(220,8,'D',10,3,'active'),(221,8,'E',1,3,'active'),(222,8,'E',2,3,'active'),(223,8,'E',3,3,'active'),(224,8,'E',4,3,'active'),(225,8,'E',5,3,'active'),(226,8,'E',6,3,'active'),(227,8,'E',7,3,'active'),(228,8,'E',8,3,'active'),(229,8,'E',9,3,'active'),(230,8,'E',10,3,'active'),(231,9,'A',1,1,'active'),(232,9,'A',2,1,'active'),(233,9,'A',3,1,'active'),(234,9,'A',4,1,'active'),(235,9,'A',5,1,'active'),(236,9,'A',6,1,'active'),(237,9,'A',7,1,'active'),(238,9,'A',8,1,'active'),(239,9,'A',9,1,'active'),(240,9,'A',10,1,'active'),(241,10,'A',1,1,'active'),(242,10,'A',2,1,'active'),(243,10,'A',3,1,'active'),(244,10,'A',4,1,'active'),(245,10,'A',5,1,'active'),(246,10,'A',6,1,'active'),(247,10,'A',7,1,'active'),(248,10,'A',8,1,'active'),(249,10,'A',9,1,'active'),(261,8,'F',1,3,'active'),(262,8,'F',2,3,'active'),(263,8,'F',3,3,'active'),(264,8,'F',4,3,'active'),(265,8,'F',5,3,'active'),(266,8,'F',6,3,'active'),(267,8,'F',7,3,'active'),(268,8,'F',8,3,'active'),(269,8,'F',9,3,'active'),(270,8,'F',10,3,'active'),(271,12,'A',1,1,'active'),(272,12,'A',2,1,'active'),(273,12,'A',3,1,'active'),(274,12,'A',4,1,'active'),(275,12,'A',5,1,'active'),(276,12,'A',6,1,'active'),(277,12,'A',7,1,'active'),(278,12,'A',8,1,'active'),(279,12,'A',9,1,'active'),(280,12,'A',10,1,'active'),(281,12,'A',11,1,'active'),(282,12,'A',12,1,'active'),(283,12,'A',13,1,'active'),(284,12,'A',14,1,'active'),(285,12,'A',15,1,'active'),(286,12,'A',16,1,'active'),(287,12,'A',17,1,'active'),(288,12,'A',18,1,'active'),(291,12,'B',1,1,'active'),(292,12,'B',2,1,'active'),(293,12,'B',3,1,'active'),(294,12,'B',4,1,'active'),(295,12,'B',5,1,'active'),(296,12,'B',6,1,'active'),(297,12,'B',7,1,'active'),(298,12,'B',8,1,'active'),(299,12,'B',9,1,'active'),(300,12,'B',10,1,'active'),(301,12,'B',11,1,'active'),(302,12,'B',12,1,'active'),(303,12,'B',13,1,'active'),(304,12,'B',14,1,'active'),(305,12,'B',15,1,'active'),(306,12,'B',16,1,'active'),(307,12,'B',17,1,'active'),(308,12,'B',18,1,'active'),(311,12,'C',1,1,'active'),(312,12,'C',2,1,'active'),(313,12,'C',3,1,'active'),(314,12,'C',4,1,'active'),(315,12,'C',5,1,'active'),(316,12,'C',6,1,'active'),(317,12,'C',7,1,'active'),(318,12,'C',8,1,'active'),(319,12,'C',9,1,'active'),(320,12,'C',10,1,'active'),(321,12,'C',11,1,'active'),(322,12,'C',12,1,'active'),(323,12,'C',13,1,'active'),(324,12,'C',14,1,'active'),(325,12,'C',15,1,'active'),(326,12,'C',16,1,'active'),(327,12,'C',17,1,'active'),(328,12,'C',18,1,'active'),(331,12,'D',1,1,'active'),(332,12,'D',2,1,'active'),(333,12,'D',3,1,'active'),(334,12,'D',4,1,'active'),(335,12,'D',5,1,'active'),(336,12,'D',6,1,'active'),(337,12,'D',7,1,'active'),(338,12,'D',8,1,'active'),(339,12,'D',9,1,'active'),(340,12,'D',10,1,'active'),(341,12,'D',11,1,'active'),(342,12,'D',12,1,'active'),(343,12,'D',13,1,'active'),(344,12,'D',14,1,'active'),(345,12,'D',15,1,'active'),(346,12,'D',16,1,'active'),(347,12,'D',17,1,'active'),(348,12,'D',18,1,'active'),(351,12,'E',1,2,'active'),(352,12,'E',2,2,'active'),(353,12,'E',3,2,'active'),(354,12,'E',4,2,'active'),(355,12,'E',5,2,'active'),(356,12,'E',6,2,'active'),(357,12,'E',7,2,'active'),(358,12,'E',8,2,'active'),(359,12,'E',9,2,'active'),(360,12,'E',10,2,'active'),(361,12,'E',11,2,'active'),(362,12,'E',12,2,'active'),(363,12,'E',13,2,'active'),(364,12,'E',14,2,'active'),(365,12,'E',15,2,'active'),(366,12,'E',16,2,'active'),(367,12,'E',17,2,'active'),(368,12,'E',18,2,'active'),(371,12,'F',1,2,'active'),(372,12,'F',2,2,'active'),(373,12,'F',3,2,'active'),(374,12,'F',4,2,'active'),(375,12,'F',5,2,'active'),(376,12,'F',6,2,'active'),(377,12,'F',7,2,'active'),(378,12,'F',8,2,'active'),(379,12,'F',9,2,'active'),(380,12,'F',10,2,'active'),(381,12,'F',11,2,'active'),(382,12,'F',12,2,'active'),(383,12,'F',13,2,'active'),(384,12,'F',14,2,'active'),(385,12,'F',15,2,'active'),(386,12,'F',16,2,'active'),(387,12,'F',17,2,'active'),(388,12,'F',18,2,'active'),(391,12,'G',1,3,'active'),(392,12,'G',2,3,'active'),(393,12,'G',3,3,'active'),(394,12,'G',4,3,'active'),(395,12,'G',5,3,'active'),(396,12,'G',6,3,'active'),(397,12,'G',7,3,'active'),(398,12,'G',8,3,'active'),(399,12,'G',9,3,'active'),(400,12,'G',10,3,'active'),(401,12,'G',11,3,'active'),(402,12,'G',12,3,'active'),(403,12,'G',13,3,'active'),(404,12,'G',14,3,'active'),(405,12,'G',15,3,'active'),(406,12,'G',16,3,'active'),(407,12,'G',17,3,'active'),(408,12,'G',18,3,'active'),(411,13,'A',1,1,'active'),(412,13,'A',2,1,'active'),(413,13,'A',3,1,'active'),(414,13,'A',4,1,'active'),(415,13,'A',5,1,'active'),(416,13,'A',6,1,'active'),(417,13,'A',7,1,'active'),(418,13,'A',8,1,'active'),(419,13,'A',9,1,'active'),(420,13,'A',10,1,'active'),(421,13,'B',1,1,'active'),(422,13,'B',2,1,'active'),(423,13,'B',3,1,'active'),(424,13,'B',4,1,'active'),(425,13,'B',5,1,'active'),(426,13,'B',6,1,'active'),(427,13,'B',7,1,'active'),(428,13,'B',8,1,'active'),(429,13,'B',9,1,'active'),(430,13,'B',10,1,'active'),(431,13,'C',1,1,'active'),(432,13,'C',2,1,'active'),(433,13,'C',3,1,'active'),(434,13,'C',4,1,'active'),(435,13,'C',5,1,'active'),(436,13,'C',6,1,'active'),(437,13,'C',7,1,'active'),(438,13,'C',8,1,'active'),(439,13,'C',9,1,'active'),(440,13,'C',10,1,'active'),(441,13,'D',1,2,'active'),(442,13,'D',2,2,'active'),(443,13,'D',3,2,'active'),(444,13,'D',4,2,'active'),(445,13,'D',5,2,'active'),(446,13,'D',6,2,'active'),(447,13,'D',7,2,'active'),(448,13,'D',8,2,'active'),(449,13,'D',9,2,'active'),(450,13,'D',10,2,'active'),(451,13,'E',1,2,'active'),(452,13,'E',2,2,'active'),(453,13,'E',3,2,'active'),(454,13,'E',4,2,'active'),(455,13,'E',5,2,'active'),(456,13,'E',6,2,'active'),(457,13,'E',7,2,'active'),(458,13,'E',8,2,'active'),(459,13,'E',9,2,'active'),(460,13,'E',10,2,'active'),(461,13,'F',1,2,'active'),(462,13,'F',2,2,'active'),(463,13,'F',3,2,'active'),(464,13,'F',4,2,'active'),(465,13,'F',5,2,'active'),(466,13,'F',6,2,'active'),(467,13,'F',7,2,'active'),(468,13,'F',8,2,'active'),(469,13,'F',9,2,'active'),(470,13,'F',10,2,'active'),(471,13,'G',1,3,'active'),(472,13,'G',2,3,'active'),(473,13,'G',3,3,'active'),(474,13,'G',4,3,'active'),(475,13,'G',5,3,'active'),(476,13,'G',6,3,'active'),(477,13,'G',7,3,'active'),(478,13,'G',8,3,'active'),(479,13,'G',9,3,'active'),(480,13,'G',10,3,'active'),(481,13,'H',1,3,'active'),(482,13,'H',2,3,'active'),(483,13,'H',3,3,'active'),(484,13,'H',4,3,'active'),(485,13,'H',5,3,'active'),(486,13,'H',6,3,'active'),(487,13,'H',7,3,'active'),(488,13,'H',8,3,'active'),(489,13,'H',9,3,'active'),(490,13,'H',10,3,'active'),(491,14,'A',1,1,'active'),(492,14,'A',2,1,'active'),(493,14,'A',3,1,'active'),(494,14,'A',4,1,'active'),(495,14,'A',5,1,'active'),(496,14,'A',6,1,'active'),(497,14,'A',7,1,'active'),(498,14,'A',8,1,'active'),(499,14,'A',9,1,'active'),(500,14,'A',10,1,'active'),(501,14,'B',1,1,'active'),(502,14,'B',2,1,'active'),(503,14,'B',3,1,'active'),(504,14,'B',4,1,'active'),(505,14,'B',5,1,'active'),(506,14,'B',6,1,'active'),(507,14,'B',7,1,'active'),(508,14,'B',8,1,'active'),(509,14,'B',9,1,'active'),(510,14,'B',10,1,'active'),(511,14,'C',1,1,'active'),(512,14,'C',2,1,'active'),(513,14,'C',3,1,'active'),(514,14,'C',4,1,'active'),(515,14,'C',5,1,'active'),(516,14,'C',6,1,'active'),(517,14,'C',7,1,'active'),(518,14,'C',8,1,'active'),(519,14,'C',9,1,'active'),(520,14,'C',10,1,'active'),(521,14,'D',1,1,'active'),(522,14,'D',2,1,'active'),(523,14,'D',3,1,'active'),(524,14,'D',4,1,'active'),(525,14,'D',5,1,'active'),(526,14,'D',6,1,'active'),(527,14,'D',7,1,'active'),(528,14,'D',8,1,'active'),(529,14,'D',9,1,'active'),(530,14,'D',10,1,'active'),(531,14,'E',1,2,'active'),(532,14,'E',2,2,'active'),(533,14,'E',3,2,'active'),(534,14,'E',4,2,'active'),(535,14,'E',5,2,'active'),(536,14,'E',6,2,'active'),(537,14,'E',7,2,'active'),(538,14,'E',8,2,'active'),(539,14,'E',9,2,'active'),(540,14,'E',10,2,'active'),(541,14,'F',1,2,'active'),(542,14,'F',2,2,'active'),(543,14,'F',3,2,'active'),(544,14,'F',4,2,'active'),(545,14,'F',5,2,'active'),(546,14,'F',6,2,'active'),(547,14,'F',7,2,'active'),(548,14,'F',8,2,'active'),(549,14,'F',9,2,'active'),(550,14,'F',10,2,'active'),(551,14,'G',1,2,'active'),(552,14,'G',2,2,'active'),(553,14,'G',3,2,'active'),(554,14,'G',4,2,'active'),(555,14,'G',5,2,'active'),(556,14,'G',6,2,'active'),(557,14,'G',7,2,'active'),(558,14,'G',8,2,'active'),(559,14,'G',9,2,'active'),(560,14,'G',10,2,'active'),(561,14,'H',1,3,'active'),(562,14,'H',2,3,'active'),(563,14,'H',3,3,'active'),(564,14,'H',4,3,'active'),(565,14,'H',5,3,'active'),(566,14,'H',6,3,'active'),(567,14,'H',7,3,'active'),(568,14,'H',8,3,'active'),(569,14,'H',9,3,'active'),(570,14,'H',10,3,'active'),(571,14,'J',1,3,'active'),(572,14,'J',2,3,'active'),(573,14,'J',3,3,'active'),(574,14,'J',4,3,'active'),(575,14,'J',5,3,'active'),(576,14,'J',6,3,'active'),(577,14,'J',7,3,'active'),(578,14,'J',8,3,'active'),(579,14,'J',9,3,'active'),(580,14,'J',10,3,'active'),(581,15,'A',1,1,'active'),(582,15,'A',2,1,'active'),(583,15,'A',3,1,'active'),(584,15,'A',4,1,'active'),(585,15,'A',5,1,'active'),(586,15,'A',6,1,'active'),(587,15,'A',7,1,'active'),(588,15,'A',8,1,'active'),(589,15,'A',9,1,'active'),(590,15,'A',10,1,'active'),(591,15,'B',1,1,'active'),(592,15,'B',2,1,'active'),(593,15,'B',3,1,'active'),(594,15,'B',4,1,'active'),(595,15,'B',5,1,'active'),(596,15,'B',6,1,'active'),(597,15,'B',7,1,'active'),(598,15,'B',8,1,'active'),(599,15,'B',9,1,'active'),(600,15,'B',10,1,'active'),(601,15,'C',1,1,'active'),(602,15,'C',2,1,'active'),(603,15,'C',3,1,'active'),(604,15,'C',4,1,'active'),(605,15,'C',5,1,'active'),(606,15,'C',6,1,'active'),(607,15,'C',7,1,'active'),(608,15,'C',8,1,'active'),(609,15,'C',9,1,'active'),(610,15,'C',10,1,'active'),(611,15,'D',1,1,'active'),(612,15,'D',2,1,'active'),(613,15,'D',3,1,'active'),(614,15,'D',4,1,'active'),(615,15,'D',5,1,'active'),(616,15,'D',6,1,'active'),(617,15,'D',7,1,'active'),(618,15,'D',8,1,'active'),(619,15,'D',9,1,'active'),(620,15,'D',10,1,'active'),(621,15,'E',1,2,'active'),(622,15,'E',2,2,'active'),(623,15,'E',3,2,'active'),(624,15,'E',4,2,'active'),(625,15,'E',5,2,'active'),(626,15,'E',6,2,'active'),(627,15,'E',7,2,'active'),(628,15,'E',8,2,'active'),(629,15,'E',9,2,'active'),(630,15,'E',10,2,'active'),(631,15,'F',1,3,'active'),(632,15,'F',2,3,'active'),(633,15,'F',3,3,'active'),(634,15,'F',4,3,'active'),(635,15,'F',5,3,'active'),(636,15,'F',6,3,'active'),(637,15,'F',7,3,'active'),(638,15,'F',8,3,'active'),(639,15,'F',9,3,'active'),(640,15,'F',10,3,'active'),(641,15,'G',1,3,'active'),(642,15,'G',2,3,'active'),(643,15,'G',3,3,'active'),(644,15,'G',4,3,'active'),(645,15,'G',5,3,'active'),(646,15,'G',6,3,'active'),(647,15,'G',7,3,'active'),(648,15,'G',8,3,'active'),(649,15,'G',9,3,'active'),(650,15,'G',10,3,'active'),(1596,20,'A',1,1,'active'),(1597,20,'A',2,1,'active'),(1598,20,'A',3,1,'active'),(1599,20,'A',4,1,'active'),(1600,20,'A',5,1,'active'),(1601,20,'A',6,1,'active'),(1602,20,'A',7,1,'active'),(1603,20,'A',8,1,'active'),(1604,20,'A',9,1,'active'),(1605,20,'A',10,1,'active'),(1606,20,'B',1,1,'active'),(1607,20,'B',2,1,'active'),(1608,20,'B',3,1,'active'),(1609,20,'B',4,1,'active'),(1610,20,'B',5,1,'active'),(1611,20,'B',6,1,'active'),(1612,20,'B',7,1,'active'),(1613,20,'B',8,1,'active'),(1614,20,'B',9,1,'active'),(1615,20,'B',10,1,'active'),(1616,20,'C',1,1,'active'),(1617,20,'C',2,1,'active'),(1618,20,'C',3,1,'active'),(1619,20,'C',4,1,'active'),(1620,20,'C',5,1,'active'),(1621,20,'C',6,1,'active'),(1622,20,'C',7,1,'active'),(1623,20,'C',8,1,'active'),(1624,20,'C',9,1,'active'),(1625,20,'C',10,1,'active'),(1626,20,'D',1,1,'active'),(1627,20,'D',2,1,'active'),(1628,20,'D',3,1,'active'),(1629,20,'D',4,1,'active'),(1630,20,'D',5,1,'active'),(1631,20,'D',6,1,'active'),(1632,20,'D',7,1,'active'),(1633,20,'D',8,1,'active'),(1634,20,'D',9,1,'active'),(1635,20,'D',10,1,'active'),(1636,20,'E',1,1,'active'),(1637,20,'E',2,1,'active'),(1638,20,'E',3,1,'active'),(1639,20,'E',4,1,'active'),(1640,20,'E',5,1,'active'),(1641,20,'E',6,1,'active'),(1642,20,'E',7,1,'active'),(1643,20,'E',8,1,'active'),(1644,20,'E',9,1,'active'),(1645,20,'E',10,1,'active'),(1646,20,'F',1,1,'active'),(1647,20,'F',2,1,'active'),(1648,20,'F',3,2,'active'),(1649,20,'F',4,2,'active'),(1650,20,'F',5,2,'active'),(1651,20,'F',6,2,'active'),(1652,20,'F',7,2,'active'),(1653,20,'F',8,2,'active'),(1654,20,'F',9,2,'active'),(1655,20,'F',10,2,'active'),(1656,20,'G',1,2,'active'),(1657,20,'G',2,2,'active'),(1658,20,'G',3,2,'active'),(1659,20,'G',4,2,'active'),(1660,20,'G',5,2,'active'),(1661,20,'G',6,2,'active'),(1662,20,'G',7,2,'active'),(1663,20,'G',8,2,'active'),(1664,20,'G',9,2,'active'),(1665,20,'G',10,2,'active'),(1666,20,'H',1,2,'active'),(1667,20,'H',2,2,'active'),(1668,20,'H',3,2,'active'),(1669,20,'H',4,2,'active'),(1670,20,'H',5,2,'active'),(1671,20,'H',6,2,'active'),(1672,20,'H',7,2,'active'),(1673,20,'H',8,2,'active'),(1674,20,'H',9,3,'active'),(1675,20,'H',10,3,'active'),(1676,20,'I',1,3,'active'),(1677,20,'I',2,3,'active'),(1678,20,'I',3,3,'active'),(1679,20,'I',4,3,'active'),(1680,20,'I',5,3,'active'),(1681,20,'I',6,3,'active'),(1682,20,'I',7,3,'active'),(1683,21,'A',1,1,'active'),(1684,21,'A',2,1,'active'),(1685,21,'A',3,1,'active'),(1686,21,'A',4,1,'active'),(1687,21,'A',5,1,'active'),(1688,21,'A',6,1,'active'),(1689,21,'A',7,1,'active'),(1690,21,'A',8,1,'active'),(1691,21,'A',9,1,'active'),(1692,21,'A',10,1,'active'),(1693,21,'B',1,1,'active'),(1694,21,'B',2,1,'active'),(1695,21,'B',3,1,'active'),(1696,21,'B',4,1,'active'),(1697,21,'B',5,1,'active'),(1698,21,'B',6,1,'active'),(1699,21,'B',7,1,'active'),(1700,21,'B',8,1,'active'),(1701,21,'B',9,1,'active'),(1702,21,'B',10,1,'active'),(1703,21,'C',1,1,'active'),(1704,21,'C',2,1,'active'),(1705,21,'C',3,1,'active'),(1706,21,'C',4,1,'active'),(1707,21,'C',5,1,'active'),(1708,21,'C',6,1,'active'),(1709,21,'C',7,1,'active'),(1710,21,'C',8,1,'active'),(1711,21,'C',9,1,'active'),(1712,21,'C',10,1,'active'),(1713,21,'D',1,1,'active'),(1714,21,'D',2,1,'active'),(1715,21,'D',3,1,'active'),(1716,21,'D',4,1,'active'),(1717,21,'D',5,1,'active'),(1718,21,'D',6,1,'active'),(1719,21,'D',7,1,'active'),(1720,21,'D',8,1,'active'),(1721,21,'D',9,1,'active'),(1722,21,'D',10,1,'active'),(1723,21,'E',1,1,'active'),(1724,21,'E',2,1,'active'),(1725,21,'E',3,1,'active'),(1726,21,'E',4,1,'active'),(1727,21,'E',5,1,'active'),(1728,21,'E',6,1,'active'),(1729,21,'E',7,1,'active'),(1730,21,'E',8,1,'active'),(1731,21,'E',9,1,'active'),(1732,21,'E',10,1,'active'),(1733,21,'F',1,1,'active'),(1734,21,'F',2,1,'active'),(1735,21,'F',3,1,'active'),(1736,21,'F',4,2,'active'),(1737,21,'F',5,2,'active'),(1738,21,'F',6,2,'active'),(1739,21,'F',7,2,'active'),(1740,21,'F',8,2,'active'),(1741,21,'F',9,2,'active'),(1742,21,'F',10,2,'active'),(1743,21,'G',1,2,'active'),(1744,21,'G',2,2,'active'),(1745,21,'G',3,2,'active'),(1746,21,'G',4,2,'active'),(1747,21,'G',5,2,'active'),(1748,21,'G',6,2,'active'),(1749,21,'G',7,2,'active'),(1750,21,'G',8,2,'active'),(1751,21,'G',9,2,'active'),(1752,21,'G',10,2,'active'),(1753,21,'H',1,2,'active'),(1754,21,'H',2,2,'active'),(1755,21,'H',3,2,'active'),(1756,21,'H',4,2,'active'),(1757,21,'H',5,2,'active'),(1758,21,'H',6,2,'active'),(1759,21,'H',7,2,'active'),(1760,21,'H',8,2,'active'),(1761,21,'H',9,2,'active'),(1762,21,'H',10,2,'active'),(1763,21,'I',1,3,'active'),(1764,21,'I',2,3,'active'),(1765,21,'I',3,3,'active'),(1766,21,'I',4,3,'active'),(1767,21,'I',5,3,'active'),(1768,21,'I',6,3,'active'),(1769,21,'I',7,3,'active'),(1770,21,'I',8,3,'active'),(1771,21,'I',9,3,'active'),(1772,22,'A',1,1,'active'),(1773,22,'A',2,1,'active'),(1774,22,'A',3,1,'active'),(1775,22,'A',4,1,'active'),(1776,22,'A',5,1,'active'),(1777,22,'A',6,1,'active'),(1778,22,'A',7,1,'active'),(1779,22,'A',8,1,'active'),(1780,22,'A',9,1,'active'),(1781,22,'A',10,1,'active'),(1782,22,'B',1,1,'active'),(1783,22,'B',2,1,'active'),(1784,22,'B',3,1,'active'),(1785,22,'B',4,1,'active'),(1786,22,'B',5,1,'active'),(1787,22,'B',6,1,'active'),(1788,22,'B',7,1,'active'),(1789,22,'B',8,1,'active'),(1790,22,'B',9,1,'active'),(1791,22,'B',10,1,'active'),(1792,22,'C',1,1,'active'),(1793,22,'C',2,1,'active'),(1794,22,'C',3,1,'active'),(1795,22,'C',4,1,'active'),(1796,22,'C',5,1,'active'),(1797,22,'C',6,1,'active'),(1798,22,'C',7,1,'active'),(1799,22,'C',8,1,'active'),(1800,22,'C',9,1,'active'),(1801,22,'C',10,1,'active'),(1802,22,'D',1,1,'active'),(1803,22,'D',2,1,'active'),(1804,22,'D',3,1,'active'),(1805,22,'D',4,1,'active'),(1806,22,'D',5,1,'active'),(1807,22,'D',6,1,'active'),(1808,22,'D',7,1,'active'),(1809,22,'D',8,1,'active'),(1810,22,'D',9,1,'active'),(1811,22,'D',10,1,'active'),(1812,22,'E',1,1,'active'),(1813,22,'E',2,1,'active'),(1814,22,'E',3,1,'active'),(1815,22,'E',4,1,'active'),(1816,22,'E',5,1,'active'),(1817,22,'E',6,1,'active'),(1818,22,'E',7,1,'active'),(1819,22,'E',8,1,'active'),(1820,22,'E',9,1,'active'),(1821,22,'E',10,2,'active'),(1822,22,'F',1,2,'active'),(1823,22,'F',2,2,'active'),(1824,22,'F',3,2,'active'),(1825,22,'F',4,2,'active'),(1826,22,'F',5,2,'active'),(1827,22,'F',6,2,'active'),(1828,22,'F',7,2,'active'),(1829,22,'F',8,2,'active'),(1830,22,'F',9,2,'active'),(1831,22,'F',10,2,'active'),(1832,22,'G',1,2,'active'),(1833,22,'G',2,2,'active'),(1834,22,'G',3,2,'active'),(1835,22,'G',4,2,'active'),(1836,22,'G',5,2,'active'),(1837,22,'G',6,2,'active'),(1838,22,'G',7,2,'active'),(1839,22,'G',8,2,'active'),(1840,22,'G',9,2,'active'),(1841,22,'G',10,2,'active'),(1842,22,'H',1,2,'active'),(1843,22,'H',2,2,'active'),(1844,22,'H',3,2,'active'),(1845,22,'H',4,2,'active'),(1846,22,'H',5,3,'active'),(1847,22,'H',6,3,'active'),(1848,22,'H',7,3,'active'),(1849,22,'H',8,3,'active'),(1850,22,'H',9,3,'active'),(1851,22,'H',10,3,'active'),(1852,22,'I',1,3,'active'),(1853,22,'I',2,3,'active'),(1854,22,'I',3,3,'active'),(1855,23,'A',1,1,'active'),(1856,23,'A',2,1,'active'),(1857,23,'A',3,1,'active'),(1858,23,'A',4,1,'active'),(1859,23,'A',5,1,'active'),(1860,23,'A',6,1,'active'),(1861,23,'A',7,1,'active'),(1862,23,'A',8,1,'active'),(1863,23,'A',9,1,'active'),(1864,23,'A',10,1,'active'),(1865,23,'B',1,1,'active'),(1866,23,'B',2,1,'active'),(1867,23,'B',3,1,'active'),(1868,23,'B',4,1,'active'),(1869,23,'B',5,1,'active'),(1870,23,'B',6,1,'active'),(1871,23,'B',7,1,'active'),(1872,23,'B',8,1,'active'),(1873,23,'B',9,1,'active'),(1874,23,'B',10,1,'active'),(1875,23,'C',1,1,'active'),(1876,23,'C',2,1,'active'),(1877,23,'C',3,1,'active'),(1878,23,'C',4,1,'active'),(1879,23,'C',5,1,'active'),(1880,23,'C',6,1,'active'),(1881,23,'C',7,1,'active'),(1882,23,'C',8,1,'active'),(1883,23,'C',9,1,'active'),(1884,23,'C',10,1,'active'),(1885,23,'D',1,1,'active'),(1886,23,'D',2,1,'active'),(1887,23,'D',3,1,'active'),(1888,23,'D',4,1,'active'),(1889,23,'D',5,1,'active'),(1890,23,'D',6,1,'active'),(1891,23,'D',7,1,'active'),(1892,23,'D',8,1,'active'),(1893,23,'D',9,1,'active'),(1894,23,'D',10,1,'active'),(1895,23,'E',1,1,'active'),(1896,23,'E',2,1,'active'),(1897,23,'E',3,1,'active'),(1898,23,'E',4,1,'active'),(1899,23,'E',5,1,'active'),(1900,23,'E',6,1,'active'),(1901,23,'E',7,1,'active'),(1902,23,'E',8,1,'active'),(1903,23,'E',9,2,'active'),(1904,23,'E',10,2,'active'),(1905,23,'F',1,2,'active'),(1906,23,'F',2,2,'active'),(1907,23,'F',3,2,'active'),(1908,23,'F',4,2,'active'),(1909,23,'F',5,2,'active'),(1910,23,'F',6,2,'active'),(1911,23,'F',7,2,'active'),(1912,23,'F',8,2,'active'),(1913,23,'F',9,2,'active'),(1914,23,'F',10,2,'active'),(1915,23,'G',1,2,'active'),(1916,23,'G',2,2,'active'),(1917,23,'G',3,2,'active'),(1918,23,'G',4,2,'active'),(1919,23,'G',5,2,'active'),(1920,23,'G',6,2,'active'),(1921,23,'G',7,2,'active'),(1922,23,'G',8,2,'active'),(1923,23,'G',9,2,'active'),(1924,23,'G',10,2,'active'),(1925,23,'H',1,2,'active'),(1926,23,'H',2,2,'active'),(1927,23,'H',3,3,'active'),(1928,23,'H',4,3,'active'),(1929,23,'H',5,3,'active'),(1930,23,'H',6,3,'active'),(1931,23,'H',7,3,'active'),(1932,23,'H',8,3,'active'),(1933,23,'H',9,3,'active'),(1934,23,'H',10,3,'active'),(1935,24,'A',1,1,'active'),(1936,24,'A',2,1,'active'),(1937,24,'A',3,1,'active'),(1938,24,'A',4,1,'active'),(1939,24,'A',5,1,'active'),(1940,24,'A',6,1,'active'),(1941,24,'A',7,1,'active'),(1942,24,'A',8,1,'active'),(1943,24,'A',9,1,'active'),(1944,24,'A',10,1,'active'),(1945,24,'B',1,1,'active'),(1946,24,'B',2,1,'active'),(1947,24,'B',3,1,'active'),(1948,24,'B',4,1,'active'),(1949,24,'B',5,1,'active'),(1950,24,'B',6,1,'active'),(1951,24,'B',7,1,'active'),(1952,24,'B',8,1,'active'),(1953,24,'B',9,1,'active'),(1954,24,'B',10,1,'active'),(1955,24,'C',1,1,'active'),(1956,24,'C',2,1,'active'),(1957,24,'C',3,1,'active'),(1958,24,'C',4,1,'active'),(1959,24,'C',5,1,'active'),(1960,24,'C',6,1,'active'),(1961,24,'C',7,1,'active'),(1962,24,'C',8,1,'active'),(1963,24,'C',9,1,'active'),(1964,24,'C',10,1,'active'),(1965,24,'D',1,1,'active'),(1966,24,'D',2,1,'active'),(1967,24,'D',3,1,'active'),(1968,24,'D',4,1,'active'),(1969,24,'D',5,1,'active'),(1970,24,'D',6,1,'active'),(1971,24,'D',7,1,'active'),(1972,24,'D',8,1,'active'),(1973,24,'D',9,1,'active'),(1974,24,'D',10,1,'active'),(1975,24,'E',1,1,'active'),(1976,24,'E',2,1,'active'),(1977,24,'E',3,1,'active'),(1978,24,'E',4,1,'active'),(1979,24,'E',5,1,'active'),(1980,24,'E',6,1,'active'),(1981,24,'E',7,1,'active'),(1982,24,'E',8,1,'active'),(1983,24,'E',9,2,'active'),(1984,24,'E',10,2,'active'),(1985,24,'F',1,2,'active'),(1986,24,'F',2,2,'active'),(1987,24,'F',3,2,'active'),(1988,24,'F',4,2,'active'),(1989,24,'F',5,2,'active'),(1990,24,'F',6,2,'active'),(1991,24,'F',7,2,'active'),(1992,24,'F',8,2,'active'),(1993,24,'F',9,2,'active'),(1994,24,'F',10,2,'active'),(1995,24,'G',1,2,'active'),(1996,24,'G',2,2,'active'),(1997,24,'G',3,2,'active'),(1998,24,'G',4,2,'active'),(1999,24,'G',5,2,'active'),(2000,24,'G',6,2,'active'),(2001,24,'G',7,2,'active'),(2002,24,'G',8,2,'active'),(2003,24,'G',9,2,'active'),(2004,24,'G',10,2,'active'),(2005,24,'H',1,2,'active'),(2006,24,'H',2,2,'active'),(2007,24,'H',3,3,'active'),(2008,24,'H',4,3,'active'),(2009,24,'H',5,3,'active'),(2010,24,'H',6,3,'active'),(2011,24,'H',7,3,'active'),(2012,24,'H',8,3,'active'),(2013,24,'H',9,3,'active'),(2014,24,'H',10,3,'active'),(2015,25,'A',1,1,'active'),(2016,25,'A',2,1,'active'),(2017,25,'A',3,1,'active'),(2018,25,'A',4,1,'active'),(2019,25,'A',5,1,'active'),(2020,25,'A',6,1,'active'),(2021,25,'A',7,1,'active'),(2022,25,'A',8,1,'active'),(2023,25,'A',9,1,'active'),(2024,25,'A',10,1,'active'),(2025,25,'B',1,1,'active'),(2026,25,'B',2,1,'active'),(2027,25,'B',3,1,'active'),(2028,25,'B',4,1,'active'),(2029,25,'B',5,1,'active'),(2030,25,'B',6,1,'active'),(2031,25,'B',7,1,'active'),(2032,25,'B',8,1,'active'),(2033,25,'B',9,1,'active'),(2034,25,'B',10,1,'active'),(2035,25,'C',1,1,'active'),(2036,25,'C',2,1,'active'),(2037,25,'C',3,1,'active'),(2038,25,'C',4,1,'active'),(2039,25,'C',5,1,'active'),(2040,25,'C',6,1,'active'),(2041,25,'C',7,1,'active'),(2042,25,'C',8,1,'active'),(2043,25,'C',9,1,'active'),(2044,25,'C',10,1,'active'),(2045,25,'D',1,1,'active'),(2046,25,'D',2,1,'active'),(2047,25,'D',3,1,'active'),(2048,25,'D',4,1,'active'),(2049,25,'D',5,1,'active'),(2050,25,'D',6,1,'active'),(2051,25,'D',7,1,'active'),(2052,25,'D',8,1,'active'),(2053,25,'D',9,1,'active'),(2054,25,'D',10,1,'active'),(2055,25,'E',1,1,'active'),(2056,25,'E',2,1,'active'),(2057,25,'E',3,1,'active'),(2058,25,'E',4,1,'active'),(2059,25,'E',5,1,'active'),(2060,25,'E',6,1,'active'),(2061,25,'E',7,1,'active'),(2062,25,'E',8,1,'active'),(2063,25,'E',9,2,'active'),(2064,25,'E',10,2,'active'),(2065,25,'F',1,2,'active'),(2066,25,'F',2,2,'active'),(2067,25,'F',3,2,'active'),(2068,25,'F',4,2,'active'),(2069,25,'F',5,2,'active'),(2070,25,'F',6,2,'active'),(2071,25,'F',7,2,'active'),(2072,25,'F',8,2,'active'),(2073,25,'F',9,2,'active'),(2074,25,'F',10,2,'active'),(2075,25,'G',1,2,'active'),(2076,25,'G',2,2,'active'),(2077,25,'G',3,2,'active'),(2078,25,'G',4,2,'active'),(2079,25,'G',5,2,'active'),(2080,25,'G',6,2,'active'),(2081,25,'G',7,2,'active'),(2082,25,'G',8,2,'active'),(2083,25,'G',9,2,'active'),(2084,25,'G',10,2,'active'),(2085,25,'H',1,2,'active'),(2086,25,'H',2,2,'active'),(2087,25,'H',3,3,'active'),(2088,25,'H',4,3,'active'),(2089,25,'H',5,3,'active'),(2090,25,'H',6,3,'active'),(2091,25,'H',7,3,'active'),(2092,25,'H',8,3,'active'),(2093,25,'H',9,3,'active'),(2094,25,'H',10,3,'active'),(2095,25,'I',1,3,'active'),(2096,26,'A',1,1,'active'),(2097,26,'A',2,1,'active'),(2098,26,'A',3,1,'active'),(2099,26,'A',4,1,'active'),(2100,26,'A',5,1,'active'),(2101,26,'A',6,1,'active'),(2102,26,'A',7,1,'active'),(2103,26,'A',8,1,'active'),(2104,26,'A',9,1,'active'),(2105,26,'A',10,1,'active'),(2106,26,'B',1,1,'active'),(2107,26,'B',2,1,'active'),(2108,26,'B',3,1,'active'),(2109,26,'B',4,1,'active'),(2110,26,'B',5,1,'active'),(2111,26,'B',6,1,'active'),(2112,26,'B',7,1,'active'),(2113,26,'B',8,1,'active'),(2114,26,'B',9,1,'active'),(2115,26,'B',10,1,'active'),(2116,26,'C',1,1,'active'),(2117,26,'C',2,1,'active'),(2118,26,'C',3,1,'active'),(2119,26,'C',4,1,'active'),(2120,26,'C',5,1,'active'),(2121,26,'C',6,1,'active'),(2122,26,'C',7,1,'active'),(2123,26,'C',8,1,'active'),(2124,26,'C',9,1,'active'),(2125,26,'C',10,1,'active'),(2126,26,'D',1,1,'active'),(2127,26,'D',2,1,'active'),(2128,26,'D',3,1,'active'),(2129,26,'D',4,1,'active'),(2130,26,'D',5,1,'active'),(2131,26,'D',6,1,'active'),(2132,26,'D',7,1,'active'),(2133,26,'D',8,1,'active'),(2134,26,'D',9,1,'active'),(2135,26,'D',10,1,'active'),(2136,26,'E',1,1,'active'),(2137,26,'E',2,1,'active'),(2138,26,'E',3,1,'active'),(2139,26,'E',4,1,'active'),(2140,26,'E',5,1,'active'),(2141,26,'E',6,1,'active'),(2142,26,'E',7,1,'active'),(2143,26,'E',8,1,'active'),(2144,26,'E',9,1,'active'),(2145,26,'E',10,1,'active'),(2146,26,'F',1,2,'active'),(2147,26,'F',2,2,'active'),(2148,26,'F',3,2,'active'),(2149,26,'F',4,2,'active'),(2150,26,'F',5,2,'active'),(2151,26,'F',6,2,'active'),(2152,26,'F',7,2,'active'),(2153,26,'F',8,2,'active'),(2154,26,'F',9,2,'active'),(2155,26,'F',10,2,'active'),(2156,26,'G',1,2,'active'),(2157,26,'G',2,2,'active'),(2158,26,'G',3,2,'active'),(2159,26,'G',4,2,'active'),(2160,26,'G',5,2,'active'),(2161,26,'G',6,2,'active'),(2162,26,'G',7,2,'active'),(2163,26,'G',8,2,'active'),(2164,26,'G',9,2,'active'),(2165,26,'G',10,2,'active'),(2166,26,'H',1,2,'active'),(2167,26,'H',2,2,'active'),(2168,26,'H',3,2,'active'),(2169,26,'H',4,2,'active'),(2170,26,'H',5,2,'active'),(2171,26,'H',6,3,'active'),(2172,26,'H',7,3,'active'),(2173,26,'H',8,3,'active'),(2174,26,'H',9,3,'active'),(2175,26,'H',10,3,'active'),(2176,26,'I',1,3,'active'),(2177,26,'I',2,3,'active'),(2178,26,'I',3,3,'active'),(2179,26,'I',4,3,'active'),(2180,27,'A',1,1,'active'),(2181,27,'A',2,1,'active'),(2182,27,'A',3,1,'active'),(2183,27,'A',4,1,'active'),(2184,27,'A',5,1,'active'),(2185,27,'A',6,1,'active'),(2186,27,'A',7,1,'active'),(2187,27,'A',8,1,'active'),(2188,27,'A',9,1,'active'),(2189,27,'A',10,1,'active'),(2190,27,'B',1,1,'active'),(2191,27,'B',2,1,'active'),(2192,27,'B',3,1,'active'),(2193,27,'B',4,1,'active'),(2194,27,'B',5,1,'active'),(2195,27,'B',6,1,'active'),(2196,27,'B',7,1,'active'),(2197,27,'B',8,1,'active'),(2198,27,'B',9,1,'active'),(2199,27,'B',10,1,'active'),(2200,27,'C',1,1,'active'),(2201,27,'C',2,1,'active'),(2202,27,'C',3,1,'active'),(2203,27,'C',4,1,'active'),(2204,27,'C',5,1,'active'),(2205,27,'C',6,1,'active'),(2206,27,'C',7,1,'active'),(2207,27,'C',8,1,'active'),(2208,27,'C',9,1,'active'),(2209,27,'C',10,1,'active'),(2210,27,'D',1,1,'active'),(2211,27,'D',2,1,'active'),(2212,27,'D',3,1,'active'),(2213,27,'D',4,1,'active'),(2214,27,'D',5,1,'active'),(2215,27,'D',6,1,'active'),(2216,27,'D',7,1,'active'),(2217,27,'D',8,1,'active'),(2218,27,'D',9,1,'active'),(2219,27,'D',10,1,'active'),(2220,27,'E',1,1,'active'),(2221,27,'E',2,1,'active'),(2222,27,'E',3,1,'active'),(2223,27,'E',4,1,'active'),(2224,27,'E',5,1,'active'),(2225,27,'E',6,1,'active'),(2226,27,'E',7,1,'active'),(2227,27,'E',8,1,'active'),(2228,27,'E',9,1,'active'),(2229,27,'E',10,1,'active'),(2230,27,'F',1,1,'active'),(2231,27,'F',2,1,'active'),(2232,27,'F',3,1,'active'),(2233,27,'F',4,1,'active'),(2234,27,'F',5,2,'active'),(2235,27,'F',6,2,'active'),(2236,27,'F',7,2,'active'),(2237,27,'F',8,2,'active'),(2238,27,'F',9,2,'active'),(2239,27,'F',10,2,'active'),(2240,27,'G',1,2,'active'),(2241,27,'G',2,2,'active'),(2242,27,'G',3,2,'active'),(2243,27,'G',4,2,'active'),(2244,27,'G',5,2,'active'),(2245,27,'G',6,2,'active'),(2246,27,'G',7,2,'active'),(2247,27,'G',8,2,'active'),(2248,27,'G',9,2,'active'),(2249,27,'G',10,2,'active'),(2250,27,'H',1,2,'active'),(2251,27,'H',2,2,'active'),(2252,27,'H',3,2,'active'),(2253,27,'H',4,2,'active'),(2254,27,'H',5,2,'active'),(2255,27,'H',6,2,'active'),(2256,27,'H',7,2,'active'),(2257,27,'H',8,2,'active'),(2258,27,'H',9,2,'active'),(2259,27,'H',10,2,'active'),(2260,27,'I',1,2,'active'),(2261,27,'I',2,3,'active'),(2262,27,'I',3,3,'active'),(2263,27,'I',4,3,'active'),(2264,27,'I',5,3,'active'),(2265,27,'I',6,3,'active'),(2266,27,'I',7,3,'active'),(2267,27,'I',8,3,'active'),(2268,27,'I',9,3,'active'),(2269,27,'I',10,3,'active'),(2270,28,'A',1,1,'active'),(2271,28,'A',2,1,'active'),(2272,28,'A',3,1,'active'),(2273,28,'A',4,1,'active'),(2274,28,'A',5,1,'active'),(2275,28,'A',6,1,'active'),(2276,28,'A',7,1,'active'),(2277,28,'A',8,1,'active'),(2278,28,'A',9,1,'active'),(2279,28,'A',10,1,'active'),(2280,28,'B',1,1,'active'),(2281,28,'B',2,1,'active'),(2282,28,'B',3,1,'active'),(2283,28,'B',4,1,'active'),(2284,28,'B',5,1,'active'),(2285,28,'B',6,1,'active'),(2286,28,'B',7,1,'active'),(2287,28,'B',8,1,'active'),(2288,28,'B',9,1,'active'),(2289,28,'B',10,1,'active'),(2290,28,'C',1,1,'active'),(2291,28,'C',2,1,'active'),(2292,28,'C',3,1,'active'),(2293,28,'C',4,1,'active'),(2294,28,'C',5,1,'active'),(2295,28,'C',6,1,'active'),(2296,28,'C',7,1,'active'),(2297,28,'C',8,1,'active'),(2298,28,'C',9,1,'active'),(2299,28,'C',10,1,'active'),(2300,28,'D',1,1,'active'),(2301,28,'D',2,1,'active'),(2302,28,'D',3,1,'active'),(2303,28,'D',4,1,'active'),(2304,28,'D',5,1,'active'),(2305,28,'D',6,1,'active'),(2306,28,'D',7,1,'active'),(2307,28,'D',8,1,'active'),(2308,28,'D',9,1,'active'),(2309,28,'D',10,1,'active'),(2310,28,'E',1,1,'active'),(2311,28,'E',2,1,'active'),(2312,28,'E',3,1,'active'),(2313,28,'E',4,1,'active'),(2314,28,'E',5,1,'active'),(2315,28,'E',6,1,'active'),(2316,28,'E',7,1,'active'),(2317,28,'E',8,1,'active'),(2318,28,'E',9,1,'active'),(2319,28,'E',10,2,'active'),(2320,28,'F',1,2,'active'),(2321,28,'F',2,2,'active'),(2322,28,'F',3,2,'active'),(2323,28,'F',4,2,'active'),(2324,28,'F',5,2,'active'),(2325,28,'F',6,2,'active'),(2326,28,'F',7,2,'active'),(2327,28,'F',8,2,'active'),(2328,28,'F',9,2,'active'),(2329,28,'F',10,2,'active'),(2330,28,'G',1,2,'active'),(2331,28,'G',2,2,'active'),(2332,28,'G',3,2,'active'),(2333,28,'G',4,2,'active'),(2334,28,'G',5,2,'active'),(2335,28,'G',6,2,'active'),(2336,28,'G',7,2,'active'),(2337,28,'G',8,2,'active'),(2338,28,'G',9,2,'active'),(2339,28,'G',10,2,'active'),(2340,28,'H',1,2,'active'),(2341,28,'H',2,2,'active'),(2342,28,'H',3,2,'active'),(2343,28,'H',4,3,'active'),(2344,28,'H',5,3,'active'),(2345,28,'H',6,3,'active'),(2346,28,'H',7,3,'active'),(2347,28,'H',8,3,'active'),(2348,28,'H',9,3,'active'),(2349,28,'H',10,3,'active'),(2350,28,'I',1,3,'active'),(2351,28,'I',2,3,'active'),(2352,29,'A',1,1,'active'),(2353,29,'A',2,1,'active'),(2354,29,'A',3,1,'active'),(2355,29,'A',4,1,'active'),(2356,29,'A',5,1,'active'),(2357,29,'A',6,1,'active'),(2358,29,'A',7,1,'active'),(2359,29,'A',8,1,'active'),(2360,29,'A',9,1,'active'),(2361,29,'A',10,1,'active'),(2362,29,'B',1,1,'active'),(2363,29,'B',2,1,'active'),(2364,29,'B',3,1,'active'),(2365,29,'B',4,1,'active'),(2366,29,'B',5,1,'active'),(2367,29,'B',6,1,'active'),(2368,29,'B',7,1,'active'),(2369,29,'B',8,1,'active'),(2370,29,'B',9,1,'active'),(2371,29,'B',10,1,'active'),(2372,29,'C',1,1,'active'),(2373,29,'C',2,1,'active'),(2374,29,'C',3,1,'active'),(2375,29,'C',4,1,'active'),(2376,29,'C',5,1,'active'),(2377,29,'C',6,1,'active'),(2378,29,'C',7,1,'active'),(2379,29,'C',8,1,'active'),(2380,29,'C',9,1,'active'),(2381,29,'C',10,1,'active'),(2382,29,'D',1,1,'active'),(2383,29,'D',2,1,'active'),(2384,29,'D',3,1,'active'),(2385,29,'D',4,1,'active'),(2386,29,'D',5,1,'active'),(2387,29,'D',6,1,'active'),(2388,29,'D',7,1,'active'),(2389,29,'D',8,1,'active'),(2390,29,'D',9,1,'active'),(2391,29,'D',10,1,'active'),(2392,29,'E',1,1,'active'),(2393,29,'E',2,1,'active'),(2394,29,'E',3,1,'active'),(2395,29,'E',4,1,'active'),(2396,29,'E',5,1,'active'),(2397,29,'E',6,1,'active'),(2398,29,'E',7,1,'active'),(2399,29,'E',8,1,'active'),(2400,29,'E',9,1,'active'),(2401,29,'E',10,1,'active'),(2402,29,'F',1,2,'active'),(2403,29,'F',2,2,'active'),(2404,29,'F',3,2,'active'),(2405,29,'F',4,2,'active'),(2406,29,'F',5,2,'active'),(2407,29,'F',6,2,'active'),(2408,29,'F',7,2,'active'),(2409,29,'F',8,2,'active'),(2410,29,'F',9,2,'active'),(2411,29,'F',10,2,'active'),(2412,29,'G',1,2,'active'),(2413,29,'G',2,2,'active'),(2414,29,'G',3,2,'active'),(2415,29,'G',4,2,'active'),(2416,29,'G',5,2,'active'),(2417,29,'G',6,2,'active'),(2418,29,'G',7,2,'active'),(2419,29,'G',8,2,'active'),(2420,29,'G',9,2,'active'),(2421,29,'G',10,2,'active'),(2422,29,'H',1,2,'active'),(2423,29,'H',2,2,'active'),(2424,29,'H',3,2,'active'),(2425,29,'H',4,2,'active'),(2426,29,'H',5,2,'active'),(2427,29,'H',6,3,'active'),(2428,29,'H',7,3,'active'),(2429,29,'H',8,3,'active'),(2430,29,'H',9,3,'active'),(2431,29,'H',10,3,'active'),(2432,29,'I',1,3,'active'),(2433,29,'I',2,3,'active'),(2434,29,'I',3,3,'active'),(2435,29,'I',4,3,'active'),(2436,30,'A',1,1,'active'),(2437,30,'A',2,1,'active'),(2438,30,'A',3,1,'active'),(2439,30,'A',4,1,'active'),(2440,30,'A',5,1,'active'),(2441,30,'A',6,1,'active'),(2442,30,'A',7,1,'active'),(2443,30,'A',8,1,'active'),(2444,30,'A',9,1,'active'),(2445,30,'A',10,1,'active'),(2446,30,'B',1,1,'active'),(2447,30,'B',2,1,'active'),(2448,30,'B',3,1,'active'),(2449,30,'B',4,1,'active'),(2450,30,'B',5,1,'active'),(2451,30,'B',6,1,'active'),(2452,30,'B',7,1,'active'),(2453,30,'B',8,1,'active'),(2454,30,'B',9,1,'active'),(2455,30,'B',10,1,'active'),(2456,30,'C',1,1,'active'),(2457,30,'C',2,1,'active'),(2458,30,'C',3,1,'active'),(2459,30,'C',4,1,'active'),(2460,30,'C',5,1,'active'),(2461,30,'C',6,1,'active'),(2462,30,'C',7,1,'active'),(2463,30,'C',8,1,'active'),(2464,30,'C',9,1,'active'),(2465,30,'C',10,1,'active'),(2466,30,'D',1,1,'active'),(2467,30,'D',2,1,'active'),(2468,30,'D',3,1,'active'),(2469,30,'D',4,1,'active'),(2470,30,'D',5,1,'active'),(2471,30,'D',6,1,'active'),(2472,30,'D',7,1,'active'),(2473,30,'D',8,1,'active'),(2474,30,'D',9,1,'active'),(2475,30,'D',10,1,'active'),(2476,30,'E',1,1,'active'),(2477,30,'E',2,1,'active'),(2478,30,'E',3,1,'active'),(2479,30,'E',4,1,'active'),(2480,30,'E',5,1,'active'),(2481,30,'E',6,1,'active'),(2482,30,'E',7,1,'active'),(2483,30,'E',8,1,'active'),(2484,30,'E',9,1,'active'),(2485,30,'E',10,1,'active'),(2486,30,'F',1,2,'active'),(2487,30,'F',2,2,'active'),(2488,30,'F',3,2,'active'),(2489,30,'F',4,2,'active'),(2490,30,'F',5,2,'active'),(2491,30,'F',6,2,'active'),(2492,30,'F',7,2,'active'),(2493,30,'F',8,2,'active'),(2494,30,'F',9,2,'active'),(2495,30,'F',10,2,'active'),(2496,30,'G',1,2,'active'),(2497,30,'G',2,2,'active'),(2498,30,'G',3,2,'active'),(2499,30,'G',4,2,'active'),(2500,30,'G',5,2,'active'),(2501,30,'G',6,2,'active'),(2502,30,'G',7,2,'active'),(2503,30,'G',8,2,'active'),(2504,30,'G',9,2,'active'),(2505,30,'G',10,2,'active'),(2506,30,'H',1,2,'active'),(2507,30,'H',2,2,'active'),(2508,30,'H',3,2,'active'),(2509,30,'H',4,2,'active'),(2510,30,'H',5,2,'active'),(2511,30,'H',6,3,'active'),(2512,30,'H',7,3,'active'),(2513,30,'H',8,3,'active'),(2514,30,'H',9,3,'active'),(2515,30,'H',10,3,'active'),(2516,30,'I',1,3,'active'),(2517,30,'I',2,3,'active'),(2518,30,'I',3,3,'active'),(2519,30,'I',4,3,'active'),(2520,31,'A',1,1,'active'),(2521,31,'A',2,1,'active'),(2522,31,'A',3,1,'active'),(2523,31,'A',4,1,'active'),(2524,31,'A',5,1,'active'),(2525,31,'A',6,1,'active'),(2526,31,'A',7,1,'active'),(2527,31,'A',8,1,'active'),(2528,31,'A',9,1,'active'),(2529,31,'A',10,1,'active'),(2530,31,'B',1,1,'active'),(2531,31,'B',2,1,'active'),(2532,31,'B',3,1,'active'),(2533,31,'B',4,1,'active'),(2534,31,'B',5,1,'active'),(2535,31,'B',6,1,'active'),(2536,31,'B',7,1,'active'),(2537,31,'B',8,1,'active'),(2538,31,'B',9,1,'active'),(2539,31,'B',10,1,'active'),(2540,31,'C',1,1,'active'),(2541,31,'C',2,1,'active'),(2542,31,'C',3,1,'active'),(2543,31,'C',4,1,'active'),(2544,31,'C',5,1,'active'),(2545,31,'C',6,1,'active'),(2546,31,'C',7,1,'active'),(2547,31,'C',8,1,'active'),(2548,31,'C',9,1,'active'),(2549,31,'C',10,1,'active'),(2550,31,'D',1,1,'active'),(2551,31,'D',2,1,'active'),(2552,31,'D',3,1,'active'),(2553,31,'D',4,1,'active'),(2554,31,'D',5,1,'active'),(2555,31,'D',6,1,'active'),(2556,31,'D',7,1,'active'),(2557,31,'D',8,1,'active'),(2558,31,'D',9,1,'active'),(2559,31,'D',10,1,'active'),(2560,31,'E',1,1,'active'),(2561,31,'E',2,1,'active'),(2562,31,'E',3,1,'active'),(2563,31,'E',4,1,'active'),(2564,31,'E',5,1,'active'),(2565,31,'E',6,1,'active'),(2566,31,'E',7,1,'active'),(2567,31,'E',8,1,'active'),(2568,31,'E',9,1,'active'),(2569,31,'E',10,1,'active'),(2570,31,'F',1,1,'active'),(2571,31,'F',2,1,'active'),(2572,31,'F',3,1,'active'),(2573,31,'F',4,1,'active'),(2574,31,'F',5,2,'active'),(2575,31,'F',6,2,'active'),(2576,31,'F',7,2,'active'),(2577,31,'F',8,2,'active'),(2578,31,'F',9,2,'active'),(2579,31,'F',10,2,'active'),(2580,31,'G',1,2,'active'),(2581,31,'G',2,2,'active'),(2582,31,'G',3,2,'active'),(2583,31,'G',4,2,'active'),(2584,31,'G',5,2,'active'),(2585,31,'G',6,2,'active'),(2586,31,'G',7,2,'active'),(2587,31,'G',8,2,'active'),(2588,31,'G',9,2,'active'),(2589,31,'G',10,2,'active'),(2590,31,'H',1,2,'active'),(2591,31,'H',2,2,'active'),(2592,31,'H',3,2,'active'),(2593,31,'H',4,2,'active'),(2594,31,'H',5,2,'active'),(2595,31,'H',6,2,'active'),(2596,31,'H',7,2,'active'),(2597,31,'H',8,2,'active'),(2598,31,'H',9,2,'active'),(2599,31,'H',10,2,'active'),(2600,31,'I',1,2,'active'),(2601,31,'I',2,3,'active'),(2602,31,'I',3,3,'active'),(2603,31,'I',4,3,'active'),(2604,31,'I',5,3,'active'),(2605,31,'I',6,3,'active'),(2606,31,'I',7,3,'active'),(2607,31,'I',8,3,'active'),(2608,31,'I',9,3,'active'),(2609,31,'I',10,3,'active'),(2610,32,'A',1,1,'active'),(2611,32,'A',2,1,'active'),(2612,32,'A',3,1,'active'),(2613,32,'A',4,1,'active'),(2614,32,'A',5,1,'active'),(2615,32,'A',6,1,'active'),(2616,32,'A',7,1,'active'),(2617,32,'A',8,1,'active'),(2618,32,'A',9,1,'active'),(2619,32,'A',10,1,'active'),(2620,32,'B',1,1,'active'),(2621,32,'B',2,1,'active'),(2622,32,'B',3,1,'active'),(2623,32,'B',4,1,'active'),(2624,32,'B',5,1,'active'),(2625,32,'B',6,1,'active'),(2626,32,'B',7,1,'active'),(2627,32,'B',8,1,'active'),(2628,32,'B',9,1,'active'),(2629,32,'B',10,1,'active'),(2630,32,'C',1,1,'active'),(2631,32,'C',2,1,'active'),(2632,32,'C',3,1,'active'),(2633,32,'C',4,1,'active'),(2634,32,'C',5,1,'active'),(2635,32,'C',6,1,'active'),(2636,32,'C',7,1,'active'),(2637,32,'C',8,1,'active'),(2638,32,'C',9,1,'active'),(2639,32,'C',10,1,'active'),(2640,32,'D',1,1,'active'),(2641,32,'D',2,1,'active'),(2642,32,'D',3,1,'active'),(2643,32,'D',4,1,'active'),(2644,32,'D',5,1,'active'),(2645,32,'D',6,1,'active'),(2646,32,'D',7,1,'active'),(2647,32,'D',8,1,'active'),(2648,32,'D',9,1,'active'),(2649,32,'D',10,1,'active'),(2650,32,'E',1,1,'active'),(2651,32,'E',2,1,'active'),(2652,32,'E',3,1,'active'),(2653,32,'E',4,1,'active'),(2654,32,'E',5,1,'active'),(2655,32,'E',6,1,'active'),(2656,32,'E',7,1,'active'),(2657,32,'E',8,1,'active'),(2658,32,'E',9,1,'active'),(2659,32,'E',10,2,'active'),(2660,32,'F',1,2,'active'),(2661,32,'F',2,2,'active'),(2662,32,'F',3,2,'active'),(2663,32,'F',4,2,'active'),(2664,32,'F',5,2,'active'),(2665,32,'F',6,2,'active'),(2666,32,'F',7,2,'active'),(2667,32,'F',8,2,'active'),(2668,32,'F',9,2,'active'),(2669,32,'F',10,2,'active'),(2670,32,'G',1,2,'active'),(2671,32,'G',2,2,'active'),(2672,32,'G',3,2,'active'),(2673,32,'G',4,2,'active'),(2674,32,'G',5,2,'active'),(2675,32,'G',6,2,'active'),(2676,32,'G',7,2,'active'),(2677,32,'G',8,2,'active'),(2678,32,'G',9,2,'active'),(2679,32,'G',10,2,'active'),(2680,32,'H',1,2,'active'),(2681,32,'H',2,2,'active'),(2682,32,'H',3,2,'active'),(2683,32,'H',4,2,'active'),(2684,32,'H',5,3,'active'),(2685,32,'H',6,3,'active'),(2686,32,'H',7,3,'active'),(2687,32,'H',8,3,'active'),(2688,32,'H',9,3,'active'),(2689,32,'H',10,3,'active'),(2690,32,'I',1,3,'active'),(2691,32,'I',2,3,'active'),(2692,32,'I',3,3,'active'),(2693,33,'A',1,1,'active'),(2694,33,'A',2,1,'active'),(2695,33,'A',3,1,'active'),(2696,33,'A',4,1,'active'),(2697,33,'A',5,1,'active'),(2698,33,'A',6,1,'active'),(2699,33,'A',7,1,'active'),(2700,33,'A',8,1,'active'),(2701,33,'A',9,1,'active'),(2702,33,'A',10,1,'active'),(2703,33,'B',1,1,'active'),(2704,33,'B',2,1,'active'),(2705,33,'B',3,1,'active'),(2706,33,'B',4,1,'active'),(2707,33,'B',5,1,'active'),(2708,33,'B',6,1,'active'),(2709,33,'B',7,1,'active'),(2710,33,'B',8,1,'active'),(2711,33,'B',9,1,'active'),(2712,33,'B',10,1,'active'),(2713,33,'C',1,1,'active'),(2714,33,'C',2,1,'active'),(2715,33,'C',3,1,'active'),(2716,33,'C',4,1,'active'),(2717,33,'C',5,1,'active'),(2718,33,'C',6,1,'active'),(2719,33,'C',7,1,'active'),(2720,33,'C',8,1,'active'),(2721,33,'C',9,1,'active'),(2722,33,'C',10,1,'active'),(2723,33,'D',1,1,'active'),(2724,33,'D',2,1,'active'),(2725,33,'D',3,1,'active'),(2726,33,'D',4,1,'active'),(2727,33,'D',5,1,'active'),(2728,33,'D',6,1,'active'),(2729,33,'D',7,1,'active'),(2730,33,'D',8,1,'active'),(2731,33,'D',9,1,'active'),(2732,33,'D',10,1,'active'),(2733,33,'E',1,1,'active'),(2734,33,'E',2,1,'active'),(2735,33,'E',3,1,'active'),(2736,33,'E',4,1,'active'),(2737,33,'E',5,1,'active'),(2738,33,'E',6,1,'active'),(2739,33,'E',7,1,'active'),(2740,33,'E',8,1,'active'),(2741,33,'E',9,1,'active'),(2742,33,'E',10,1,'active'),(2743,33,'F',1,1,'active'),(2744,33,'F',2,1,'active'),(2745,33,'F',3,1,'active'),(2746,33,'F',4,1,'active'),(2747,33,'F',5,2,'active'),(2748,33,'F',6,2,'active'),(2749,33,'F',7,2,'active'),(2750,33,'F',8,2,'active'),(2751,33,'F',9,2,'active'),(2752,33,'F',10,2,'active'),(2753,33,'G',1,2,'active'),(2754,33,'G',2,2,'active'),(2755,33,'G',3,2,'active'),(2756,33,'G',4,2,'active'),(2757,33,'G',5,2,'active'),(2758,33,'G',6,2,'active'),(2759,33,'G',7,2,'active'),(2760,33,'G',8,2,'active'),(2761,33,'G',9,2,'active'),(2762,33,'G',10,2,'active'),(2763,33,'H',1,2,'active'),(2764,33,'H',2,2,'active'),(2765,33,'H',3,2,'active'),(2766,33,'H',4,2,'active'),(2767,33,'H',5,2,'active'),(2768,33,'H',6,2,'active'),(2769,33,'H',7,2,'active'),(2770,33,'H',8,2,'active'),(2771,33,'H',9,2,'active'),(2772,33,'H',10,2,'active'),(2773,33,'I',1,2,'active'),(2774,33,'I',2,3,'active'),(2775,33,'I',3,3,'active'),(2776,33,'I',4,3,'active'),(2777,33,'I',5,3,'active'),(2778,33,'I',6,3,'active'),(2779,33,'I',7,3,'active'),(2780,33,'I',8,3,'active'),(2781,33,'I',9,3,'active'),(2782,33,'I',10,3,'active'),(2783,34,'A',1,1,'active'),(2784,34,'A',2,1,'active'),(2785,34,'A',3,1,'active'),(2786,34,'A',4,1,'active'),(2787,34,'A',5,1,'active'),(2788,34,'A',6,1,'active'),(2789,34,'A',7,1,'active'),(2790,34,'A',8,1,'active'),(2791,34,'A',9,1,'active'),(2792,34,'A',10,1,'active'),(2793,34,'B',1,1,'active'),(2794,34,'B',2,1,'active'),(2795,34,'B',3,1,'active'),(2796,34,'B',4,1,'active'),(2797,34,'B',5,1,'active'),(2798,34,'B',6,1,'active'),(2799,34,'B',7,1,'active'),(2800,34,'B',8,1,'active'),(2801,34,'B',9,1,'active'),(2802,34,'B',10,1,'active'),(2803,34,'C',1,1,'active'),(2804,34,'C',2,1,'active'),(2805,34,'C',3,1,'active'),(2806,34,'C',4,1,'active'),(2807,34,'C',5,1,'active'),(2808,34,'C',6,1,'active'),(2809,34,'C',7,1,'active'),(2810,34,'C',8,1,'active'),(2811,34,'C',9,1,'active'),(2812,34,'C',10,1,'active'),(2813,34,'D',1,1,'active'),(2814,34,'D',2,1,'active'),(2815,34,'D',3,1,'active'),(2816,34,'D',4,1,'active'),(2817,34,'D',5,1,'active'),(2818,34,'D',6,1,'active'),(2819,34,'D',7,1,'active'),(2820,34,'D',8,1,'active'),(2821,34,'D',9,1,'active'),(2822,34,'D',10,1,'active'),(2823,34,'E',1,1,'active'),(2824,34,'E',2,1,'active'),(2825,34,'E',3,1,'active'),(2826,34,'E',4,1,'active'),(2827,34,'E',5,1,'active'),(2828,34,'E',6,1,'active'),(2829,34,'E',7,1,'active'),(2830,34,'E',8,1,'active'),(2831,34,'E',9,1,'active'),(2832,34,'E',10,1,'active'),(2833,34,'F',1,1,'active'),(2834,34,'F',2,1,'active'),(2835,34,'F',3,2,'active'),(2836,34,'F',4,2,'active'),(2837,34,'F',5,2,'active'),(2838,34,'F',6,2,'active'),(2839,34,'F',7,2,'active'),(2840,34,'F',8,2,'active'),(2841,34,'F',9,2,'active'),(2842,34,'F',10,2,'active'),(2843,34,'G',1,2,'active'),(2844,34,'G',2,2,'active'),(2845,34,'G',3,2,'active'),(2846,34,'G',4,2,'active'),(2847,34,'G',5,2,'active'),(2848,34,'G',6,2,'active'),(2849,34,'G',7,2,'active'),(2850,34,'G',8,2,'active'),(2851,34,'G',9,2,'active'),(2852,34,'G',10,2,'active'),(2853,34,'H',1,2,'active'),(2854,34,'H',2,2,'active'),(2855,34,'H',3,2,'active'),(2856,34,'H',4,2,'active'),(2857,34,'H',5,2,'active'),(2858,34,'H',6,2,'active'),(2859,34,'H',7,2,'active'),(2860,34,'H',8,2,'active'),(2861,34,'H',9,2,'active'),(2862,34,'H',10,3,'active'),(2863,34,'I',1,3,'active'),(2864,34,'I',2,3,'active'),(2865,34,'I',3,3,'active'),(2866,34,'I',4,3,'active'),(2867,34,'I',5,3,'active'),(2868,34,'I',6,3,'active'),(2869,34,'I',7,3,'active'),(2870,34,'I',8,3,'active'),(2871,35,'A',1,1,'active'),(2872,35,'A',2,1,'active'),(2873,35,'A',3,1,'active'),(2874,35,'A',4,1,'active'),(2875,35,'A',5,1,'active'),(2876,35,'A',6,1,'active'),(2877,35,'A',7,1,'active'),(2878,35,'A',8,1,'active'),(2879,35,'A',9,1,'active'),(2880,35,'A',10,1,'active'),(2881,35,'B',1,1,'active'),(2882,35,'B',2,1,'active'),(2883,35,'B',3,1,'active'),(2884,35,'B',4,1,'active'),(2885,35,'B',5,1,'active'),(2886,35,'B',6,1,'active'),(2887,35,'B',7,1,'active'),(2888,35,'B',8,1,'active'),(2889,35,'B',9,1,'active'),(2890,35,'B',10,1,'active'),(2891,35,'C',1,1,'active'),(2892,35,'C',2,1,'active'),(2893,35,'C',3,1,'active'),(2894,35,'C',4,1,'active'),(2895,35,'C',5,1,'active'),(2896,35,'C',6,1,'active'),(2897,35,'C',7,1,'active'),(2898,35,'C',8,1,'active'),(2899,35,'C',9,1,'active'),(2900,35,'C',10,1,'active'),(2901,35,'D',1,1,'active'),(2902,35,'D',2,1,'active'),(2903,35,'D',3,1,'active'),(2904,35,'D',4,1,'active'),(2905,35,'D',5,1,'active'),(2906,35,'D',6,1,'active'),(2907,35,'D',7,1,'active'),(2908,35,'D',8,1,'active'),(2909,35,'D',9,1,'active'),(2910,35,'D',10,1,'active'),(2911,35,'E',1,1,'active'),(2912,35,'E',2,1,'active'),(2913,35,'E',3,1,'active'),(2914,35,'E',4,1,'active'),(2915,35,'E',5,1,'active'),(2916,35,'E',6,1,'active'),(2917,35,'E',7,1,'active'),(2918,35,'E',8,1,'active'),(2919,35,'E',9,1,'active'),(2920,35,'E',10,1,'active'),(2921,35,'F',1,1,'active'),(2922,35,'F',2,1,'active'),(2923,35,'F',3,1,'active'),(2924,35,'F',4,2,'active'),(2925,35,'F',5,2,'active'),(2926,35,'F',6,2,'active'),(2927,35,'F',7,2,'active'),(2928,35,'F',8,2,'active'),(2929,35,'F',9,2,'active'),(2930,35,'F',10,2,'active'),(2931,35,'G',1,2,'active'),(2932,35,'G',2,2,'active'),(2933,35,'G',3,2,'active'),(2934,35,'G',4,2,'active'),(2935,35,'G',5,2,'active'),(2936,35,'G',6,2,'active'),(2937,35,'G',7,2,'active'),(2938,35,'G',8,2,'active'),(2939,35,'G',9,2,'active'),(2940,35,'G',10,2,'active'),(2941,35,'H',1,2,'active'),(2942,35,'H',2,2,'active'),(2943,35,'H',3,2,'active'),(2944,35,'H',4,2,'active'),(2945,35,'H',5,2,'active'),(2946,35,'H',6,2,'active'),(2947,35,'H',7,2,'active'),(2948,35,'H',8,2,'active'),(2949,35,'H',9,2,'active'),(2950,35,'H',10,2,'active'),(2951,35,'I',1,3,'active'),(2952,35,'I',2,3,'active'),(2953,35,'I',3,3,'active'),(2954,35,'I',4,3,'active'),(2955,35,'I',5,3,'active'),(2956,35,'I',6,3,'active'),(2957,35,'I',7,3,'active'),(2958,35,'I',8,3,'active'),(2959,35,'I',9,3,'active'),(2960,36,'A',1,1,'active'),(2961,36,'A',2,1,'active'),(2962,36,'A',3,1,'active'),(2963,36,'A',4,1,'active'),(2964,36,'A',5,1,'active'),(2965,36,'A',6,1,'active'),(2966,36,'A',7,1,'active'),(2967,36,'A',8,1,'active'),(2968,36,'A',9,1,'active'),(2969,36,'A',10,1,'active'),(2970,36,'B',1,1,'active'),(2971,36,'B',2,1,'active'),(2972,36,'B',3,1,'active'),(2973,36,'B',4,1,'active'),(2974,36,'B',5,1,'active'),(2975,36,'B',6,1,'active'),(2976,36,'B',7,1,'active'),(2977,36,'B',8,1,'active'),(2978,36,'B',9,1,'active'),(2979,36,'B',10,1,'active'),(2980,36,'C',1,1,'active'),(2981,36,'C',2,1,'active'),(2982,36,'C',3,1,'active'),(2983,36,'C',4,1,'active'),(2984,36,'C',5,1,'active'),(2985,36,'C',6,1,'active'),(2986,36,'C',7,1,'active'),(2987,36,'C',8,1,'active'),(2988,36,'C',9,1,'active'),(2989,36,'C',10,1,'active'),(2990,36,'D',1,1,'active'),(2991,36,'D',2,1,'active'),(2992,36,'D',3,1,'active'),(2993,36,'D',4,1,'active'),(2994,36,'D',5,1,'active'),(2995,36,'D',6,1,'active'),(2996,36,'D',7,1,'active'),(2997,36,'D',8,1,'active'),(2998,36,'D',9,1,'active'),(2999,36,'D',10,1,'active'),(3000,36,'E',1,1,'active'),(3001,36,'E',2,1,'active'),(3002,36,'E',3,1,'active'),(3003,36,'E',4,1,'active'),(3004,36,'E',5,1,'active'),(3005,36,'E',6,1,'active'),(3006,36,'E',7,1,'active'),(3007,36,'E',8,1,'active'),(3008,36,'E',9,2,'active'),(3009,36,'E',10,2,'active'),(3010,36,'F',1,2,'active'),(3011,36,'F',2,2,'active'),(3012,36,'F',3,2,'active'),(3013,36,'F',4,2,'active'),(3014,36,'F',5,2,'active'),(3015,36,'F',6,2,'active'),(3016,36,'F',7,2,'active'),(3017,36,'F',8,2,'active'),(3018,36,'F',9,2,'active'),(3019,36,'F',10,2,'active'),(3020,36,'G',1,2,'active'),(3021,36,'G',2,2,'active'),(3022,36,'G',3,2,'active'),(3023,36,'G',4,2,'active'),(3024,36,'G',5,2,'active'),(3025,36,'G',6,2,'active'),(3026,36,'G',7,2,'active'),(3027,36,'G',8,2,'active'),(3028,36,'G',9,2,'active'),(3029,36,'G',10,2,'active'),(3030,36,'H',1,2,'active'),(3031,36,'H',2,2,'active'),(3032,36,'H',3,3,'active'),(3033,36,'H',4,3,'active'),(3034,36,'H',5,3,'active'),(3035,36,'H',6,3,'active'),(3036,36,'H',7,3,'active'),(3037,36,'H',8,3,'active'),(3038,36,'H',9,3,'active'),(3039,36,'H',10,3,'active'),(3040,36,'I',1,3,'active'),(3041,37,'A',1,1,'active'),(3042,37,'A',2,1,'active'),(3043,37,'A',3,1,'active'),(3044,37,'A',4,1,'active'),(3045,37,'A',5,1,'active'),(3046,37,'A',6,1,'active'),(3047,37,'A',7,1,'active'),(3048,37,'A',8,1,'active'),(3049,37,'A',9,1,'active'),(3050,37,'A',10,1,'active'),(3051,37,'B',1,1,'active'),(3052,37,'B',2,1,'active'),(3053,37,'B',3,1,'active'),(3054,37,'B',4,1,'active'),(3055,37,'B',5,1,'active'),(3056,37,'B',6,1,'active'),(3057,37,'B',7,1,'active'),(3058,37,'B',8,1,'active'),(3059,37,'B',9,1,'active'),(3060,37,'B',10,1,'active'),(3061,37,'C',1,1,'active'),(3062,37,'C',2,1,'active'),(3063,37,'C',3,1,'active'),(3064,37,'C',4,1,'active'),(3065,37,'C',5,1,'active'),(3066,37,'C',6,1,'active'),(3067,37,'C',7,1,'active'),(3068,37,'C',8,1,'active'),(3069,37,'C',9,1,'active'),(3070,37,'C',10,1,'active'),(3071,37,'D',1,1,'active'),(3072,37,'D',2,1,'active'),(3073,37,'D',3,1,'active'),(3074,37,'D',4,1,'active'),(3075,37,'D',5,1,'active'),(3076,37,'D',6,1,'active'),(3077,37,'D',7,1,'active'),(3078,37,'D',8,1,'active'),(3079,37,'D',9,1,'active'),(3080,37,'D',10,1,'active'),(3081,37,'E',1,1,'active'),(3082,37,'E',2,1,'active'),(3083,37,'E',3,1,'active'),(3084,37,'E',4,1,'active'),(3085,37,'E',5,1,'active'),(3086,37,'E',6,1,'active'),(3087,37,'E',7,1,'active'),(3088,37,'E',8,1,'active'),(3089,37,'E',9,1,'active'),(3090,37,'E',10,1,'active'),(3091,37,'F',1,1,'active'),(3092,37,'F',2,1,'active'),(3093,37,'F',3,1,'active'),(3094,37,'F',4,1,'active'),(3095,37,'F',5,2,'active'),(3096,37,'F',6,2,'active'),(3097,37,'F',7,2,'active'),(3098,37,'F',8,2,'active'),(3099,37,'F',9,2,'active'),(3100,37,'F',10,2,'active'),(3101,37,'G',1,2,'active'),(3102,37,'G',2,2,'active'),(3103,37,'G',3,2,'active'),(3104,37,'G',4,2,'active'),(3105,37,'G',5,2,'active'),(3106,37,'G',6,2,'active'),(3107,37,'G',7,2,'active'),(3108,37,'G',8,2,'active'),(3109,37,'G',9,2,'active'),(3110,37,'G',10,2,'active'),(3111,37,'H',1,2,'active'),(3112,37,'H',2,2,'active'),(3113,37,'H',3,2,'active'),(3114,37,'H',4,2,'active'),(3115,37,'H',5,2,'active'),(3116,37,'H',6,2,'active'),(3117,37,'H',7,2,'active'),(3118,37,'H',8,2,'active'),(3119,37,'H',9,2,'active'),(3120,37,'H',10,2,'active'),(3121,37,'I',1,2,'active'),(3122,37,'I',2,3,'active'),(3123,37,'I',3,3,'active'),(3124,37,'I',4,3,'active'),(3125,37,'I',5,3,'active'),(3126,37,'I',6,3,'active'),(3127,37,'I',7,3,'active'),(3128,37,'I',8,3,'active'),(3129,37,'I',9,3,'active'),(3130,37,'I',10,3,'active'),(3131,38,'A',1,1,'active'),(3132,38,'A',2,1,'active'),(3133,38,'A',3,1,'active'),(3134,38,'A',4,1,'active'),(3135,38,'A',5,1,'active'),(3136,38,'A',6,1,'active'),(3137,38,'A',7,1,'active'),(3138,38,'A',8,1,'active'),(3139,38,'A',9,1,'active'),(3140,38,'A',10,1,'active'),(3141,38,'B',1,1,'active'),(3142,38,'B',2,1,'active'),(3143,38,'B',3,1,'active'),(3144,38,'B',4,1,'active'),(3145,38,'B',5,1,'active'),(3146,38,'B',6,1,'active'),(3147,38,'B',7,1,'active'),(3148,38,'B',8,1,'active'),(3149,38,'B',9,1,'active'),(3150,38,'B',10,1,'active'),(3151,38,'C',1,1,'active'),(3152,38,'C',2,1,'active'),(3153,38,'C',3,1,'active'),(3154,38,'C',4,1,'active'),(3155,38,'C',5,1,'active'),(3156,38,'C',6,1,'active'),(3157,38,'C',7,1,'active'),(3158,38,'C',8,1,'active'),(3159,38,'C',9,1,'active'),(3160,38,'C',10,1,'active'),(3161,38,'D',1,1,'active'),(3162,38,'D',2,1,'active'),(3163,38,'D',3,1,'active'),(3164,38,'D',4,1,'active'),(3165,38,'D',5,1,'active'),(3166,38,'D',6,1,'active'),(3167,38,'D',7,1,'active'),(3168,38,'D',8,1,'active'),(3169,38,'D',9,1,'active'),(3170,38,'D',10,1,'active'),(3171,38,'E',1,1,'active'),(3172,38,'E',2,1,'active'),(3173,38,'E',3,1,'active'),(3174,38,'E',4,1,'active'),(3175,38,'E',5,1,'active'),(3176,38,'E',6,1,'active'),(3177,38,'E',7,1,'active'),(3178,38,'E',8,1,'active'),(3179,38,'E',9,1,'active'),(3180,38,'E',10,1,'active'),(3181,38,'F',1,2,'active'),(3182,38,'F',2,2,'active'),(3183,38,'F',3,2,'active'),(3184,38,'F',4,2,'active'),(3185,38,'F',5,2,'active'),(3186,38,'F',6,2,'active'),(3187,38,'F',7,2,'active'),(3188,38,'F',8,2,'active'),(3189,38,'F',9,2,'active'),(3190,38,'F',10,2,'active'),(3191,38,'G',1,2,'active'),(3192,38,'G',2,2,'active'),(3193,38,'G',3,2,'active'),(3194,38,'G',4,2,'active'),(3195,38,'G',5,2,'active'),(3196,38,'G',6,2,'active'),(3197,38,'G',7,2,'active'),(3198,38,'G',8,2,'active'),(3199,38,'G',9,2,'active'),(3200,38,'G',10,2,'active'),(3201,38,'H',1,2,'active'),(3202,38,'H',2,2,'active'),(3203,38,'H',3,2,'active'),(3204,38,'H',4,2,'active'),(3205,38,'H',5,2,'active'),(3206,38,'H',6,3,'active'),(3207,38,'H',7,3,'active'),(3208,38,'H',8,3,'active'),(3209,38,'H',9,3,'active'),(3210,38,'H',10,3,'active'),(3211,38,'I',1,3,'active'),(3212,38,'I',2,3,'active'),(3213,38,'I',3,3,'active'),(3214,38,'I',4,3,'active'),(3215,39,'A',1,1,'active'),(3216,39,'A',2,1,'active'),(3217,39,'A',3,1,'active'),(3218,39,'A',4,1,'active'),(3219,39,'A',5,1,'active'),(3220,39,'A',6,1,'active'),(3221,39,'A',7,1,'active'),(3222,39,'A',8,1,'active'),(3223,39,'A',9,1,'active'),(3224,39,'A',10,1,'active'),(3225,39,'B',1,1,'active'),(3226,39,'B',2,1,'active'),(3227,39,'B',3,1,'active'),(3228,39,'B',4,1,'active'),(3229,39,'B',5,1,'active'),(3230,39,'B',6,1,'active'),(3231,39,'B',7,1,'active'),(3232,39,'B',8,1,'active'),(3233,39,'B',9,1,'active'),(3234,39,'B',10,1,'active'),(3235,39,'C',1,1,'active'),(3236,39,'C',2,1,'active'),(3237,39,'C',3,1,'active'),(3238,39,'C',4,1,'active'),(3239,39,'C',5,1,'active'),(3240,39,'C',6,1,'active'),(3241,39,'C',7,1,'active'),(3242,39,'C',8,1,'active'),(3243,39,'C',9,1,'active'),(3244,39,'C',10,1,'active'),(3245,39,'D',1,1,'active'),(3246,39,'D',2,1,'active'),(3247,39,'D',3,1,'active'),(3248,39,'D',4,1,'active'),(3249,39,'D',5,1,'active'),(3250,39,'D',6,1,'active'),(3251,39,'D',7,1,'active'),(3252,39,'D',8,1,'active'),(3253,39,'D',9,1,'active'),(3254,39,'D',10,1,'active'),(3255,39,'E',1,1,'active'),(3256,39,'E',2,1,'active'),(3257,39,'E',3,1,'active'),(3258,39,'E',4,1,'active'),(3259,39,'E',5,1,'active'),(3260,39,'E',6,1,'active'),(3261,39,'E',7,1,'active'),(3262,39,'E',8,1,'active'),(3263,39,'E',9,1,'active'),(3264,39,'E',10,2,'active'),(3265,39,'F',1,2,'active'),(3266,39,'F',2,2,'active'),(3267,39,'F',3,2,'active'),(3268,39,'F',4,2,'active'),(3269,39,'F',5,2,'active'),(3270,39,'F',6,2,'active'),(3271,39,'F',7,2,'active'),(3272,39,'F',8,2,'active'),(3273,39,'F',9,2,'active'),(3274,39,'F',10,2,'active'),(3275,39,'G',1,2,'active'),(3276,39,'G',2,2,'active'),(3277,39,'G',3,2,'active'),(3278,39,'G',4,2,'active'),(3279,39,'G',5,2,'active'),(3280,39,'G',6,2,'active'),(3281,39,'G',7,2,'active'),(3282,39,'G',8,2,'active'),(3283,39,'G',9,2,'active'),(3284,39,'G',10,2,'active'),(3285,39,'H',1,2,'active'),(3286,39,'H',2,2,'active'),(3287,39,'H',3,2,'active'),(3288,39,'H',4,3,'active'),(3289,39,'H',5,3,'active'),(3290,39,'H',6,3,'active'),(3291,39,'H',7,3,'active'),(3292,39,'H',8,3,'active'),(3293,39,'H',9,3,'active'),(3294,39,'H',10,3,'active'),(3295,39,'I',1,3,'active'),(3296,39,'I',2,3,'active'),(3297,40,'A',1,1,'active'),(3298,40,'A',2,1,'active'),(3299,40,'A',3,1,'active'),(3300,40,'A',4,1,'active'),(3301,40,'A',5,1,'active'),(3302,40,'A',6,1,'active'),(3303,40,'A',7,1,'active'),(3304,40,'A',8,1,'active'),(3305,40,'A',9,1,'active'),(3306,40,'A',10,1,'active'),(3307,40,'B',1,1,'active'),(3308,40,'B',2,1,'active'),(3309,40,'B',3,1,'active'),(3310,40,'B',4,1,'active'),(3311,40,'B',5,1,'active'),(3312,40,'B',6,1,'active'),(3313,40,'B',7,1,'active'),(3314,40,'B',8,1,'active'),(3315,40,'B',9,1,'active'),(3316,40,'B',10,1,'active'),(3317,40,'C',1,1,'active'),(3318,40,'C',2,1,'active'),(3319,40,'C',3,1,'active'),(3320,40,'C',4,1,'active'),(3321,40,'C',5,1,'active'),(3322,40,'C',6,1,'active'),(3323,40,'C',7,1,'active'),(3324,40,'C',8,1,'active'),(3325,40,'C',9,1,'active'),(3326,40,'C',10,1,'active'),(3327,40,'D',1,1,'active'),(3328,40,'D',2,1,'active'),(3329,40,'D',3,1,'active'),(3330,40,'D',4,1,'active'),(3331,40,'D',5,1,'active'),(3332,40,'D',6,1,'active'),(3333,40,'D',7,1,'active'),(3334,40,'D',8,1,'active'),(3335,40,'D',9,1,'active'),(3336,40,'D',10,1,'active'),(3337,40,'E',1,1,'active'),(3338,40,'E',2,1,'active'),(3339,40,'E',3,1,'active'),(3340,40,'E',4,1,'active'),(3341,40,'E',5,1,'active'),(3342,40,'E',6,1,'active'),(3343,40,'E',7,1,'active'),(3344,40,'E',8,1,'active'),(3345,40,'E',9,2,'active'),(3346,40,'E',10,2,'active'),(3347,40,'F',1,2,'active'),(3348,40,'F',2,2,'active'),(3349,40,'F',3,2,'active'),(3350,40,'F',4,2,'active'),(3351,40,'F',5,2,'active'),(3352,40,'F',6,2,'active'),(3353,40,'F',7,2,'active'),(3354,40,'F',8,2,'active'),(3355,40,'F',9,2,'active'),(3356,40,'F',10,2,'active'),(3357,40,'G',1,2,'active'),(3358,40,'G',2,2,'active'),(3359,40,'G',3,2,'active'),(3360,40,'G',4,2,'active'),(3361,40,'G',5,2,'active'),(3362,40,'G',6,2,'active'),(3363,40,'G',7,2,'active'),(3364,40,'G',8,2,'active'),(3365,40,'G',9,2,'active'),(3366,40,'G',10,2,'active'),(3367,40,'H',1,2,'active'),(3368,40,'H',2,2,'active'),(3369,40,'H',3,3,'active'),(3370,40,'H',4,3,'active'),(3371,40,'H',5,3,'active'),(3372,40,'H',6,3,'active'),(3373,40,'H',7,3,'active'),(3374,40,'H',8,3,'active'),(3375,40,'H',9,3,'active'),(3376,40,'H',10,3,'active'),(3377,41,'A',1,1,'active'),(3378,41,'A',2,1,'active'),(3379,41,'A',3,1,'active'),(3380,41,'A',4,1,'active'),(3381,41,'A',5,1,'active'),(3382,41,'A',6,1,'active'),(3383,41,'A',7,1,'active'),(3384,41,'A',8,1,'active'),(3385,41,'A',9,1,'active'),(3386,41,'A',10,1,'active'),(3387,41,'B',1,1,'active'),(3388,41,'B',2,1,'active'),(3389,41,'B',3,1,'active'),(3390,41,'B',4,1,'active'),(3391,41,'B',5,1,'active'),(3392,41,'B',6,1,'active'),(3393,41,'B',7,1,'active'),(3394,41,'B',8,1,'active'),(3395,41,'B',9,1,'active'),(3396,41,'B',10,1,'active'),(3397,41,'C',1,1,'active'),(3398,41,'C',2,1,'active'),(3399,41,'C',3,1,'active'),(3400,41,'C',4,1,'active'),(3401,41,'C',5,1,'active'),(3402,41,'C',6,1,'active'),(3403,41,'C',7,1,'active'),(3404,41,'C',8,1,'active'),(3405,41,'C',9,1,'active'),(3406,41,'C',10,1,'active'),(3407,41,'D',1,1,'active'),(3408,41,'D',2,1,'active'),(3409,41,'D',3,1,'active'),(3410,41,'D',4,1,'active'),(3411,41,'D',5,1,'active'),(3412,41,'D',6,1,'active'),(3413,41,'D',7,1,'active'),(3414,41,'D',8,1,'active'),(3415,41,'D',9,1,'active'),(3416,41,'D',10,1,'active'),(3417,41,'E',1,1,'active'),(3418,41,'E',2,1,'active'),(3419,41,'E',3,1,'active'),(3420,41,'E',4,1,'active'),(3421,41,'E',5,1,'active'),(3422,41,'E',6,1,'active'),(3423,41,'E',7,1,'active'),(3424,41,'E',8,1,'active'),(3425,41,'E',9,1,'active'),(3426,41,'E',10,2,'active'),(3427,41,'F',1,2,'active'),(3428,41,'F',2,2,'active'),(3429,41,'F',3,2,'active'),(3430,41,'F',4,2,'active'),(3431,41,'F',5,2,'active'),(3432,41,'F',6,2,'active'),(3433,41,'F',7,2,'active'),(3434,41,'F',8,2,'active'),(3435,41,'F',9,2,'active'),(3436,41,'F',10,2,'active'),(3437,41,'G',1,2,'active'),(3438,41,'G',2,2,'active'),(3439,41,'G',3,2,'active'),(3440,41,'G',4,2,'active'),(3441,41,'G',5,2,'active'),(3442,41,'G',6,2,'active'),(3443,41,'G',7,2,'active'),(3444,41,'G',8,2,'active'),(3445,41,'G',9,2,'active'),(3446,41,'G',10,2,'active'),(3447,41,'H',1,2,'active'),(3448,41,'H',2,2,'active'),(3449,41,'H',3,2,'active'),(3450,41,'H',4,2,'active'),(3451,41,'H',5,3,'active'),(3452,41,'H',6,3,'active'),(3453,41,'H',7,3,'active'),(3454,41,'H',8,3,'active'),(3455,41,'H',9,3,'active'),(3456,41,'H',10,3,'active'),(3457,41,'I',1,3,'active'),(3458,41,'I',2,3,'active'),(3459,41,'I',3,3,'active'),(3460,42,'A',1,1,'active'),(3461,42,'A',2,1,'active'),(3462,42,'A',3,1,'active'),(3463,42,'A',4,1,'active'),(3464,42,'A',5,1,'active'),(3465,42,'A',6,1,'active'),(3466,42,'A',7,1,'active'),(3467,42,'A',8,1,'active'),(3468,42,'A',9,1,'active'),(3469,42,'A',10,1,'active'),(3470,42,'B',1,1,'active'),(3471,42,'B',2,1,'active'),(3472,42,'B',3,1,'active'),(3473,42,'B',4,1,'active'),(3474,42,'B',5,1,'active'),(3475,42,'B',6,1,'active'),(3476,42,'B',7,1,'active'),(3477,42,'B',8,1,'active'),(3478,42,'B',9,1,'active'),(3479,42,'B',10,1,'active'),(3480,42,'C',1,1,'active'),(3481,42,'C',2,1,'active'),(3482,42,'C',3,1,'active'),(3483,42,'C',4,1,'active'),(3484,42,'C',5,1,'active'),(3485,42,'C',6,1,'active'),(3486,42,'C',7,1,'active'),(3487,42,'C',8,1,'active'),(3488,42,'C',9,1,'active'),(3489,42,'C',10,1,'active'),(3490,42,'D',1,1,'active'),(3491,42,'D',2,1,'active'),(3492,42,'D',3,1,'active'),(3493,42,'D',4,1,'active'),(3494,42,'D',5,1,'active'),(3495,42,'D',6,1,'active'),(3496,42,'D',7,1,'active'),(3497,42,'D',8,1,'active'),(3498,42,'D',9,1,'active'),(3499,42,'D',10,1,'active'),(3500,42,'E',1,1,'active'),(3501,42,'E',2,1,'active'),(3502,42,'E',3,1,'active'),(3503,42,'E',4,1,'active'),(3504,42,'E',5,1,'active'),(3505,42,'E',6,1,'active'),(3506,42,'E',7,1,'active'),(3507,42,'E',8,1,'active'),(3508,42,'E',9,1,'active'),(3509,42,'E',10,1,'active'),(3510,42,'F',1,2,'active'),(3511,42,'F',2,2,'active'),(3512,42,'F',3,2,'active'),(3513,42,'F',4,2,'active'),(3514,42,'F',5,2,'active'),(3515,42,'F',6,2,'active'),(3516,42,'F',7,2,'active'),(3517,42,'F',8,2,'active'),(3518,42,'F',9,2,'active'),(3519,42,'F',10,2,'active'),(3520,42,'G',1,2,'active'),(3521,42,'G',2,2,'active'),(3522,42,'G',3,2,'active'),(3523,42,'G',4,2,'active'),(3524,42,'G',5,2,'active'),(3525,42,'G',6,2,'active'),(3526,42,'G',7,2,'active'),(3527,42,'G',8,2,'active'),(3528,42,'G',9,2,'active'),(3529,42,'G',10,2,'active'),(3530,42,'H',1,2,'active'),(3531,42,'H',2,2,'active'),(3532,42,'H',3,2,'active'),(3533,42,'H',4,2,'active'),(3534,42,'H',5,2,'active'),(3535,42,'H',6,3,'active'),(3536,42,'H',7,3,'active'),(3537,42,'H',8,3,'active'),(3538,42,'H',9,3,'active'),(3539,42,'H',10,3,'active'),(3540,42,'I',1,3,'active'),(3541,42,'I',2,3,'active'),(3542,42,'I',3,3,'active'),(3543,42,'I',4,3,'active'),(3544,43,'A',1,1,'active'),(3545,43,'A',2,1,'active'),(3546,43,'A',3,1,'active'),(3547,43,'A',4,1,'active'),(3548,43,'A',5,1,'active'),(3549,43,'A',6,1,'active'),(3550,43,'A',7,1,'active'),(3551,43,'A',8,1,'active'),(3552,43,'A',9,1,'active'),(3553,43,'A',10,1,'active'),(3554,43,'B',1,1,'active'),(3555,43,'B',2,1,'active'),(3556,43,'B',3,1,'active'),(3557,43,'B',4,1,'active'),(3558,43,'B',5,1,'active'),(3559,43,'B',6,1,'active'),(3560,43,'B',7,1,'active'),(3561,43,'B',8,1,'active'),(3562,43,'B',9,1,'active'),(3563,43,'B',10,1,'active'),(3564,43,'C',1,1,'active'),(3565,43,'C',2,1,'active'),(3566,43,'C',3,1,'active'),(3567,43,'C',4,1,'active'),(3568,43,'C',5,1,'active'),(3569,43,'C',6,1,'active'),(3570,43,'C',7,1,'active'),(3571,43,'C',8,1,'active'),(3572,43,'C',9,1,'active'),(3573,43,'C',10,1,'active'),(3574,43,'D',1,1,'active'),(3575,43,'D',2,1,'active'),(3576,43,'D',3,1,'active'),(3577,43,'D',4,1,'active'),(3578,43,'D',5,1,'active'),(3579,43,'D',6,1,'active'),(3580,43,'D',7,1,'active'),(3581,43,'D',8,1,'active'),(3582,43,'D',9,1,'active'),(3583,43,'D',10,1,'active'),(3584,43,'E',1,1,'active'),(3585,43,'E',2,1,'active'),(3586,43,'E',3,1,'active'),(3587,43,'E',4,1,'active'),(3588,43,'E',5,1,'active'),(3589,43,'E',6,1,'active'),(3590,43,'E',7,1,'active'),(3591,43,'E',8,1,'active'),(3592,43,'E',9,2,'active'),(3593,43,'E',10,2,'active'),(3594,43,'F',1,2,'active'),(3595,43,'F',2,2,'active'),(3596,43,'F',3,2,'active'),(3597,43,'F',4,2,'active'),(3598,43,'F',5,2,'active'),(3599,43,'F',6,2,'active'),(3600,43,'F',7,2,'active'),(3601,43,'F',8,2,'active'),(3602,43,'F',9,2,'active'),(3603,43,'F',10,2,'active'),(3604,43,'G',1,2,'active'),(3605,43,'G',2,2,'active'),(3606,43,'G',3,2,'active'),(3607,43,'G',4,2,'active'),(3608,43,'G',5,2,'active'),(3609,43,'G',6,2,'active'),(3610,43,'G',7,2,'active'),(3611,43,'G',8,2,'active'),(3612,43,'G',9,2,'active'),(3613,43,'G',10,2,'active'),(3614,43,'H',1,2,'active'),(3615,43,'H',2,2,'active'),(3616,43,'H',3,3,'active'),(3617,43,'H',4,3,'active'),(3618,43,'H',5,3,'active'),(3619,43,'H',6,3,'active'),(3620,43,'H',7,3,'active'),(3621,43,'H',8,3,'active'),(3622,43,'H',9,3,'active'),(3623,43,'H',10,3,'active'),(3624,44,'A',1,1,'active'),(3625,44,'A',2,1,'active'),(3626,44,'A',3,1,'active'),(3627,44,'A',4,1,'active'),(3628,44,'A',5,1,'active'),(3629,44,'A',6,1,'active'),(3630,44,'A',7,1,'active'),(3631,44,'A',8,1,'active'),(3632,44,'A',9,1,'active'),(3633,44,'A',10,1,'active'),(3634,44,'B',1,1,'active'),(3635,44,'B',2,1,'active'),(3636,44,'B',3,1,'active'),(3637,44,'B',4,1,'active'),(3638,44,'B',5,1,'active'),(3639,44,'B',6,1,'active'),(3640,44,'B',7,1,'active'),(3641,44,'B',8,1,'active'),(3642,44,'B',9,1,'active'),(3643,44,'B',10,1,'active'),(3644,44,'C',1,1,'active'),(3645,44,'C',2,1,'active'),(3646,44,'C',3,1,'active'),(3647,44,'C',4,1,'active'),(3648,44,'C',5,1,'active'),(3649,44,'C',6,1,'active'),(3650,44,'C',7,1,'active'),(3651,44,'C',8,1,'active'),(3652,44,'C',9,1,'active'),(3653,44,'C',10,1,'active'),(3654,44,'D',1,1,'active'),(3655,44,'D',2,1,'active'),(3656,44,'D',3,1,'active'),(3657,44,'D',4,1,'active'),(3658,44,'D',5,1,'active'),(3659,44,'D',6,1,'active'),(3660,44,'D',7,1,'active'),(3661,44,'D',8,1,'active'),(3662,44,'D',9,1,'active'),(3663,44,'D',10,1,'active'),(3664,44,'E',1,1,'active'),(3665,44,'E',2,1,'active'),(3666,44,'E',3,1,'active'),(3667,44,'E',4,1,'active'),(3668,44,'E',5,1,'active'),(3669,44,'E',6,1,'active'),(3670,44,'E',7,1,'active'),(3671,44,'E',8,1,'active'),(3672,44,'E',9,1,'active'),(3673,44,'E',10,2,'active'),(3674,44,'F',1,2,'active'),(3675,44,'F',2,2,'active'),(3676,44,'F',3,2,'active'),(3677,44,'F',4,2,'active'),(3678,44,'F',5,2,'active'),(3679,44,'F',6,2,'active'),(3680,44,'F',7,2,'active'),(3681,44,'F',8,2,'active'),(3682,44,'F',9,2,'active'),(3683,44,'F',10,2,'active'),(3684,44,'G',1,2,'active'),(3685,44,'G',2,2,'active'),(3686,44,'G',3,2,'active'),(3687,44,'G',4,2,'active'),(3688,44,'G',5,2,'active'),(3689,44,'G',6,2,'active'),(3690,44,'G',7,2,'active'),(3691,44,'G',8,2,'active'),(3692,44,'G',9,2,'active'),(3693,44,'G',10,2,'active'),(3694,44,'H',1,2,'active'),(3695,44,'H',2,2,'active'),(3696,44,'H',3,2,'active'),(3697,44,'H',4,3,'active'),(3698,44,'H',5,3,'active'),(3699,44,'H',6,3,'active'),(3700,44,'H',7,3,'active'),(3701,44,'H',8,3,'active'),(3702,44,'H',9,3,'active'),(3703,44,'H',10,3,'active'),(3704,44,'I',1,3,'active'),(3705,44,'I',2,3,'active'),(3706,45,'A',1,1,'active'),(3707,45,'A',2,1,'active'),(3708,45,'A',3,1,'active'),(3709,45,'A',4,1,'active'),(3710,45,'A',5,1,'active'),(3711,45,'A',6,1,'active'),(3712,45,'A',7,1,'active'),(3713,45,'A',8,1,'active'),(3714,45,'A',9,1,'active'),(3715,45,'A',10,1,'active'),(3716,45,'B',1,1,'active'),(3717,45,'B',2,1,'active'),(3718,45,'B',3,1,'active'),(3719,45,'B',4,1,'active'),(3720,45,'B',5,1,'active'),(3721,45,'B',6,1,'active'),(3722,45,'B',7,1,'active'),(3723,45,'B',8,1,'active'),(3724,45,'B',9,1,'active'),(3725,45,'B',10,1,'active'),(3726,45,'C',1,1,'active'),(3727,45,'C',2,1,'active'),(3728,45,'C',3,1,'active'),(3729,45,'C',4,1,'active'),(3730,45,'C',5,1,'active'),(3731,45,'C',6,1,'active'),(3732,45,'C',7,1,'active'),(3733,45,'C',8,1,'active'),(3734,45,'C',9,1,'active'),(3735,45,'C',10,1,'active'),(3736,45,'D',1,1,'active'),(3737,45,'D',2,1,'active'),(3738,45,'D',3,1,'active'),(3739,45,'D',4,1,'active'),(3740,45,'D',5,1,'active'),(3741,45,'D',6,1,'active'),(3742,45,'D',7,1,'active'),(3743,45,'D',8,1,'active'),(3744,45,'D',9,1,'active'),(3745,45,'D',10,1,'active'),(3746,45,'E',1,1,'active'),(3747,45,'E',2,1,'active'),(3748,45,'E',3,1,'active'),(3749,45,'E',4,1,'active'),(3750,45,'E',5,1,'active'),(3751,45,'E',6,1,'active'),(3752,45,'E',7,1,'active'),(3753,45,'E',8,1,'active'),(3754,45,'E',9,1,'active'),(3755,45,'E',10,1,'active'),(3756,45,'F',1,1,'active'),(3757,45,'F',2,1,'active'),(3758,45,'F',3,1,'active'),(3759,45,'F',4,2,'active'),(3760,45,'F',5,2,'active'),(3761,45,'F',6,2,'active'),(3762,45,'F',7,2,'active'),(3763,45,'F',8,2,'active'),(3764,45,'F',9,2,'active'),(3765,45,'F',10,2,'active'),(3766,45,'G',1,2,'active'),(3767,45,'G',2,2,'active'),(3768,45,'G',3,2,'active'),(3769,45,'G',4,2,'active'),(3770,45,'G',5,2,'active'),(3771,45,'G',6,2,'active'),(3772,45,'G',7,2,'active'),(3773,45,'G',8,2,'active'),(3774,45,'G',9,2,'active'),(3775,45,'G',10,2,'active'),(3776,45,'H',1,2,'active'),(3777,45,'H',2,2,'active'),(3778,45,'H',3,2,'active'),(3779,45,'H',4,2,'active'),(3780,45,'H',5,2,'active'),(3781,45,'H',6,2,'active'),(3782,45,'H',7,2,'active'),(3783,45,'H',8,2,'active'),(3784,45,'H',9,2,'active'),(3785,45,'H',10,2,'active'),(3786,45,'I',1,3,'active'),(3787,45,'I',2,3,'active'),(3788,45,'I',3,3,'active'),(3789,45,'I',4,3,'active'),(3790,45,'I',5,3,'active'),(3791,45,'I',6,3,'active'),(3792,45,'I',7,3,'active'),(3793,45,'I',8,3,'active'),(3794,45,'I',9,3,'active'),(3795,46,'A',1,1,'active'),(3796,46,'A',2,1,'active'),(3797,46,'A',3,1,'active'),(3798,46,'A',4,1,'active'),(3799,46,'A',5,1,'active'),(3800,46,'A',6,1,'active'),(3801,46,'A',7,1,'active'),(3802,46,'A',8,1,'active'),(3803,46,'A',9,1,'active'),(3804,46,'A',10,1,'active'),(3805,46,'B',1,1,'active'),(3806,46,'B',2,1,'active'),(3807,46,'B',3,1,'active'),(3808,46,'B',4,1,'active'),(3809,46,'B',5,1,'active'),(3810,46,'B',6,1,'active'),(3811,46,'B',7,1,'active'),(3812,46,'B',8,1,'active'),(3813,46,'B',9,1,'active'),(3814,46,'B',10,1,'active'),(3815,46,'C',1,1,'active'),(3816,46,'C',2,1,'active'),(3817,46,'C',3,1,'active'),(3818,46,'C',4,1,'active'),(3819,46,'C',5,1,'active'),(3820,46,'C',6,1,'active'),(3821,46,'C',7,1,'active'),(3822,46,'C',8,1,'active'),(3823,46,'C',9,1,'active'),(3824,46,'C',10,1,'active'),(3825,46,'D',1,1,'active'),(3826,46,'D',2,1,'active'),(3827,46,'D',3,1,'active'),(3828,46,'D',4,1,'active'),(3829,46,'D',5,1,'active'),(3830,46,'D',6,1,'active'),(3831,46,'D',7,1,'active'),(3832,46,'D',8,1,'active'),(3833,46,'D',9,1,'active'),(3834,46,'D',10,1,'active'),(3835,46,'E',1,1,'active'),(3836,46,'E',2,1,'active'),(3837,46,'E',3,1,'active'),(3838,46,'E',4,1,'active'),(3839,46,'E',5,1,'active'),(3840,46,'E',6,1,'active'),(3841,46,'E',7,1,'active'),(3842,46,'E',8,1,'active'),(3843,46,'E',9,1,'active'),(3844,46,'E',10,1,'active'),(3845,46,'F',1,1,'active'),(3846,46,'F',2,1,'active'),(3847,46,'F',3,2,'active'),(3848,46,'F',4,2,'active'),(3849,46,'F',5,2,'active'),(3850,46,'F',6,2,'active'),(3851,46,'F',7,2,'active'),(3852,46,'F',8,2,'active'),(3853,46,'F',9,2,'active'),(3854,46,'F',10,2,'active'),(3855,46,'G',1,2,'active'),(3856,46,'G',2,2,'active'),(3857,46,'G',3,2,'active'),(3858,46,'G',4,2,'active'),(3859,46,'G',5,2,'active'),(3860,46,'G',6,2,'active'),(3861,46,'G',7,2,'active'),(3862,46,'G',8,2,'active'),(3863,46,'G',9,2,'active'),(3864,46,'G',10,2,'active'),(3865,46,'H',1,2,'active'),(3866,46,'H',2,2,'active'),(3867,46,'H',3,2,'active'),(3868,46,'H',4,2,'active'),(3869,46,'H',5,2,'active'),(3870,46,'H',6,2,'active'),(3871,46,'H',7,2,'active'),(3872,46,'H',8,2,'active'),(3873,46,'H',9,2,'active'),(3874,46,'H',10,3,'active'),(3875,46,'I',1,3,'active'),(3876,46,'I',2,3,'active'),(3877,46,'I',3,3,'active'),(3878,46,'I',4,3,'active'),(3879,46,'I',5,3,'active'),(3880,46,'I',6,3,'active'),(3881,46,'I',7,3,'active'),(3882,46,'I',8,3,'active'),(3883,47,'A',1,1,'active'),(3884,47,'A',2,1,'active'),(3885,47,'A',3,1,'active'),(3886,47,'A',4,1,'active'),(3887,47,'A',5,1,'active'),(3888,47,'A',6,1,'active'),(3889,47,'A',7,1,'active'),(3890,47,'A',8,1,'active'),(3891,47,'A',9,1,'active'),(3892,47,'A',10,1,'active'),(3893,47,'B',1,1,'active'),(3894,47,'B',2,1,'active'),(3895,47,'B',3,1,'active'),(3896,47,'B',4,1,'active'),(3897,47,'B',5,1,'active'),(3898,47,'B',6,1,'active'),(3899,47,'B',7,1,'active'),(3900,47,'B',8,1,'active'),(3901,47,'B',9,1,'active'),(3902,47,'B',10,1,'active'),(3903,47,'C',1,1,'active'),(3904,47,'C',2,1,'active'),(3905,47,'C',3,1,'active'),(3906,47,'C',4,1,'active'),(3907,47,'C',5,1,'active'),(3908,47,'C',6,1,'active'),(3909,47,'C',7,1,'active'),(3910,47,'C',8,1,'active'),(3911,47,'C',9,1,'active'),(3912,47,'C',10,1,'active'),(3913,47,'D',1,1,'active'),(3914,47,'D',2,1,'active'),(3915,47,'D',3,1,'active'),(3916,47,'D',4,1,'active'),(3917,47,'D',5,1,'active'),(3918,47,'D',6,1,'active'),(3919,47,'D',7,1,'active'),(3920,47,'D',8,1,'active'),(3921,47,'D',9,1,'active'),(3922,47,'D',10,1,'active'),(3923,47,'E',1,1,'active'),(3924,47,'E',2,1,'active'),(3925,47,'E',3,1,'active'),(3926,47,'E',4,1,'active'),(3927,47,'E',5,1,'active'),(3928,47,'E',6,1,'active'),(3929,47,'E',7,1,'active'),(3930,47,'E',8,1,'active'),(3931,47,'E',9,1,'active'),(3932,47,'E',10,2,'active'),(3933,47,'F',1,2,'active'),(3934,47,'F',2,2,'active'),(3935,47,'F',3,2,'active'),(3936,47,'F',4,2,'active'),(3937,47,'F',5,2,'active'),(3938,47,'F',6,2,'active'),(3939,47,'F',7,2,'active'),(3940,47,'F',8,2,'active'),(3941,47,'F',9,2,'active'),(3942,47,'F',10,2,'active'),(3943,47,'G',1,2,'active'),(3944,47,'G',2,2,'active'),(3945,47,'G',3,2,'active'),(3946,47,'G',4,2,'active'),(3947,47,'G',5,2,'active'),(3948,47,'G',6,2,'active'),(3949,47,'G',7,2,'active'),(3950,47,'G',8,2,'active'),(3951,47,'G',9,2,'active'),(3952,47,'G',10,2,'active'),(3953,47,'H',1,2,'active'),(3954,47,'H',2,2,'active'),(3955,47,'H',3,2,'active'),(3956,47,'H',4,3,'active'),(3957,47,'H',5,3,'active'),(3958,47,'H',6,3,'active'),(3959,47,'H',7,3,'active'),(3960,47,'H',8,3,'active'),(3961,47,'H',9,3,'active'),(3962,47,'H',10,3,'active'),(3963,47,'I',1,3,'active'),(3964,47,'I',2,3,'active'),(3965,48,'A',1,1,'active'),(3966,48,'A',2,1,'active'),(3967,48,'A',3,1,'active'),(3968,48,'A',4,1,'active'),(3969,48,'A',5,1,'active'),(3970,48,'A',6,1,'active'),(3971,48,'A',7,1,'active'),(3972,48,'A',8,1,'active'),(3973,48,'A',9,1,'active'),(3974,48,'A',10,1,'active'),(3975,48,'B',1,1,'active'),(3976,48,'B',2,1,'active'),(3977,48,'B',3,1,'active'),(3978,48,'B',4,1,'active'),(3979,48,'B',5,1,'active'),(3980,48,'B',6,1,'active'),(3981,48,'B',7,1,'active'),(3982,48,'B',8,1,'active'),(3983,48,'B',9,1,'active'),(3984,48,'B',10,1,'active'),(3985,48,'C',1,1,'active'),(3986,48,'C',2,1,'active'),(3987,48,'C',3,1,'active'),(3988,48,'C',4,1,'active'),(3989,48,'C',5,1,'active'),(3990,48,'C',6,1,'active'),(3991,48,'C',7,1,'active'),(3992,48,'C',8,1,'active'),(3993,48,'C',9,1,'active'),(3994,48,'C',10,1,'active'),(3995,48,'D',1,1,'active'),(3996,48,'D',2,1,'active'),(3997,48,'D',3,1,'active'),(3998,48,'D',4,1,'active'),(3999,48,'D',5,1,'active'),(4000,48,'D',6,1,'active'),(4001,48,'D',7,1,'active'),(4002,48,'D',8,1,'active'),(4003,48,'D',9,1,'active'),(4004,48,'D',10,1,'active'),(4005,48,'E',1,1,'active'),(4006,48,'E',2,1,'active'),(4007,48,'E',3,1,'active'),(4008,48,'E',4,1,'active'),(4009,48,'E',5,1,'active'),(4010,48,'E',6,1,'active'),(4011,48,'E',7,1,'active'),(4012,48,'E',8,1,'active'),(4013,48,'E',9,1,'active'),(4014,48,'E',10,1,'active'),(4015,48,'F',1,1,'active'),(4016,48,'F',2,1,'active'),(4017,48,'F',3,2,'active'),(4018,48,'F',4,2,'active'),(4019,48,'F',5,2,'active'),(4020,48,'F',6,2,'active'),(4021,48,'F',7,2,'active'),(4022,48,'F',8,2,'active'),(4023,48,'F',9,2,'active'),(4024,48,'F',10,2,'active'),(4025,48,'G',1,2,'active'),(4026,48,'G',2,2,'active'),(4027,48,'G',3,2,'active'),(4028,48,'G',4,2,'active'),(4029,48,'G',5,2,'active'),(4030,48,'G',6,2,'active'),(4031,48,'G',7,2,'active'),(4032,48,'G',8,2,'active'),(4033,48,'G',9,2,'active'),(4034,48,'G',10,2,'active'),(4035,48,'H',1,2,'active'),(4036,48,'H',2,2,'active'),(4037,48,'H',3,2,'active'),(4038,48,'H',4,2,'active'),(4039,48,'H',5,2,'active'),(4040,48,'H',6,2,'active'),(4041,48,'H',7,2,'active'),(4042,48,'H',8,2,'active'),(4043,48,'H',9,2,'active'),(4044,48,'H',10,3,'active'),(4045,48,'I',1,3,'active'),(4046,48,'I',2,3,'active'),(4047,48,'I',3,3,'active'),(4048,48,'I',4,3,'active'),(4049,48,'I',5,3,'active'),(4050,48,'I',6,3,'active'),(4051,48,'I',7,3,'active'),(4052,48,'I',8,3,'active'),(4053,49,'A',1,1,'active'),(4054,49,'A',2,1,'active'),(4055,49,'A',3,1,'active'),(4056,49,'A',4,1,'active'),(4057,49,'A',5,1,'active'),(4058,49,'A',6,1,'active'),(4059,49,'A',7,1,'active'),(4060,49,'A',8,1,'active'),(4061,49,'A',9,1,'active'),(4062,49,'A',10,1,'active'),(4063,49,'B',1,1,'active'),(4064,49,'B',2,1,'active'),(4065,49,'B',3,1,'active'),(4066,49,'B',4,1,'active'),(4067,49,'B',5,1,'active'),(4068,49,'B',6,1,'active'),(4069,49,'B',7,1,'active'),(4070,49,'B',8,1,'active'),(4071,49,'B',9,1,'active'),(4072,49,'B',10,1,'active'),(4073,49,'C',1,1,'active'),(4074,49,'C',2,1,'active'),(4075,49,'C',3,1,'active'),(4076,49,'C',4,1,'active'),(4077,49,'C',5,1,'active'),(4078,49,'C',6,1,'active'),(4079,49,'C',7,1,'active'),(4080,49,'C',8,1,'active'),(4081,49,'C',9,1,'active'),(4082,49,'C',10,1,'active'),(4083,49,'D',1,1,'active'),(4084,49,'D',2,1,'active'),(4085,49,'D',3,1,'active'),(4086,49,'D',4,1,'active'),(4087,49,'D',5,1,'active'),(4088,49,'D',6,1,'active'),(4089,49,'D',7,1,'active'),(4090,49,'D',8,1,'active'),(4091,49,'D',9,1,'active'),(4092,49,'D',10,1,'active'),(4093,49,'E',1,1,'active'),(4094,49,'E',2,1,'active'),(4095,49,'E',3,1,'active'),(4096,49,'E',4,1,'active'),(4097,49,'E',5,1,'active'),(4098,49,'E',6,1,'active'),(4099,49,'E',7,1,'active'),(4100,49,'E',8,1,'active'),(4101,49,'E',9,1,'active'),(4102,49,'E',10,2,'active'),(4103,49,'F',1,2,'active'),(4104,49,'F',2,2,'active'),(4105,49,'F',3,2,'active'),(4106,49,'F',4,2,'active'),(4107,49,'F',5,2,'active'),(4108,49,'F',6,2,'active'),(4109,49,'F',7,2,'active'),(4110,49,'F',8,2,'active'),(4111,49,'F',9,2,'active'),(4112,49,'F',10,2,'active'),(4113,49,'G',1,2,'active'),(4114,49,'G',2,2,'active'),(4115,49,'G',3,2,'active'),(4116,49,'G',4,2,'active'),(4117,49,'G',5,2,'active'),(4118,49,'G',6,2,'active'),(4119,49,'G',7,2,'active'),(4120,49,'G',8,2,'active'),(4121,49,'G',9,2,'active'),(4122,49,'G',10,2,'active'),(4123,49,'H',1,2,'active'),(4124,49,'H',2,2,'active'),(4125,49,'H',3,2,'active'),(4126,49,'H',4,3,'active'),(4127,49,'H',5,3,'active'),(4128,49,'H',6,3,'active'),(4129,49,'H',7,3,'active'),(4130,49,'H',8,3,'active'),(4131,49,'H',9,3,'active'),(4132,49,'H',10,3,'active'),(4133,49,'I',1,3,'active'),(4134,49,'I',2,3,'active'),(4135,50,'A',1,1,'active'),(4136,50,'A',2,1,'active'),(4137,50,'A',3,1,'active'),(4138,50,'A',4,1,'active'),(4139,50,'A',5,1,'active'),(4140,50,'A',6,1,'active'),(4141,50,'A',7,1,'active'),(4142,50,'A',8,1,'active'),(4143,50,'A',9,1,'active'),(4144,50,'A',10,1,'active'),(4145,50,'B',1,1,'active'),(4146,50,'B',2,1,'active'),(4147,50,'B',3,1,'active'),(4148,50,'B',4,1,'active'),(4149,50,'B',5,1,'active'),(4150,50,'B',6,1,'active'),(4151,50,'B',7,1,'active'),(4152,50,'B',8,1,'active'),(4153,50,'B',9,1,'active'),(4154,50,'B',10,1,'active'),(4155,50,'C',1,1,'active'),(4156,50,'C',2,1,'active'),(4157,50,'C',3,1,'active'),(4158,50,'C',4,1,'active'),(4159,50,'C',5,1,'active'),(4160,50,'C',6,1,'active'),(4161,50,'C',7,1,'active'),(4162,50,'C',8,1,'active'),(4163,50,'C',9,1,'active'),(4164,50,'C',10,1,'active'),(4165,50,'D',1,1,'active'),(4166,50,'D',2,1,'active'),(4167,50,'D',3,1,'active'),(4168,50,'D',4,1,'active'),(4169,50,'D',5,1,'active'),(4170,50,'D',6,1,'active'),(4171,50,'D',7,1,'active'),(4172,50,'D',8,1,'active'),(4173,50,'D',9,1,'active'),(4174,50,'D',10,1,'active'),(4175,50,'E',1,1,'active'),(4176,50,'E',2,1,'active'),(4177,50,'E',3,1,'active'),(4178,50,'E',4,1,'active'),(4179,50,'E',5,1,'active'),(4180,50,'E',6,1,'active'),(4181,50,'E',7,1,'active'),(4182,50,'E',8,1,'active'),(4183,50,'E',9,1,'active'),(4184,50,'E',10,1,'active'),(4185,50,'F',1,1,'active'),(4186,50,'F',2,1,'active'),(4187,50,'F',3,2,'active'),(4188,50,'F',4,2,'active'),(4189,50,'F',5,2,'active'),(4190,50,'F',6,2,'active'),(4191,50,'F',7,2,'active'),(4192,50,'F',8,2,'active'),(4193,50,'F',9,2,'active'),(4194,50,'F',10,2,'active'),(4195,50,'G',1,2,'active'),(4196,50,'G',2,2,'active'),(4197,50,'G',3,2,'active'),(4198,50,'G',4,2,'active'),(4199,50,'G',5,2,'active'),(4200,50,'G',6,2,'active'),(4201,50,'G',7,2,'active'),(4202,50,'G',8,2,'active'),(4203,50,'G',9,2,'active'),(4204,50,'G',10,2,'active'),(4205,50,'H',1,2,'active'),(4206,50,'H',2,2,'active'),(4207,50,'H',3,2,'active'),(4208,50,'H',4,2,'active'),(4209,50,'H',5,2,'active'),(4210,50,'H',6,2,'active'),(4211,50,'H',7,2,'active'),(4212,50,'H',8,2,'active'),(4213,50,'H',9,2,'active'),(4214,50,'H',10,3,'active'),(4215,50,'I',1,3,'active'),(4216,50,'I',2,3,'active'),(4217,50,'I',3,3,'active'),(4218,50,'I',4,3,'active'),(4219,50,'I',5,3,'active'),(4220,50,'I',6,3,'active'),(4221,50,'I',7,3,'active'),(4222,50,'I',8,3,'active');
/*!40000 ALTER TABLE `seats` ENABLE KEYS */;
UNLOCK TABLES;

--
-- Table structure for table `seattypes`
--

DROP TABLE IF EXISTS `seattypes`;
/*!40101 SET @saved_cs_client     = @@character_set_client */;
/*!50503 SET character_set_client = utf8mb4 */;
CREATE TABLE `seattypes` (
  `id` int unsigned NOT NULL AUTO_INCREMENT,
  `type_name` varchar(50) CHARACTER SET utf8mb4 COLLATE utf8mb4_unicode_ci NOT NULL,
  `price_multiplier` decimal(3,2) DEFAULT '1.00',
  `description` varchar(255) CHARACTER SET utf8mb4 COLLATE utf8mb4_unicode_ci DEFAULT NULL,
  `is_deleted` tinyint(1) DEFAULT '0',
  PRIMARY KEY (`id`)
) ENGINE=InnoDB AUTO_INCREMENT=4 DEFAULT CHARSET=utf8mb4 COLLATE=utf8mb4_unicode_ci;
/*!40101 SET character_set_client = @saved_cs_client */;

--
-- Dumping data for table `seattypes`
--

LOCK TABLES `seattypes` WRITE;
/*!40000 ALTER TABLE `seattypes` DISABLE KEYS */;
INSERT INTO `seattypes` VALUES (1,'Standard',1.00,'Ghế thường',0),(2,'VIP',1.20,'Ghế VIP',0),(3,'Couple',1.50,'Ghế đôi',0);
/*!40000 ALTER TABLE `seattypes` ENABLE KEYS */;
UNLOCK TABLES;

--
-- Table structure for table `setting_system`
--

DROP TABLE IF EXISTS `setting_system`;
/*!40101 SET @saved_cs_client     = @@character_set_client */;
/*!50503 SET character_set_client = utf8mb4 */;
CREATE TABLE `setting_system` (
  `id` int NOT NULL AUTO_INCREMENT,
  `create_at` datetime DEFAULT NULL,
  `config_data` json NOT NULL,
  `type` varchar(100) CHARACTER SET utf8mb4 COLLATE utf8mb4_unicode_ci NOT NULL,
  PRIMARY KEY (`id`),
  UNIQUE KEY `type` (`type`)
) ENGINE=InnoDB AUTO_INCREMENT=2 DEFAULT CHARSET=utf8mb4 COLLATE=utf8mb4_unicode_ci;
/*!40101 SET character_set_client = @saved_cs_client */;

--
-- Dumping data for table `setting_system`
--

LOCK TABLES `setting_system` WRITE;
/*!40000 ALTER TABLE `setting_system` DISABLE KEYS */;
INSERT INTO `setting_system` VALUES (1,'2026-03-08 17:55:03','{\"weekdayPrice\": 80000, \"weekendPrice\": 120000}','ticket_price');
/*!40000 ALTER TABLE `setting_system` ENABLE KEYS */;
UNLOCK TABLES;

--
-- Table structure for table `slots`
--

DROP TABLE IF EXISTS `slots`;
/*!40101 SET @saved_cs_client     = @@character_set_client */;
/*!50503 SET character_set_client = utf8mb4 */;
CREATE TABLE `slots` (
  `id` int unsigned NOT NULL AUTO_INCREMENT,
  `movie_id` int unsigned NOT NULL,
  `room_id` int unsigned DEFAULT NULL,
  `show_time` datetime NOT NULL,
  `end_time` datetime NOT NULL,
  `price` decimal(10,2) NOT NULL,
  `empty_seats` int NOT NULL,
  `create_at` datetime DEFAULT NULL,
  `is_deleted` tinyint(1) DEFAULT '0',
  `couple_price` decimal(10,2) DEFAULT NULL,
  `vip_price` decimal(10,2) DEFAULT NULL,
  PRIMARY KEY (`id`),
  KEY `movie_id` (`movie_id`),
  KEY `room_id` (`room_id`),
  CONSTRAINT `slots_ibfk_1` FOREIGN KEY (`movie_id`) REFERENCES `movies` (`id`),
  CONSTRAINT `slots_ibfk_2` FOREIGN KEY (`room_id`) REFERENCES `rooms` (`id`)
) ENGINE=InnoDB AUTO_INCREMENT=197 DEFAULT CHARSET=utf8mb4 COLLATE=utf8mb4_unicode_ci;
/*!40101 SET character_set_client = @saved_cs_client */;

--
-- Dumping data for table `slots`
--

LOCK TABLES `slots` WRITE;
/*!40000 ALTER TABLE `slots` DISABLE KEYS */;
INSERT INTO `slots` VALUES (1,10,1,'2026-03-09 08:00:00','2026-03-09 16:59:00',80000.00,12,'2026-03-09 00:35:05',0,NULL,NULL),(2,10,1,'2026-03-09 10:00:00','2026-03-09 16:59:00',80000.00,12,'2026-03-09 00:35:34',0,NULL,NULL),(3,10,1,'2026-03-08 23:00:00','2026-03-08 23:01:00',80000.00,12,'2026-03-09 00:36:27',0,NULL,NULL),(4,10,1,'2026-03-09 09:00:00','2026-03-09 16:59:00',80000.00,12,'2026-03-09 00:37:09',0,NULL,NULL),(5,10,2,'2026-03-09 08:00:00','2026-03-09 16:59:00',80000.00,16,'2026-03-09 00:38:42',0,NULL,NULL),(6,10,2,'2026-03-09 11:00:00','2026-03-09 16:59:00',80000.00,16,'2026-03-09 00:39:16',0,NULL,NULL),(7,10,3,'2026-03-09 11:00:00','2026-03-09 16:59:00',80000.00,25,'2026-03-09 00:39:50',0,NULL,NULL),(8,10,3,'2026-03-09 13:00:00','2026-03-09 16:59:00',80000.00,25,'2026-03-09 00:40:21',0,NULL,NULL),(9,10,5,'2026-03-09 11:00:00','2026-03-09 16:59:00',80000.00,18,'2026-03-09 00:41:12',0,NULL,NULL),(10,10,5,'2026-03-09 13:00:00','2026-03-09 16:59:00',80000.00,18,'2026-03-09 00:41:43',0,NULL,NULL),(11,9,5,'2026-03-09 14:00:00','2026-03-09 16:59:00',80000.00,18,'2026-03-09 00:44:01',0,NULL,NULL),(12,9,2,'2026-05-21 08:00:00','2026-05-21 11:00:00',80000.00,16,'2026-05-21 02:11:49',0,NULL,NULL),(13,9,1,'2026-05-23 08:00:00','2026-05-23 11:00:00',120000.00,12,'2026-05-21 21:54:49',0,NULL,NULL),(14,18,3,'2026-05-23 09:46:00','2026-05-23 11:35:00',120000.00,25,'2026-05-22 09:46:24',0,NULL,NULL),(15,9,6,'2026-05-24 00:45:00','2026-05-23 02:39:00',120000.00,30,'2026-05-23 00:45:46',0,NULL,NULL),(16,3,7,'2026-05-25 22:25:00','2026-05-25 00:12:00',80000.00,40,'2026-05-24 22:25:38',0,NULL,NULL),(17,9,1,'2026-05-28 08:00:00','2026-05-28 11:00:00',80000.00,24,'2026-05-27 07:08:23',0,NULL,NULL),(18,1,1,'2024-10-10 10:00:00','2024-10-10 12:00:00',80000.00,30,'2026-05-28 19:28:48',0,NULL,NULL),(19,1,1,'2024-10-10 10:00:00','2024-10-10 12:00:00',80000.00,30,'2026-05-28 19:32:35',0,NULL,NULL),(20,1,1,'2024-10-10 10:00:00','2024-10-10 12:00:00',80000.00,30,'2026-05-28 20:22:09',0,NULL,NULL),(21,18,1,'2026-05-29 20:28:00','2026-05-29 22:17:00',80000.00,29,'2026-05-28 20:28:50',0,NULL,NULL),(22,18,6,'2026-05-29 20:30:00','2026-05-29 22:19:00',80000.00,28,'2026-05-28 20:30:16',0,NULL,NULL),(30,1,1,'2026-03-15 18:00:00','2026-03-15 21:00:00',80000.00,13,'2026-03-10 10:00:00',0,NULL,NULL),(31,2,2,'2026-03-15 19:00:00','2026-03-15 21:30:00',80000.00,16,'2026-03-10 10:00:00',0,NULL,NULL),(32,3,3,'2026-03-16 09:00:00','2026-03-16 11:00:00',80000.00,25,'2026-03-10 10:00:00',0,NULL,NULL),(33,4,4,'2026-03-16 14:00:00','2026-03-16 16:00:00',80000.00,10,'2026-03-10 10:00:00',0,NULL,NULL),(34,5,5,'2026-03-17 10:00:00','2026-03-17 12:00:00',80000.00,18,'2026-03-10 10:00:00',0,NULL,NULL),(35,6,8,'2026-05-30 20:12:00','2026-05-30 22:19:00',120000.00,0,'2026-05-29 20:12:11',0,NULL,NULL),(36,9,1,'2026-05-30 08:00:00','2026-05-30 11:00:00',120000.00,29,'2026-05-29 20:28:21',0,NULL,NULL),(37,6,8,'2026-05-30 03:24:00','2026-05-29 05:31:00',120000.00,50,'2026-05-30 01:24:13',0,NULL,NULL),(38,6,6,'2026-05-31 09:11:00','2026-05-31 11:18:00',120000.00,22,'2026-05-30 09:11:21',0,NULL,NULL),(39,3,1,'2026-05-31 16:30:00','2026-05-31 18:17:00',120000.00,30,'2026-05-31 15:30:49',0,NULL,NULL),(40,9,1,'2026-05-31 08:00:00','2026-05-31 11:00:00',120000.00,29,'2026-05-31 16:14:47',0,NULL,NULL),(41,10,1,'2026-05-31 08:00:00','2026-05-31 11:00:00',120000.00,30,'2026-05-31 16:14:56',0,NULL,NULL),(42,11,2,'2026-05-31 08:00:00','2026-05-31 11:00:00',120000.00,16,'2026-05-31 16:18:40',0,NULL,NULL),(43,3,9,'2026-05-31 21:19:00','2026-05-31 23:06:00',120000.00,10,'2026-05-31 21:19:56',0,NULL,NULL),(44,6,8,'2026-06-02 10:36:00','2026-06-02 12:43:00',80000.00,58,'2026-06-01 10:37:03',0,NULL,NULL),(45,7,1,'2026-06-06 11:03:00','2026-06-06 13:20:00',120000.00,26,'2026-06-01 11:03:41',0,NULL,NULL),(46,20,5,'2026-06-03 21:50:00','2026-06-03 23:27:00',80000.00,18,'2026-06-02 15:50:42',0,NULL,NULL),(47,20,5,'2026-06-03 22:50:00','2026-06-03 00:27:00',80000.00,18,'2026-06-02 15:54:10',1,NULL,NULL),(48,20,5,'2026-06-03 21:50:00','2026-06-03 23:27:00',80000.00,18,'2026-06-02 15:55:03',0,NULL,NULL),(49,16,12,'2026-06-16 17:41:00','2026-06-16 19:25:00',80000.00,140,'2026-06-02 16:41:39',0,NULL,NULL),(50,3,12,'2026-06-05 17:43:00','2026-06-05 19:30:00',80000.00,128,'2026-06-02 16:43:09',0,NULL,NULL),(51,12,8,'2026-06-04 10:43:00','2026-06-04 12:49:00',80000.00,57,'2026-06-03 10:43:14',0,NULL,NULL),(52,15,4,'2026-06-05 17:29:00','2026-06-05 19:45:00',80000.00,10,'2026-06-04 16:30:01',0,NULL,NULL),(53,7,2,'2026-06-06 00:14:00','2026-06-05 02:31:00',75000.00,16,'2026-06-05 00:29:04',0,200000.00,110000.00),(54,6,1,'2026-06-06 00:29:00','2026-06-05 02:36:00',75000.00,30,'2026-06-05 00:29:48',0,200000.00,110000.00),(55,18,1,'2026-06-06 06:30:00','2026-06-06 08:19:00',75000.00,30,'2026-06-05 00:30:51',0,200000.00,110000.00),(56,20,1,'2026-06-07 00:52:00','2026-06-06 02:29:00',75000.00,30,'2026-06-05 00:51:43',0,200000.00,110000.00),(57,18,1,'2026-06-10 00:52:00','2026-06-09 02:41:00',75000.00,30,'2026-06-05 00:53:02',0,200000.00,110000.00),(58,21,12,'2026-06-09 23:23:00','2026-06-09 01:08:00',75000.00,103,'2026-06-06 04:24:04',0,200000.00,110000.00),(59,3,2,'2026-06-10 20:20:00','2026-06-10 22:07:00',75000.00,16,'2026-06-09 20:20:22',0,200000.00,110000.00),(60,8,6,'2026-06-11 20:20:00','2026-06-11 22:24:00',75000.00,29,'2026-06-09 20:20:39',0,200000.00,110000.00),(61,10,8,'2026-06-10 20:20:00','2026-06-10 22:11:00',75000.00,60,'2026-06-09 20:20:54',0,200000.00,110000.00),(62,14,3,'2026-06-19 12:21:00','2026-06-19 14:12:00',75000.00,25,'2026-06-09 20:21:20',0,200000.00,110000.00),(63,15,4,'2026-06-17 20:21:00','2026-06-17 22:37:00',75000.00,10,'2026-06-09 20:21:39',0,200000.00,110000.00),(64,1,1,'2026-06-15 14:00:00','2026-06-15 17:00:00',80000.00,30,'2026-06-09 19:15:03',0,150000.00,110000.00),(65,1,1,'2026-06-15 19:30:00','2026-06-15 22:30:00',120000.00,30,'2026-06-09 19:15:03',0,200000.00,140000.00),(66,5,6,'2026-06-16 09:00:00','2026-06-16 10:40:00',80000.00,30,'2026-06-09 19:15:03',0,150000.00,110000.00),(67,5,6,'2026-06-16 15:00:00','2026-06-16 16:40:00',80000.00,30,'2026-06-09 19:15:03',0,150000.00,110000.00),(68,6,8,'2026-06-17 18:00:00','2026-06-17 20:10:00',120000.00,60,'2026-06-09 19:15:03',0,200000.00,140000.00),(69,6,8,'2026-06-17 21:00:00','2026-06-17 23:10:00',120000.00,60,'2026-06-09 19:15:03',0,200000.00,140000.00),(70,10,3,'2026-06-18 10:00:00','2026-06-18 11:55:00',80000.00,25,'2026-06-09 19:15:03',0,150000.00,110000.00),(71,10,3,'2026-06-18 17:30:00','2026-06-18 19:25:00',80000.00,25,'2026-06-09 19:15:03',0,150000.00,110000.00),(72,20,1,'2026-06-18 20:00:00','2026-06-18 21:37:00',75000.00,30,'2026-06-09 19:27:40',0,200000.00,110000.00),(73,20,1,'2026-06-18 22:30:00','2026-06-18 00:07:00',75000.00,30,'2026-06-09 19:27:40',0,200000.00,110000.00),(74,19,7,'2026-06-19 10:15:00','2026-06-19 11:45:00',75000.00,50,'2026-06-09 19:27:40',0,200000.00,110000.00),(75,18,6,'2026-06-20 14:00:00','2026-06-20 15:49:00',75000.00,30,'2026-06-09 19:27:40',0,200000.00,110000.00),(76,18,6,'2026-06-20 17:30:00','2026-06-20 19:19:00',75000.00,30,'2026-06-09 19:27:40',0,200000.00,110000.00),(118,1,20,'2026-06-15 09:00:00','2026-06-15 12:01:00',80000.00,87,'2026-06-09 20:00:55',0,200000.00,110000.00),(119,5,20,'2026-06-15 14:00:00','2026-06-15 15:36:00',80000.00,87,'2026-06-09 20:00:55',0,200000.00,110000.00),(120,6,21,'2026-06-15 10:30:00','2026-06-15 12:37:00',90000.00,89,'2026-06-09 20:00:55',0,200000.00,110000.00),(121,20,21,'2026-06-15 19:00:00','2026-06-15 20:37:00',90000.00,89,'2026-06-09 20:00:55',0,200000.00,110000.00),(122,2,22,'2026-06-16 13:00:00','2026-06-16 15:28:00',80000.00,83,'2026-06-09 20:00:55',0,200000.00,110000.00),(123,9,22,'2026-06-16 18:30:00','2026-06-16 20:24:00',80000.00,83,'2026-06-09 20:00:55',0,200000.00,110000.00),(124,18,23,'2026-06-16 09:15:00','2026-06-16 11:04:00',90000.00,80,'2026-06-09 20:00:55',0,200000.00,110000.00),(125,13,23,'2026-06-16 20:00:00','2026-06-16 22:24:00',90000.00,80,'2026-06-09 20:00:55',0,200000.00,110000.00),(126,10,24,'2026-06-17 14:15:00','2026-06-17 16:06:00',80000.00,80,'2026-06-09 20:00:55',0,200000.00,110000.00),(127,14,24,'2026-06-17 21:00:00','2026-06-17 22:51:00',80000.00,80,'2026-06-09 20:00:55',0,200000.00,110000.00),(128,21,25,'2026-06-17 11:00:00','2026-06-17 12:45:00',80000.00,81,'2026-06-09 20:00:55',0,200000.00,110000.00),(129,3,25,'2026-06-17 16:30:00','2026-06-17 18:17:00',80000.00,81,'2026-06-09 20:00:55',0,200000.00,110000.00),(130,11,26,'2026-06-15 13:00:00','2026-06-15 15:09:00',80000.00,84,'2026-06-09 20:01:58',0,200000.00,110000.00),(131,15,27,'2026-06-15 19:45:00','2026-06-15 22:01:00',80000.00,90,'2026-06-09 20:01:58',0,200000.00,110000.00),(132,2,28,'2026-06-16 09:00:00','2026-06-16 11:28:00',80000.00,82,'2026-06-09 20:01:58',0,200000.00,110000.00),(133,19,29,'2026-06-16 14:30:00','2026-06-16 16:00:00',90000.00,84,'2026-06-09 20:01:58',0,200000.00,110000.00),(134,7,30,'2026-06-16 18:00:00','2026-06-16 20:17:00',80000.00,84,'2026-06-09 20:01:58',0,200000.00,110000.00),(135,12,31,'2026-06-16 12:15:00','2026-06-16 14:21:00',80000.00,90,'2026-06-09 20:01:58',0,200000.00,110000.00),(136,6,32,'2026-06-16 20:15:00','2026-06-16 22:22:00',90000.00,83,'2026-06-09 20:01:58',0,200000.00,110000.00),(137,21,33,'2026-06-17 10:00:00','2026-06-17 11:45:00',80000.00,90,'2026-06-09 20:01:58',0,200000.00,110000.00),(138,14,34,'2026-06-17 15:30:00','2026-06-17 17:21:00',80000.00,88,'2026-06-09 20:01:58',0,200000.00,110000.00),(139,1,35,'2026-06-17 19:00:00','2026-06-17 22:01:00',90000.00,89,'2026-06-09 20:01:58',0,200000.00,110000.00),(140,13,36,'2026-06-17 13:00:00','2026-06-17 15:24:00',80000.00,81,'2026-06-09 20:01:58',0,200000.00,110000.00),(141,5,37,'2026-06-17 16:30:00','2026-06-17 18:06:00',80000.00,90,'2026-06-09 20:01:58',0,200000.00,110000.00),(142,10,38,'2026-06-18 09:30:00','2026-06-18 11:21:00',90000.00,84,'2026-06-09 20:01:58',0,200000.00,110000.00),(143,18,39,'2026-06-18 14:00:00','2026-06-18 15:49:00',80000.00,82,'2026-06-09 20:01:58',0,200000.00,110000.00),(144,20,40,'2026-06-18 20:00:00','2026-06-18 21:37:00',80000.00,80,'2026-06-09 20:01:58',0,200000.00,110000.00),(145,3,41,'2026-06-18 11:15:00','2026-06-18 13:02:00',80000.00,83,'2026-06-09 20:01:58',0,200000.00,110000.00),(146,11,42,'2026-06-18 16:00:00','2026-06-18 18:09:00',90000.00,84,'2026-06-09 20:01:58',0,200000.00,110000.00),(147,8,43,'2026-06-19 10:00:00','2026-06-19 12:04:00',80000.00,80,'2026-06-09 20:01:58',0,200000.00,110000.00),(148,15,44,'2026-06-19 14:45:00','2026-06-19 17:01:00',80000.00,82,'2026-06-09 20:01:58',0,200000.00,110000.00),(149,6,45,'2026-06-19 19:30:00','2026-06-19 21:37:00',80000.00,89,'2026-06-09 20:01:58',0,200000.00,110000.00),(150,13,46,'2026-06-19 21:45:00','2026-06-19 23:49:00',90000.00,88,'2026-06-09 20:01:58',0,200000.00,110000.00),(151,17,47,'2026-06-20 09:00:00','2026-06-20 10:56:00',80000.00,82,'2026-06-09 20:01:58',0,200000.00,110000.00),(152,2,48,'2026-06-20 13:00:00','2026-06-20 15:28:00',80000.00,88,'2026-06-09 20:01:58',0,200000.00,110000.00),(153,14,49,'2026-06-20 16:30:00','2026-06-20 18:21:00',90000.00,82,'2026-06-09 20:01:58',0,200000.00,110000.00),(154,21,50,'2026-06-20 20:00:00','2026-06-20 21:45:00',80000.00,88,'2026-06-09 20:01:58',0,200000.00,110000.00),(155,1,20,'2026-06-15 08:30:00','2026-06-15 11:31:00',80000.00,87,'2026-06-09 20:05:00',0,200000.00,110000.00),(156,1,21,'2026-06-16 13:00:00','2026-06-16 16:01:00',90000.00,89,'2026-06-09 20:05:00',0,200000.00,110000.00),(157,2,22,'2026-06-15 10:00:00','2026-06-15 12:28:00',80000.00,83,'2026-06-09 20:05:00',0,200000.00,110000.00),(158,2,23,'2026-06-16 15:30:00','2026-06-16 17:58:00',90000.00,80,'2026-06-09 20:05:00',0,200000.00,110000.00),(159,3,24,'2026-06-15 09:00:00','2026-06-15 10:47:00',80000.00,80,'2026-06-09 20:05:00',0,200000.00,110000.00),(160,3,25,'2026-06-16 14:00:00','2026-06-16 15:47:00',80000.00,81,'2026-06-09 20:05:00',0,200000.00,110000.00),(161,4,26,'2026-06-15 14:00:00','2026-06-15 15:55:00',80000.00,84,'2026-06-09 20:05:00',0,200000.00,110000.00),(162,4,27,'2026-06-16 19:00:00','2026-06-16 20:55:00',80000.00,90,'2026-06-09 20:05:00',0,200000.00,110000.00),(163,5,28,'2026-06-15 11:30:00','2026-06-15 13:06:00',80000.00,82,'2026-06-09 20:05:00',0,200000.00,110000.00),(164,5,29,'2026-06-16 16:30:00','2026-06-16 18:06:00',90000.00,84,'2026-06-09 20:05:00',0,200000.00,110000.00),(165,6,30,'2026-06-15 16:00:00','2026-06-15 18:07:00',80000.00,84,'2026-06-09 20:05:00',0,200000.00,110000.00),(166,6,31,'2026-06-16 20:00:00','2026-06-16 22:07:00',80000.00,90,'2026-06-09 20:05:00',0,200000.00,110000.00),(167,7,32,'2026-06-15 13:00:00','2026-06-15 15:17:00',80000.00,83,'2026-06-09 20:05:00',0,200000.00,110000.00),(168,7,33,'2026-06-16 18:15:00','2026-06-16 20:32:00',80000.00,90,'2026-06-09 20:05:00',0,200000.00,110000.00),(169,8,34,'2026-06-15 15:30:00','2026-06-15 17:34:00',80000.00,88,'2026-06-09 20:05:00',0,200000.00,110000.00),(170,8,35,'2026-06-16 11:00:00','2026-06-16 13:04:00',90000.00,89,'2026-06-09 20:05:00',0,200000.00,110000.00),(171,9,36,'2026-06-15 19:45:00','2026-06-15 21:39:00',80000.00,81,'2026-06-09 20:05:00',0,200000.00,110000.00),(172,9,37,'2026-06-16 09:30:00','2026-06-16 11:24:00',80000.00,90,'2026-06-09 20:05:00',0,200000.00,110000.00),(173,10,38,'2026-06-15 17:15:00','2026-06-15 19:06:00',80000.00,84,'2026-06-09 20:05:00',0,200000.00,110000.00),(174,10,39,'2026-06-16 14:15:00','2026-06-16 16:06:00',80000.00,82,'2026-06-09 20:05:00',0,200000.00,110000.00),(175,11,40,'2026-06-17 08:30:00','2026-06-17 10:39:00',75000.00,80,'2026-06-09 20:05:00',0,200000.00,110000.00),(176,11,20,'2026-06-18 13:00:00','2026-06-18 15:09:00',80000.00,87,'2026-06-09 20:05:00',0,200000.00,110000.00),(177,12,21,'2026-06-17 12:15:00','2026-06-17 14:21:00',75000.00,89,'2026-06-09 20:05:00',0,200000.00,110000.00),(178,12,22,'2026-06-18 16:00:00','2026-06-18 18:06:00',80000.00,83,'2026-06-09 20:05:00',0,200000.00,110000.00),(179,13,23,'2026-06-17 19:45:00','2026-06-17 22:09:00',90000.00,80,'2026-06-09 20:05:00',0,200000.00,110000.00),(180,13,24,'2026-06-18 20:30:00','2026-06-18 22:54:00',90000.00,80,'2026-06-09 20:05:00',0,200000.00,110000.00),(181,14,25,'2026-06-17 16:30:00','2026-06-17 18:21:00',80000.00,81,'2026-06-09 20:05:00',0,200000.00,110000.00),(182,14,26,'2026-06-18 10:00:00','2026-06-18 11:51:00',80000.00,84,'2026-06-09 20:05:00',0,200000.00,110000.00),(183,15,27,'2026-06-17 13:00:00','2026-06-17 15:16:00',80000.00,90,'2026-06-09 20:05:00',0,200000.00,110000.00),(184,15,28,'2026-06-18 18:00:00','2026-06-18 20:16:00',80000.00,82,'2026-06-09 20:05:00',0,200000.00,110000.00),(185,16,29,'2026-06-17 10:15:00','2026-06-17 11:59:00',75000.00,84,'2026-06-09 20:05:00',0,200000.00,110000.00),(186,16,30,'2026-06-18 14:30:00','2026-06-18 16:14:00',75000.00,84,'2026-06-09 20:05:00',0,200000.00,110000.00),(187,17,31,'2026-06-17 15:45:00','2026-06-17 17:41:00',80000.00,90,'2026-06-09 20:05:00',0,200000.00,110000.00),(188,17,32,'2026-06-18 09:00:00','2026-06-18 10:56:00',80000.00,83,'2026-06-09 20:05:00',0,200000.00,110000.00),(189,18,33,'2026-06-17 11:00:00','2026-06-17 12:49:00',80000.00,90,'2026-06-09 20:05:00',0,200000.00,110000.00),(190,18,34,'2026-06-18 16:30:00','2026-06-18 18:19:00',90000.00,88,'2026-06-09 20:05:00',0,200000.00,110000.00),(191,19,35,'2026-06-17 14:00:00','2026-06-17 15:30:00',75000.00,89,'2026-06-09 20:05:00',0,200000.00,110000.00),(192,19,36,'2026-06-18 11:15:00','2026-06-18 12:45:00',75000.00,81,'2026-06-09 20:05:00',0,200000.00,110000.00),(193,20,37,'2026-06-17 21:00:00','2026-06-17 22:37:00',90000.00,90,'2026-06-09 20:05:00',0,200000.00,110000.00),(194,20,38,'2026-06-18 19:30:00','2026-06-18 21:07:00',90000.00,84,'2026-06-09 20:05:00',0,200000.00,110000.00),(195,21,39,'2026-06-17 17:30:00','2026-06-17 19:15:00',80000.00,82,'2026-06-09 20:05:00',0,200000.00,110000.00),(196,21,40,'2026-06-18 15:45:00','2026-06-18 17:30:00',80000.00,80,'2026-06-09 20:05:00',0,200000.00,110000.00);
/*!40000 ALTER TABLE `slots` ENABLE KEYS */;
UNLOCK TABLES;

--
-- Table structure for table `tickets`
--

DROP TABLE IF EXISTS `tickets`;
/*!40101 SET @saved_cs_client     = @@character_set_client */;
/*!50503 SET character_set_client = utf8mb4 */;
CREATE TABLE `tickets` (
  `id` int unsigned NOT NULL AUTO_INCREMENT,
  `account_id` int unsigned NOT NULL,
  `slot_id` int unsigned NOT NULL,
  `tickets_code` varchar(20) CHARACTER SET utf8mb4 COLLATE utf8mb4_unicode_ci NOT NULL,
  `qr_code_url` varchar(255) CHARACTER SET utf8mb4 COLLATE utf8mb4_unicode_ci DEFAULT NULL,
  `qr_code_data` varchar(255) CHARACTER SET utf8mb4 COLLATE utf8mb4_unicode_ci DEFAULT NULL,
  `tickets_date` datetime DEFAULT NULL,
  `total_amount` decimal(10,2) NOT NULL DEFAULT '0.00',
  `discount_amount` decimal(38,2) DEFAULT NULL,
  `final_amount` decimal(38,2) NOT NULL,
  `payment_status` varchar(255) CHARACTER SET utf8mb4 COLLATE utf8mb4_unicode_ci NOT NULL,
  `status` varchar(255) CHARACTER SET utf8mb4 COLLATE utf8mb4_unicode_ci DEFAULT NULL,
  `note` varchar(255) CHARACTER SET utf8mb4 COLLATE utf8mb4_unicode_ci DEFAULT NULL,
  `is_deleted` tinyint(1) DEFAULT '0',
  `promotion_id` int unsigned DEFAULT NULL,
  `promotion_code` varchar(50) CHARACTER SET utf8mb4 COLLATE utf8mb4_unicode_ci DEFAULT NULL,
  PRIMARY KEY (`id`),
  UNIQUE KEY `tickets_code` (`tickets_code`),
  KEY `account_id` (`account_id`),
  KEY `slot_id` (`slot_id`),
  KEY `idx_tickets_promotion_id` (`promotion_id`),
  CONSTRAINT `tickets_ibfk_1` FOREIGN KEY (`account_id`) REFERENCES `accounts` (`id`),
  CONSTRAINT `tickets_ibfk_2` FOREIGN KEY (`slot_id`) REFERENCES `slots` (`id`),
  CONSTRAINT `tickets_promotion_id_fkey` FOREIGN KEY (`promotion_id`) REFERENCES `promotions` (`id`) ON DELETE SET NULL ON UPDATE CASCADE
) ENGINE=InnoDB AUTO_INCREMENT=224 DEFAULT CHARSET=utf8mb4 COLLATE=utf8mb4_unicode_ci;
/*!40101 SET character_set_client = @saved_cs_client */;

--
-- Dumping data for table `tickets`
--

LOCK TABLES `tickets` WRITE;
/*!40000 ALTER TABLE `tickets` DISABLE KEYS */;
INSERT INTO `tickets` VALUES (1,3,10,'CGV1773017700438497',NULL,NULL,'2026-03-09 00:55:00',146000.00,0.00,146000.00,'paid','confirmed','Đặt vé thành công qua hệ thống CGV',0,NULL,NULL),(2,3,11,'CGV1773017957638259',NULL,NULL,'2026-03-09 00:59:18',80000.00,0.00,80000.00,'paid','confirmed','Đặt vé thành công qua hệ thống CGV',0,NULL,NULL),(3,3,3,'CGV1773018015247750',NULL,NULL,'2026-03-09 01:00:15',120000.00,0.00,120000.00,'unpaid','cancelled','Đặt vé thành công qua hệ thống CGV',0,NULL,NULL),(4,3,2,'CGV1773037880838228',NULL,NULL,'2026-03-09 06:31:21',120000.00,0.00,120000.00,'paid','confirmed','Đặt vé thành công qua hệ thống CGV',0,NULL,NULL),(5,5,15,'CGV1779489731689','/qr/CGV1779489731689.png','{\"code\":\"CGV1779489731689\",\"slot\":15,\"seats\":[A1,A2]}','2026-05-23 05:42:12',240000.00,20000.00,220000.00,'paid','confirmed','Khách hàng mua qua app, ko áp dụng mã giảm giá 20k',0,NULL,NULL),(6,5,15,'CGV1779490600850','/qr/CGV1779490600850.png','{\"code\":\"CGV1779490600850\",\"slot\":15,\"seats\":[A3,A4]}','2026-05-23 05:56:41',240000.00,20000.00,220000.00,'unpaid','cancelled','Khách hàng mua qua app, ko áp dụng mã giảm giá 20k',0,NULL,NULL),(7,5,15,'CGV1779493923824','/qr/CGV1779493923824.png','{\"code\":\"CGV1779493923824\",\"slot\":15,\"seats\":[A5]}','2026-05-23 06:52:04',120000.00,20000.00,100000.00,'unpaid','cancelled','Khách hàng mua qua app, ko áp dụng mã giảm giá 20k',0,NULL,NULL),(8,5,15,'CGV1779494368692','/qr/CGV1779494368692.png','{\"code\":\"CGV1779494368692\",\"slot\":15,\"seats\":[A6]}','2026-05-23 06:59:29',120000.00,20000.00,100000.00,'unpaid','cancelled','Khách hàng mua qua app, ko áp dụng mã giảm giá 20k',0,NULL,NULL),(9,5,15,'CGV1779494949948','/qr/CGV1779494949948.png','{\"code\":\"CGV1779494949948\",\"slot\":15,\"seats\":[A7]}','2026-05-23 07:09:10',120000.00,20000.00,100000.00,'unpaid','cancelled','Khách hàng mua qua app, ko áp dụng mã giảm giá 20k',0,NULL,NULL),(10,5,15,'CGV1779495739064','/qr/CGV1779495739064.png','{\"code\":\"CGV1779495739064\",\"slot\":15,\"seats\":[A8]}','2026-05-23 07:22:19',120000.00,20000.00,100000.00,'unpaid','cancelled','Khách hàng mua qua app, ko áp dụng mã giảm giá 20k',0,NULL,NULL),(11,5,15,'CGV1779496065847','/qr/CGV1779496065847.png','{\"code\":\"CGV1779496065847\",\"slot\":15,\"seats\":[A9]}','2026-05-23 07:27:46',120000.00,20000.00,100000.00,'unpaid','cancelled','Khách hàng mua qua app, ko áp dụng mã giảm giá 20k',0,NULL,NULL),(12,5,15,'CGV1779496811871','/qr/CGV1779496811871.png','{\"code\":\"CGV1779496811871\",\"slot\":15,\"seats\":[A10]}','2026-05-23 07:40:12',120000.00,20000.00,100000.00,'unpaid','cancelled','Khách hàng mua qua app, ko áp dụng mã giảm giá 20k',0,NULL,NULL),(13,5,15,'CGV1779498548422','/qr/CGV1779498548422.png','{\"code\":\"CGV1779498548422\",\"slot\":15,\"seats\":[B1]}','2026-05-23 08:09:08',120000.00,20000.00,100000.00,'unpaid','cancelled','Khách hàng mua qua app, ko áp dụng mã giảm giá 20k',0,NULL,NULL),(14,5,15,'CGV1779502325400','/qr/CGV1779502325400.png','{\"code\":\"CGV1779502325400\",\"slot\":15,\"seats\":[B2]}','2026-05-23 09:12:05',120000.00,20000.00,100000.00,'unpaid','cancelled','Khách hàng mua qua app, ko áp dụng mã giảm giá 20k',0,NULL,NULL),(15,5,16,'CGV1779667124426','/qr/CGV1779667124426.png','{\"code\":\"CGV1779667124426\",\"slot\":16,\"seats\":[D8]}','2026-05-25 06:58:44',80000.00,0.00,80000.00,'unpaid','cancelled','Doraemon: Nobita and the Sky Utopia',0,NULL,NULL),(16,5,16,'CGV1779669754019','/qr/CGV1779669754019.png','{\"code\":\"CGV1779669754019\",\"slot\":16,\"seats\":[B7]}','2026-05-25 07:42:34',80000.00,0.00,80000.00,'unpaid','cancelled','Doraemon: Nobita and the Sky Utopia',0,NULL,NULL),(17,5,16,'CGV1779681465414','/qr/CGV1779681465414.png','{\"code\":\"CGV1779681465414\",\"slot\":16,\"seats\":[D9]}','2026-05-25 10:57:45',80000.00,0.00,80000.00,'unpaid','cancelled','Doraemon: Nobita and the Sky Utopia',0,NULL,NULL),(18,5,16,'CGV1779682121796','/qr/CGV1779682121796.png','{\"code\":\"CGV1779682121796\",\"slot\":16,\"seats\":[E10]}','2026-05-25 11:08:42',396000.00,0.00,396000.00,'unpaid','cancelled','Doraemon: Nobita and the Sky Utopia',0,NULL,NULL),(19,5,17,'CGV1779844348767','/qr/CGV1779844348767.png','{\"code\":\"CGV1779844348767\",\"slot\":17,\"seats\":[A1]}','2026-05-27 08:12:29',80000.00,20000.00,60000.00,'unpaid','cancelled','Khách hàng mua qua app, ko áp dụng mã giảm giá 20k',0,NULL,NULL),(20,5,17,'CGV1779844832075','/qr/CGV1779844832075.png','{\"code\":\"CGV1779844832075\",\"slot\":17,\"seats\":[A2]}','2026-05-27 08:20:33',80000.00,20000.00,60000.00,'paid','confirmed','Khách hàng mua qua app, ko áp dụng mã giảm giá 20k',0,NULL,NULL),(21,5,17,'CGV1779845718141','/qr/CGV1779845718141.png','{\"code\":\"CGV1779845718141\",\"slot\":17,\"seats\":[A3]}','2026-05-27 08:35:18',80000.00,20000.00,60000.00,'paid','confirmed','Khách hàng mua qua app',0,NULL,NULL),(22,5,17,'CGV1779846769437','/qr/CGV1779846769437.png','{\"code\":\"CGV1779846769437\",\"slot\":17,\"seats\":[A5]}','2026-05-27 08:52:49',80000.00,0.00,80000.00,'paid','confirmed','Thanh toán vé KHÔNG CÒN CHÚNG TA qua PayOS',0,NULL,NULL),(23,5,17,'CGV1779851710007','/qr/CGV1779851710007.png','{\"code\":\"CGV1779851710007\",\"slot\":17,\"seats\":[B10]}','2026-05-27 10:15:10',80000.00,0.00,80000.00,'paid','confirmed','Thanh toán vé KHÔNG CÒN CHÚNG TA qua PayOS',0,NULL,NULL),(24,5,17,'CGV1779851888983','/qr/CGV1779851888983.png','{\"code\":\"CGV1779851888983\",\"slot\":17,\"seats\":[B9]}','2026-05-27 10:18:09',130000.00,0.00,130000.00,'paid','confirmed','Thanh toán vé KHÔNG CÒN CHÚNG TA qua PayOS',0,NULL,NULL),(25,5,17,'CGV1779852105224','/qr/CGV1779852105224.png','{\"code\":\"CGV1779852105224\",\"slot\":17,\"seats\":[C8]}','2026-05-27 10:21:45',260000.00,0.00,260000.00,'paid','confirmed','Thanh toán vé KHÔNG CÒN CHÚNG TA qua PayOS',0,NULL,NULL),(26,5,22,'CGV1779975087457','/qr/CGV1779975087457.png','{\"code\":\"CGV1779975087457\",\"slot\":22,\"seats\":[C7]}','2026-05-28 20:31:27',120000.00,0.00,120000.00,'paid','confirmed','Thanh toán vé ĐỘI THÁM TỬ CỪU qua PayOS',0,NULL,NULL),(27,5,22,'CGV1779975860992','/qr/CGV1779975860992.png','{\"code\":\"CGV1779975860992\",\"slot\":22,\"seats\":[B9]}','2026-05-28 20:44:21',80000.00,0.00,80000.00,'paid','confirmed','Thanh toán vé ĐỘI THÁM TỬ CỪU qua PayOS',0,NULL,NULL),(28,5,21,'CGV1779981494919','/qr/CGV1779981494919.png','{\"code\":\"CGV1779981494919\",\"slot\":21,\"seats\":[A6]}','2026-05-28 22:18:15',130000.00,0.00,130000.00,'paid','confirmed','Thanh toán vé ĐỘI THÁM TỬ CỪU qua PayOS',0,NULL,NULL),(100,16,30,'CGV2026031200001',NULL,NULL,'2026-03-12 08:05:00',80000.00,0.00,80000.00,'paid','confirmed',NULL,0,NULL,NULL),(101,17,30,'CGV2026031200002',NULL,NULL,'2026-03-12 08:20:00',250000.00,0.00,250000.00,'paid','confirmed',NULL,0,NULL,NULL),(102,18,30,'CGV2026031200003',NULL,NULL,'2026-03-12 08:35:00',120000.00,0.00,120000.00,'paid','confirmed',NULL,0,NULL,NULL),(103,19,31,'CGV2026031200004',NULL,NULL,'2026-03-12 09:05:00',146000.00,0.00,146000.00,'paid','confirmed',NULL,0,NULL,NULL),(104,20,31,'CGV2026031200005',NULL,NULL,'2026-03-12 09:25:00',252000.00,0.00,252000.00,'paid','confirmed',NULL,0,NULL,NULL),(105,21,31,'CGV2026031200006',NULL,NULL,'2026-03-12 09:50:00',120000.00,0.00,120000.00,'paid','confirmed',NULL,0,NULL,NULL),(106,22,32,'CGV2026031200007',NULL,NULL,'2026-03-12 10:05:00',80000.00,0.00,80000.00,'paid','confirmed',NULL,0,NULL,NULL),(107,23,32,'CGV2026031200008',NULL,NULL,'2026-03-12 10:20:00',186000.00,0.00,186000.00,'paid','confirmed',NULL,0,NULL,NULL),(108,24,32,'CGV2026031200009',NULL,NULL,'2026-03-12 10:35:00',180000.00,0.00,180000.00,'paid','confirmed',NULL,0,NULL,NULL),(109,25,33,'CGV2026031200010',NULL,NULL,'2026-03-12 11:05:00',96000.00,0.00,96000.00,'paid','confirmed',NULL,0,NULL,NULL),(110,26,33,'CGV2026031200011',NULL,NULL,'2026-03-12 14:05:00',186000.00,0.00,186000.00,'paid','confirmed',NULL,0,NULL,NULL),(111,27,33,'CGV2026031200012',NULL,NULL,'2026-03-12 14:35:00',96000.00,0.00,96000.00,'paid','confirmed',NULL,0,NULL,NULL),(112,28,34,'CGV2026031200013',NULL,NULL,'2026-03-12 15:05:00',130000.00,0.00,130000.00,'paid','confirmed',NULL,0,NULL,NULL),(113,29,34,'CGV2026031200014',NULL,NULL,'2026-03-12 15:35:00',80000.00,0.00,80000.00,'paid','confirmed',NULL,0,NULL,NULL),(114,30,34,'CGV2026031200015',NULL,NULL,'2026-03-12 16:00:00',80000.00,0.00,80000.00,'paid','confirmed',NULL,0,NULL,NULL),(115,31,30,'CGV2026031200016',NULL,NULL,'2026-03-12 16:30:00',80000.00,0.00,80000.00,'unpaid','cancelled',NULL,0,NULL,NULL),(116,32,31,'CGV2026031200017',NULL,NULL,'2026-03-12 17:00:00',96000.00,0.00,96000.00,'unpaid','cancelled',NULL,0,NULL,NULL),(117,33,32,'CGV2026031200018',NULL,NULL,'2026-03-12 17:30:00',96000.00,0.00,96000.00,'paid','confirmed',NULL,0,NULL,NULL),(118,34,33,'CGV2026031200019',NULL,NULL,'2026-03-12 18:00:00',96000.00,0.00,96000.00,'paid','confirmed',NULL,0,NULL,NULL),(119,35,34,'CGV2026031200020',NULL,NULL,'2026-03-12 18:30:00',80000.00,0.00,80000.00,'paid','confirmed',NULL,0,NULL,NULL),(120,5,36,'CGV1780061390581','/qr/CGV1780061390581.png','{\"code\":\"CGV1780061390581\",\"slot\":36,\"seats\":[A1,A2]}','2026-05-29 20:29:51',290000.00,0.00,290000.00,'unpaid','cancelled','Test gửi mail đặt vé',0,NULL,NULL),(121,5,37,'CGV1780079079792','/qr/CGV1780079079792.png','{\"code\":\"CGV1780079079792\",\"slot\":37,\"seats\":[A8]}','2026-05-30 01:24:40',144000.00,0.00,144000.00,'unpaid','cancelled','Thanh toán vé THỎ ƠI!! qua PayOS',0,NULL,NULL),(122,5,37,'CGV1780080891591','/qr/CGV1780080891591.png','{\"code\":\"CGV1780080891591\",\"slot\":37,\"seats\":[C4]}','2026-05-30 01:54:52',144000.00,0.00,144000.00,'unpaid','cancelled','Thanh toán vé THỎ ƠI!! qua PayOS',0,NULL,NULL),(123,5,37,'CGV1780081435373','/qr/CGV1780081435373.png','{\"code\":\"CGV1780081435373\",\"slot\":37,\"seats\":[C8]}','2026-05-30 02:03:55',144000.00,0.00,144000.00,'unpaid','cancelled','Thanh toán vé THỎ ƠI!! qua PayOS',0,NULL,NULL),(124,5,37,'CGV1780081992134','/qr/CGV1780081992134.png','{\"code\":\"CGV1780081992134\",\"slot\":37,\"seats\":[E10]}','2026-05-30 02:13:12',180000.00,0.00,180000.00,'unpaid','cancelled','Thanh toán vé THỎ ƠI!! qua PayOS',0,NULL,NULL),(125,5,38,'CGV1780107113750','/qr/CGV1780107113750.png','{\"code\":\"CGV1780107113750\",\"slot\":38,\"seats\":[C7]}','2026-05-30 09:11:54',180000.00,0.00,180000.00,'unpaid','cancelled','Thanh toán vé THỎ ƠI!! qua PayOS',0,NULL,NULL),(126,5,38,'CGV1780107635948','/qr/CGV1780107635948.png','{\"code\":\"CGV1780107635948\",\"slot\":38,\"seats\":[C10]}','2026-05-30 09:20:36',180000.00,0.00,180000.00,'unpaid','cancelled','Thanh toán vé THỎ ƠI!! qua PayOS',0,NULL,NULL),(127,5,38,'CGV1780128667645','/qr/CGV1780128667645.png','{\"code\":\"CGV1780128667645\",\"slot\":38,\"seats\":[B10]}','2026-05-30 15:11:08',120000.00,0.00,120000.00,'paid','confirmed','Thanh toán vé THỎ ƠI!! qua PayOS',0,NULL,NULL),(128,5,38,'CGV1780128854129','/qr/CGV1780128854129.png','{\"code\":\"CGV1780128854129\",\"slot\":38,\"seats\":[B8]}','2026-05-30 15:14:14',120000.00,0.00,120000.00,'paid','confirmed','Thanh toán vé THỎ ƠI!! qua PayOS',0,NULL,NULL),(129,5,38,'CGV1780129133065','/qr/CGV1780129133065.png','{\"code\":\"CGV1780129133065\",\"slot\":38,\"seats\":[B1]}','2026-05-30 15:18:53',120000.00,0.00,120000.00,'paid','confirmed','Thanh toán vé THỎ ƠI!! qua PayOS',0,NULL,NULL),(130,5,38,'CGV1780129879164','/qr/CGV1780129879164.png','{\"code\":\"CGV1780129879164\",\"slot\":38,\"seats\":[B6]}','2026-05-30 15:31:20',120000.00,0.00,120000.00,'paid','confirmed','Thanh toán vé THỎ ƠI!! qua PayOS',0,NULL,NULL),(131,5,38,'CGV1780130174115','/qr/CGV1780130174115.png','{\"code\":\"CGV1780130174115\",\"slot\":38,\"seats\":[B5]}','2026-05-30 15:36:14',120000.00,0.00,120000.00,'paid','confirmed','Thanh toán vé THỎ ƠI!! qua PayOS',0,NULL,NULL),(132,5,38,'CGV1780134765854','/qr/CGV1780134765854.png','{\"code\":\"CGV1780134765854\",\"slot\":38,\"seats\":[B3]}','2026-05-30 16:52:46',170000.00,0.00,170000.00,'unpaid','cancelled','Thanh toán vé THỎ ƠI!! qua PayOS',0,NULL,NULL),(133,5,36,'CGV1780151169742','/qr/CGV1780151169742.png','{\"code\":\"CGV1780151169742\",\"slot\":36,\"seats\":[B10]}','2026-05-30 21:26:10',120000.00,0.00,120000.00,'paid','confirmed','Thanh toán vé KHÔNG CÒN CHÚNG TA qua PayOS',0,NULL,NULL),(134,5,38,'CGV1780167431753','/qr/CGV1780167431753.png','{\"code\":\"CGV1780167431753\",\"slot\":38,\"seats\":[B4]}','2026-05-31 01:57:12',120000.00,0.00,120000.00,'paid','confirmed','Thanh toán vé THỎ ƠI!! qua PayOS',0,NULL,NULL),(135,5,38,'CGV1780215651623','/qr/CGV1780215651623.png','{\"code\":\"CGV1780215651623\",\"slot\":38,\"seats\":[B7]}','2026-05-31 15:20:52',120000.00,0.00,120000.00,'paid','confirmed','Thanh toán vé THỎ ƠI!! qua PayOS',0,NULL,NULL),(136,5,38,'CGV1780215865170','/qr/CGV1780215865170.png','{\"code\":\"CGV1780215865170\",\"slot\":38,\"seats\":[A5]}','2026-05-31 15:24:25',120000.00,0.00,120000.00,'paid','confirmed','Thanh toán vé THỎ ƠI!! qua PayOS',0,NULL,NULL),(137,5,38,'CGV1780216627241','/qr/CGV1780216627241.png','{\"code\":\"CGV1780216627241\",\"slot\":38,\"seats\":[A6]}','2026-05-31 15:37:07',120000.00,0.00,120000.00,'unpaid','cancelled','Thanh toán vé THỎ ƠI!! qua PayOS',0,NULL,NULL),(138,5,38,'CGV1780217209567','/qr/CGV1780217209567.png','{\"code\":\"CGV1780217209567\",\"slot\":38,\"seats\":[C4]}','2026-05-31 15:46:50',180000.00,0.00,180000.00,'unpaid','cancelled','Thanh toán vé THỎ ƠI!! qua PayOS',0,NULL,NULL),(139,5,38,'CGV1780218364320','/qr/CGV1780218364320.png','{\"code\":\"CGV1780218364320\",\"slot\":38,\"seats\":[B2]}','2026-05-31 16:06:04',120000.00,0.00,120000.00,'paid','cancelled','Thanh toán vé THỎ ƠI!! qua PayOS',0,NULL,NULL),(140,5,40,'CGV1780220138380','/qr/CGV1780220138380.png','{\"code\":\"CGV1780220138380\",\"slot\":40,\"seats\":[B6]}','2026-05-31 16:35:38',120000.00,24000.00,96000.00,'paid','confirmed','Thanh toán vé KHÔNG CÒN CHÚNG TA qua PayOS',0,NULL,NULL),(141,5,40,'CGV1780221522147','/qr/CGV1780221522147.png','{\"code\":\"CGV1780221522147\",\"slot\":40,\"seats\":[B10]}','2026-05-31 16:58:42',170000.00,34000.00,136000.00,'paid','confirmed','Thanh toán vé KHÔNG CÒN CHÚNG TA qua PayOS',0,NULL,NULL),(142,38,44,'CGV1780285166209','/qr/CGV1780285166209.png','{\"code\":\"CGV1780285166209\",\"slot\":44,\"seats\":[F8,F9]}','2026-06-01 10:39:26',240000.00,40000.00,200000.00,'paid','confirmed','Thanh toán vé THỎ ƠI!! qua PayOS',0,NULL,NULL),(143,38,45,'CGV1780286672136','/qr/CGV1780286672136.png','{\"code\":\"CGV1780286672136\",\"slot\":45,\"seats\":[B10]}','2026-06-01 11:04:32',120000.00,24000.00,96000.00,'paid','confirmed','Thanh toán vé CẢM ƠN NGƯỜI ĐÃ THỨC CÙNG TÔI qua PayOS',0,NULL,NULL),(144,5,45,'CGV1780307983454','/qr/CGV1780307983454.png','{\"code\":\"CGV1780307983454\",\"slot\":45,\"seats\":[B5]}','2026-06-01 16:59:43',120000.00,0.00,120000.00,'paid','confirmed','Thanh toán vé CẢM ƠN NGƯỜI ĐÃ THỨC CÙNG TÔI qua PayOS',0,NULL,NULL),(145,5,45,'CGV1780373534198','/qr/CGV1780373534198.png','{\"code\":\"CGV1780373534198\",\"slot\":45,\"seats\":[C7]}','2026-06-02 11:12:14',180000.00,40000.00,140000.00,'paid','confirmed','Thanh toán vé CẢM ƠN NGƯỜI ĐÃ THỨC CÙNG TÔI qua PayOS',0,NULL,NULL),(146,5,45,'CGV1780380991062','/qr/CGV1780380991062.png','{\"code\":\"CGV1780380991062\",\"slot\":45,\"seats\":[B8]}','2026-06-02 13:16:31',120000.00,0.00,120000.00,'paid','confirmed','Thanh toán vé CẢM ƠN NGƯỜI ĐÃ THỨC CÙNG TÔI qua PayOS',0,NULL,NULL),(147,5,50,'CGV1780393669218','/qr/CGV1780393669218.png','{\"code\":\"CGV1780393669218\",\"slot\":50,\"seats\":[G12,G13]}','2026-06-02 16:47:49',290000.00,40000.00,250000.00,'paid','confirmed','Thanh toán vé Doraemon: Nobita and the Sky Utopia qua PayOS',0,NULL,NULL),(148,5,50,'CGV1780399710762','/qr/CGV1780399710762.png','{\"code\":\"CGV1780399710762\",\"slot\":50,\"seats\":[F15]}','2026-06-02 18:28:31',146000.00,77000.00,69000.00,'unpaid','cancelled','Thanh toán vé Doraemon: Nobita and the Sky Utopia qua PayOS',0,NULL,NULL),(149,5,50,'CGV1780399800140','/qr/CGV1780399800140.png','{\"code\":\"CGV1780399800140\",\"slot\":50,\"seats\":[D13]}','2026-06-02 18:30:00',80000.00,0.00,80000.00,'unpaid','cancelled','Thanh toán vé Doraemon: Nobita and the Sky Utopia qua PayOS',0,NULL,NULL),(150,5,50,'CGV1780399918322','/qr/CGV1780399918322.png','{\"code\":\"CGV1780399918322\",\"slot\":50,\"seats\":[G11]}','2026-06-02 18:31:58',120000.00,0.00,120000.00,'unpaid','cancelled','Thanh toán vé Doraemon: Nobita and the Sky Utopia qua PayOS',0,NULL,NULL),(151,5,50,'CGV1780409115867','/qr/CGV1780409115867.png','{\"code\":\"CGV1780409115867\",\"slot\":50,\"seats\":[G11]}','2026-06-02 21:05:16',120000.00,0.00,120000.00,'unpaid','cancelled','Thanh toán vé Doraemon: Nobita and the Sky Utopia qua PayOS',0,NULL,NULL),(152,5,50,'CGV1780409291803','/qr/CGV1780409291803.png','{\"code\":\"CGV1780409291803\",\"slot\":50,\"seats\":[F11]}','2026-06-02 21:08:12',96000.00,0.00,96000.00,'paid','confirmed','Thanh toán vé Doraemon: Nobita and the Sky Utopia qua PayOS',0,NULL,NULL),(153,5,50,'CGV1780419121240','/qr/CGV1780419121240.png','{\"code\":\"CGV1780419121240\",\"slot\":50,\"seats\":[E7]}','2026-06-02 23:52:01',96000.00,40000.00,56000.00,'paid','confirmed','Thanh toán vé Doraemon: Nobita and the Sky Utopia qua PayOS',0,NULL,NULL),(154,5,50,'CGV1780424196458','/qr/CGV1780424196458.png','{\"code\":\"CGV1780424196458\",\"slot\":50,\"seats\":[G11]}','2026-06-03 01:16:36',120000.00,0.00,120000.00,'unpaid','cancelled','Thanh toán vé Doraemon: Nobita and the Sky Utopia qua PayOS',0,NULL,NULL),(155,5,50,'CGV1780424672086','/qr/CGV1780424672086.png','{\"code\":\"CGV1780424672086\",\"slot\":50,\"seats\":[F10]}','2026-06-03 01:24:32',96000.00,0.00,96000.00,'unpaid','cancelled','Thanh toán vé Doraemon: Nobita and the Sky Utopia qua PayOS',0,NULL,NULL),(156,5,50,'CGV1780424733497','/qr/CGV1780424733497.png','{\"code\":\"CGV1780424733497\",\"slot\":50,\"seats\":[D1]}','2026-06-03 01:25:33',80000.00,0.00,80000.00,'unpaid','cancelled','Thanh toán vé Doraemon: Nobita and the Sky Utopia qua PayOS',0,NULL,NULL),(157,38,50,'CGV1780425290633','/qr/CGV1780425290633.png','{\"code\":\"CGV1780425290633\",\"slot\":50,\"seats\":[F10]}','2026-06-03 01:34:51',96000.00,0.00,96000.00,'unpaid','cancelled','Thanh toán vé Doraemon: Nobita and the Sky Utopia qua PayOS',0,NULL,NULL),(158,5,50,'CGV1780425535441','/qr/CGV1780425535441.png','{\"code\":\"CGV1780425535441\",\"slot\":50,\"seats\":[E8]}','2026-06-03 01:38:55',96000.00,22880.00,73120.00,'paid','confirmed','Thanh toán vé Doraemon: Nobita and the Sky Utopia qua PayOS',0,NULL,NULL),(159,5,50,'CGV1780470473606','/qr/CGV1780470473606.png','{\"code\":\"CGV1780470473606\",\"slot\":50,\"seats\":[D15]}','2026-06-03 14:07:54',130000.00,65000.00,65000.00,'paid','confirmed','Thanh toán vé Doraemon: Nobita and the Sky Utopia qua PayOS',0,NULL,NULL),(160,5,50,'CGV1780470510838','/qr/CGV1780470510838.png','{\"code\":\"CGV1780470510838\",\"slot\":50,\"seats\":[C14]}','2026-06-03 14:08:31',80000.00,0.00,80000.00,'unpaid','cancelled','Thanh toán vé Doraemon: Nobita and the Sky Utopia qua PayOS',0,NULL,NULL),(161,5,50,'CGV1780470561266','/qr/CGV1780470561266.png','{\"code\":\"CGV1780470561266\",\"slot\":50,\"seats\":[D10]}','2026-06-03 14:09:21',130000.00,65000.00,65000.00,'unpaid','cancelled','Thanh toán vé Doraemon: Nobita and the Sky Utopia qua PayOS',0,NULL,NULL),(162,5,50,'CGV1780470820111','/qr/CGV1780470820111.png','{\"code\":\"CGV1780470820111\",\"slot\":50,\"seats\":[F6]}','2026-06-03 14:13:40',96000.00,0.00,96000.00,'paid','confirmed','Thanh toán vé Doraemon: Nobita and the Sky Utopia qua PayOS',0,NULL,NULL),(163,5,50,'CGV1780470868425','/qr/CGV1780470868425.png','{\"code\":\"CGV1780470868425\",\"slot\":50,\"seats\":[D9]}','2026-06-03 14:14:28',130000.00,65000.00,65000.00,'paid','confirmed','Thanh toán vé Doraemon: Nobita and the Sky Utopia qua PayOS',0,NULL,NULL),(164,5,50,'CGV1780472036904','/qr/CGV1780472036904.png','{\"code\":\"CGV1780472036904\",\"slot\":50,\"seats\":[D4,D5]}','2026-06-03 14:33:57',160000.00,40000.00,120000.00,'paid','confirmed','Thanh toán vé Doraemon: Nobita and the Sky Utopia qua PayOS',0,NULL,NULL),(165,5,50,'CGV1780472105106','/qr/CGV1780472105106.png','{\"code\":\"CGV1780472105106\",\"slot\":50,\"seats\":[E17]}','2026-06-03 14:35:05',96000.00,40000.00,56000.00,'paid','confirmed','Thanh toán vé Doraemon: Nobita and the Sky Utopia qua PayOS',0,NULL,NULL),(166,5,50,'CGV1780497514275','/qr/CGV1780497514275.png','{\"code\":\"CGV1780497514275\",\"slot\":50,\"seats\":[D10]}','2026-06-03 21:38:34',80000.00,0.00,80000.00,'unpaid','cancelled','Thanh toán vé Doraemon: Nobita and the Sky Utopia qua PayOS',0,NULL,NULL),(167,5,50,'CGV1780497546564','/qr/CGV1780497546564.png','{\"code\":\"CGV1780497546564\",\"slot\":50,\"seats\":[D12]}','2026-06-03 21:39:07',80000.00,0.00,80000.00,'paid','confirmed','Thanh toán vé Doraemon: Nobita and the Sky Utopia qua PayOS',0,NULL,NULL),(168,5,50,'CGV1780568428890','/qr/CGV1780568428890.png','{\"code\":\"CGV1780568428890\",\"slot\":50,\"seats\":[D16]}','2026-06-04 17:20:29',80000.00,0.00,80000.00,'unpaid','cancelled','Thanh toán vé Doraemon: Nobita and the Sky Utopia qua PayOS',0,NULL,NULL),(169,5,50,'CGV1780568559524','/qr/CGV1780568559524.png','{\"code\":\"CGV1780568559524\",\"slot\":50,\"seats\":[G15]}','2026-06-04 17:22:40',120000.00,0.00,120000.00,'unpaid','cancelled','Thanh toán vé Doraemon: Nobita and the Sky Utopia qua PayOS',0,NULL,NULL),(170,5,50,'CGV1780568667848','/qr/CGV1780568667848.png','{\"code\":\"CGV1780568667848\",\"slot\":50,\"seats\":[D11]}','2026-06-04 17:24:28',80000.00,0.00,80000.00,'unpaid','cancelled','Thanh toán vé Doraemon: Nobita and the Sky Utopia qua PayOS',0,NULL,NULL),(171,5,50,'CGV1780569539738','/qr/CGV1780569539738.png','{\"code\":\"CGV1780569539738\",\"slot\":50,\"seats\":[D13]}','2026-06-04 17:39:00',80000.00,0.00,80000.00,'unpaid','cancelled','Thanh toán vé Doraemon: Nobita and the Sky Utopia qua PayOS',0,NULL,NULL),(172,5,50,'CGV1780569565363','/qr/CGV1780569565363.png','{\"code\":\"CGV1780569565363\",\"slot\":50,\"seats\":[D16,D17,D18]}','2026-06-04 17:39:25',240000.00,0.00,240000.00,'unpaid','cancelled','Thanh toán vé Doraemon: Nobita and the Sky Utopia qua PayOS',0,NULL,NULL),(173,38,50,'CGV1780569585653','/qr/CGV1780569585653.png','{\"code\":\"CGV1780569585653\",\"slot\":50,\"seats\":[D16]}','2026-06-04 17:39:46',80000.00,0.00,80000.00,'unpaid','cancelled','Thanh toán vé Doraemon: Nobita and the Sky Utopia qua PayOS',0,NULL,NULL),(174,5,50,'CGV1780569853854','/qr/CGV1780569853854.png','{\"code\":\"CGV1780569853854\",\"slot\":50,\"seats\":[C14,D14]}','2026-06-04 17:44:14',160000.00,0.00,160000.00,'unpaid','cancelled','Thanh toán vé Doraemon: Nobita and the Sky Utopia qua PayOS',0,NULL,NULL),(175,5,50,'CGV1780572267853','/qr/CGV1780572267853.png','{\"code\":\"CGV1780572267853\",\"slot\":50,\"seats\":[E13]}','2026-06-04 18:24:28',96000.00,0.00,96000.00,'unpaid','cancelled','Thanh toán vé Doraemon: Nobita and the Sky Utopia qua PayOS',0,NULL,NULL),(176,5,50,'CGV1780572937457','/qr/CGV1780572937457.png','{\"code\":\"CGV1780572937457\",\"slot\":50,\"seats\":[G6]}','2026-06-04 18:35:37',120000.00,0.00,120000.00,'unpaid','cancelled','Thanh toán vé Doraemon: Nobita and the Sky Utopia qua PayOS',0,NULL,NULL),(177,5,50,'CGV1780573270533','/qr/CGV1780573270533.png','{\"code\":\"CGV1780573270533\",\"slot\":50,\"seats\":[G10,G11]}','2026-06-04 18:41:11',240000.00,0.00,240000.00,'unpaid','cancelled','Thanh toán vé Doraemon: Nobita and the Sky Utopia qua PayOS',0,NULL,NULL),(178,5,50,'CGV1780573557067','/qr/CGV1780573557067.png','{\"code\":\"CGV1780573557067\",\"slot\":50,\"seats\":[E15,F15,G15]}','2026-06-04 18:45:57',312000.00,0.00,312000.00,'unpaid','cancelled','Thanh toán vé Doraemon: Nobita and the Sky Utopia qua PayOS',0,NULL,NULL),(179,5,50,'CGV1780574153443','/qr/CGV1780574153443.png','{\"code\":\"CGV1780574153443\",\"slot\":50,\"seats\":[E15]}','2026-06-04 18:55:53',96000.00,0.00,96000.00,'unpaid','cancelled','Thanh toán vé Doraemon: Nobita and the Sky Utopia qua PayOS',0,NULL,NULL),(180,5,50,'CGV1780574205862','/qr/CGV1780574205862.png','{\"code\":\"CGV1780574205862\",\"slot\":50,\"seats\":[E15]}','2026-06-04 18:56:46',96000.00,0.00,96000.00,'unpaid','cancelled','Thanh toán vé Doraemon: Nobita and the Sky Utopia qua PayOS',0,NULL,NULL),(181,5,50,'CGV1780590764255','/qr/CGV1780590764255.png','{\"code\":\"CGV1780590764255\",\"slot\":50,\"seats\":[G18]}','2026-06-04 23:32:44',120000.00,0.00,120000.00,'unpaid','cancelled','Thanh toán vé Doraemon: Nobita and the Sky Utopia qua PayOS',0,NULL,NULL),(182,5,50,'CGV1780591220838','/qr/CGV1780591220838.png','{\"code\":\"CGV1780591220838\",\"slot\":50,\"seats\":[G14,G15,G16,G17,G18]}','2026-06-04 23:40:21',600000.00,0.00,600000.00,'unpaid','cancelled','Thanh toán vé Doraemon: Nobita and the Sky Utopia qua PayOS',0,NULL,NULL),(183,5,50,'CGV1780591242031','/qr/CGV1780591242031.png','{\"code\":\"CGV1780591242031\",\"slot\":50,\"seats\":[G14,G15,G16,G17,G18]}','2026-06-04 23:40:42',600000.00,0.00,600000.00,'unpaid','cancelled','Thanh toán vé Doraemon: Nobita and the Sky Utopia qua PayOS',0,NULL,NULL),(184,5,50,'CGV1780591547149','/qr/CGV1780591547149.png','{\"code\":\"CGV1780591547149\",\"slot\":50,\"seats\":[G14,G15,G16,G17,G18]}','2026-06-04 23:45:47',600000.00,0.00,600000.00,'unpaid','cancelled','Thanh toán vé Doraemon: Nobita and the Sky Utopia qua PayOS',0,NULL,NULL),(185,5,50,'CGV1780591609673','/qr/CGV1780591609673.png','{\"code\":\"CGV1780591609673\",\"slot\":50,\"seats\":[F14,F15,F16,F17,F18,G14,G15,G16,G17,G18]}','2026-06-04 23:46:50',1080000.00,0.00,1080000.00,'unpaid','cancelled','Thanh toán vé Doraemon: Nobita and the Sky Utopia qua PayOS',0,NULL,NULL),(186,5,51,'CGV1780592252417','/qr/CGV1780592252417.png','{\"code\":\"CGV1780592252417\",\"slot\":51,\"seats\":[F10]}','2026-06-04 23:57:32',120000.00,0.00,120000.00,'unpaid','cancelled','Thanh toán vé CÔ DÂU! qua PayOS',0,NULL,NULL),(187,5,51,'CGV1780592366881','/qr/CGV1780592366881.png','{\"code\":\"CGV1780592366881\",\"slot\":51,\"seats\":[E10,E9,F10,F9]}','2026-06-04 23:59:27',480000.00,0.00,480000.00,'unpaid','cancelled','Thanh toán vé CÔ DÂU! qua PayOS',0,NULL,NULL),(188,5,51,'CGV1780592446773','/qr/CGV1780592446773.png','{\"code\":\"CGV1780592446773\",\"slot\":51,\"seats\":[D10,E10,F10]}','2026-06-05 00:00:47',360000.00,0.00,360000.00,'paid','confirmed','Thanh toán vé CÔ DÂU! qua PayOS',0,NULL,NULL),(189,5,50,'CGV1780639222058','/qr/CGV1780639222058.png','{\"code\":\"CGV1780639222058\",\"slot\":50,\"seats\":[F12,F13,F14,F15,F16,F17,F18]}','2026-06-05 13:00:22',672000.00,0.00,672000.00,'unpaid','cancelled','Thanh toán vé Doraemon: Nobita and the Sky Utopia qua PayOS',0,NULL,NULL),(190,5,58,'CGV1780694727380','/qr/CGV1780694727380.png','{\"code\":\"CGV1780694727380\",\"slot\":58,\"seats\":[G16,G17,G18]}','2026-06-06 04:25:27',337500.00,0.00,337500.00,'unpaid','cancelled','Thanh toán vé LÚC ĐÓ TÔI ĐÃ CHUYỂN SINH THÀNH SLIME: NƯỚC MẮT ĐẠI DƯƠNG qua PayOS',0,NULL,NULL),(191,5,58,'CGV1780694841341','/qr/CGV1780694841341.png','{\"code\":\"CGV1780694841341\",\"slot\":58,\"seats\":[F16,F17,F18]}','2026-06-06 04:27:21',270000.00,0.00,270000.00,'unpaid','cancelled','Thanh toán vé LÚC ĐÓ TÔI ĐÃ CHUYỂN SINH THÀNH SLIME: NƯỚC MẮT ĐẠI DƯƠNG qua PayOS',0,NULL,NULL),(192,5,58,'CGV1780695118741','/qr/CGV1780695118741.png','{\"code\":\"CGV1780695118741\",\"slot\":58,\"seats\":[G13]}','2026-06-06 04:31:59',112500.00,0.00,112500.00,'unpaid','cancelled','Thanh toán vé LÚC ĐÓ TÔI ĐÃ CHUYỂN SINH THÀNH SLIME: NƯỚC MẮT ĐẠI DƯƠNG qua PayOS',0,NULL,NULL),(193,5,58,'CGV1780697177209','/qr/CGV1780697177209.png','{\"code\":\"CGV1780697177209\",\"slot\":58,\"seats\":[G17]}','2026-06-06 05:06:17',112500.00,0.00,112500.00,'unpaid','cancelled','Thanh toán vé LÚC ĐÓ TÔI ĐÃ CHUYỂN SINH THÀNH SLIME: NƯỚC MẮT ĐẠI DƯƠNG qua PayOS',0,NULL,NULL),(194,5,58,'CGV1780697896901','/qr/CGV1780697896901.png','{\"code\":\"CGV1780697896901\",\"slot\":58,\"seats\":[G18]}','2026-06-06 05:18:17',112500.00,0.00,112500.00,'unpaid','cancelled','Thanh toán vé LÚC ĐÓ TÔI ĐÃ CHUYỂN SINH THÀNH SLIME: NƯỚC MẮT ĐẠI DƯƠNG qua PayOS',0,NULL,NULL),(195,5,58,'CGV1780698719129','/qr/CGV1780698719129.png','{\"code\":\"CGV1780698719129\",\"slot\":58,\"seats\":[G14]}','2026-06-06 05:31:59',112500.00,0.00,112500.00,'unpaid','cancelled','Thanh toán vé LÚC ĐÓ TÔI ĐÃ CHUYỂN SINH THÀNH SLIME: NƯỚC MẮT ĐẠI DƯƠNG qua PayOS',0,NULL,NULL),(196,5,58,'CGV1780698953058','/qr/CGV1780698953058.png','{\"code\":\"CGV1780698953058\",\"slot\":58,\"seats\":[D7]}','2026-06-06 05:35:53',75000.00,0.00,75000.00,'unpaid','cancelled','Thanh toán vé LÚC ĐÓ TÔI ĐÃ CHUYỂN SINH THÀNH SLIME: NƯỚC MẮT ĐẠI DƯƠNG qua PayOS',0,NULL,NULL),(197,5,58,'CGV1780699023170','/qr/CGV1780699023170.png','{\"code\":\"CGV1780699023170\",\"slot\":58,\"seats\":[G12]}','2026-06-06 05:37:03',112500.00,0.00,112500.00,'unpaid','cancelled','Thanh toán vé LÚC ĐÓ TÔI ĐÃ CHUYỂN SINH THÀNH SLIME: NƯỚC MẮT ĐẠI DƯƠNG qua PayOS',0,NULL,NULL),(198,5,58,'CGV1780699060779','/qr/CGV1780699060779.png','{\"code\":\"CGV1780699060779\",\"slot\":58,\"seats\":[G1,G2,G3,G4]}','2026-06-06 05:37:41',450000.00,0.00,450000.00,'unpaid','cancelled','Thanh toán vé LÚC ĐÓ TÔI ĐÃ CHUYỂN SINH THÀNH SLIME: NƯỚC MẮT ĐẠI DƯƠNG qua PayOS',0,NULL,NULL),(199,5,58,'CGV1780699254560','/qr/CGV1780699254560.png','{\"code\":\"CGV1780699254560\",\"slot\":58,\"seats\":[F10,F11,F12,F9]}','2026-06-06 05:40:55',360000.00,0.00,360000.00,'unpaid','cancelled','Thanh toán vé LÚC ĐÓ TÔI ĐÃ CHUYỂN SINH THÀNH SLIME: NƯỚC MẮT ĐẠI DƯƠNG qua PayOS',0,NULL,NULL),(200,5,58,'CGV1780699560921','/qr/CGV1780699560921.png','{\"code\":\"CGV1780699560921\",\"slot\":58,\"seats\":[A6]}','2026-06-06 05:46:01',75000.00,0.00,75000.00,'paid','confirmed','Thanh toán vé LÚC ĐÓ TÔI ĐÃ CHUYỂN SINH THÀNH SLIME: NƯỚC MẮT ĐẠI DƯƠNG qua PayOS',0,NULL,NULL),(201,5,58,'CGV1780702852154','/qr/CGV1780702852154.png','{\"code\":\"CGV1780702852154\",\"slot\":58,\"seats\":[G18]}','2026-06-06 06:40:52',112500.00,0.00,112500.00,'unpaid','cancelled','Thanh toán vé LÚC ĐÓ TÔI ĐÃ CHUYỂN SINH THÀNH SLIME: NƯỚC MẮT ĐẠI DƯƠNG qua PayOS',0,NULL,NULL),(202,5,58,'CGV1780731400181','/qr/CGV1780731400181.png','{\"code\":\"CGV1780731400181\",\"slot\":58,\"seats\":[G15,G16,G17,G18]}','2026-06-06 14:36:40',450000.00,3.00,449997.00,'unpaid','cancelled','Thanh toán vé LÚC ĐÓ TÔI ĐÃ CHUYỂN SINH THÀNH SLIME: NƯỚC MẮT ĐẠI DƯƠNG qua PayOS',0,NULL,NULL),(203,5,58,'CGV1780731457698','/qr/CGV1780731457698.png','{\"code\":\"CGV1780731457698\",\"slot\":58,\"seats\":[G15,G16,G17,G18]}','2026-06-06 14:37:38',450000.00,0.00,450000.00,'unpaid','cancelled','Thanh toán vé LÚC ĐÓ TÔI ĐÃ CHUYỂN SINH THÀNH SLIME: NƯỚC MẮT ĐẠI DƯƠNG qua PayOS',0,NULL,NULL),(204,5,58,'CGV1780733936243','/qr/CGV1780733936243.png','{\"code\":\"CGV1780733936243\",\"slot\":58,\"seats\":[G16,G17,G18]}','2026-06-06 15:18:56',337500.00,0.00,337500.00,'unpaid','cancelled','Thanh toán vé LÚC ĐÓ TÔI ĐÃ CHUYỂN SINH THÀNH SLIME: NƯỚC MẮT ĐẠI DƯƠNG qua PayOS',0,NULL,NULL),(205,5,58,'CGV1780734206084','/qr/CGV1780734206084.png','{\"code\":\"CGV1780734206084\",\"slot\":58,\"seats\":[E13,E14,E15,E16,E17,E18]}','2026-06-06 15:23:26',540000.00,0.00,540000.00,'unpaid','cancelled','Thanh toán vé LÚC ĐÓ TÔI ĐÃ CHUYỂN SINH THÀNH SLIME: NƯỚC MẮT ĐẠI DƯƠNG qua PayOS',0,NULL,NULL),(206,5,58,'CGV1780734600663','/qr/CGV1780734600663.png','{\"code\":\"CGV1780734600663\",\"slot\":58,\"seats\":[G14,G15,G16,G17,G18]}','2026-06-06 15:30:01',562500.00,0.00,562500.00,'unpaid','cancelled','Thanh toán vé LÚC ĐÓ TÔI ĐÃ CHUYỂN SINH THÀNH SLIME: NƯỚC MẮT ĐẠI DƯƠNG qua PayOS',0,NULL,NULL),(207,5,58,'CGV1780735105105','/qr/CGV1780735105105.png','{\"code\":\"CGV1780735105105\",\"slot\":58,\"seats\":[G13,G14,G15,G16,G17,G18]}','2026-06-06 15:38:25',675000.00,0.00,675000.00,'paid','confirmed','Thanh toán vé LÚC ĐÓ TÔI ĐÃ CHUYỂN SINH THÀNH SLIME: NƯỚC MẮT ĐẠI DƯƠNG qua PayOS',0,NULL,NULL),(208,5,58,'CGV1780743588760','/qr/CGV1780743588760.png','{\"code\":\"CGV1780743588760\",\"slot\":58,\"seats\":[G6,G7]}','2026-06-06 17:59:49',225000.00,0.00,225000.00,'unpaid','cancelled','Thanh toán vé LÚC ĐÓ TÔI ĐÃ CHUYỂN SINH THÀNH SLIME: NƯỚC MẮT ĐẠI DƯƠNG qua PayOS',0,NULL,NULL),(209,5,58,'CGV1780756266755','/qr/CGV1780756266755.png','{\"code\":\"CGV1780756266755\",\"slot\":58,\"seats\":[G11,G12]}','2026-06-06 21:31:07',275000.00,3.00,274997.00,'paid','confirmed','Thanh toán vé LÚC ĐÓ TÔI ĐÃ CHUYỂN SINH THÀNH SLIME: NƯỚC MẮT ĐẠI DƯƠNG qua PayOS',0,NULL,NULL),(210,5,58,'CGV1780985151306','/qr/CGV1780985151306.png','{\"code\":\"CGV1780985151306\",\"slot\":58,\"seats\":[G10,G8,G9]}','2026-06-09 13:05:51',337500.00,0.00,337500.00,'unpaid','cancelled','Thanh toán vé LÚC ĐÓ TÔI ĐÃ CHUYỂN SINH THÀNH SLIME: NƯỚC MẮT ĐẠI DƯƠNG qua PayOS',0,NULL,NULL),(211,5,58,'CGV1780986298283','/qr/CGV1780986298283.png','{\"code\":\"CGV1780986298283\",\"slot\":58,\"seats\":[F17,F18]}','2026-06-09 13:24:58',180000.00,0.00,180000.00,'unpaid','cancelled','Thanh toán vé LÚC ĐÓ TÔI ĐÃ CHUYỂN SINH THÀNH SLIME: NƯỚC MẮT ĐẠI DƯƠNG qua PayOS',0,NULL,NULL),(212,5,58,'CGV1780986448917','/qr/CGV1780986448917.png','{\"code\":\"CGV1780986448917\",\"slot\":58,\"seats\":[G10,G9]}','2026-06-09 13:27:29',225000.00,0.00,225000.00,'paid','confirmed','Thanh toán vé LÚC ĐÓ TÔI ĐÃ CHUYỂN SINH THÀNH SLIME: NƯỚC MẮT ĐẠI DƯƠNG qua PayOS',0,NULL,NULL),(213,5,58,'CGV1780986870418','/qr/CGV1780986870418.png','{\"code\":\"CGV1780986870418\",\"slot\":58,\"seats\":[G7,G8]}','2026-06-09 13:34:31',340000.00,3.00,339997.00,'paid','confirmed','Thanh toán vé LÚC ĐÓ TÔI ĐÃ CHUYỂN SINH THÀNH SLIME: NƯỚC MẮT ĐẠI DƯƠNG qua PayOS',0,NULL,NULL),(214,5,58,'CGV1780987284907','/qr/CGV1780987284907.png','{\"code\":\"CGV1780987284907\",\"slot\":58,\"seats\":[A1,B1,C1,D1,E1,F1,G1]}','2026-06-09 13:41:26',592500.00,0.00,592500.00,'paid','confirmed','Thanh toán vé LÚC ĐÓ TÔI ĐÃ CHUYỂN SINH THÀNH SLIME: NƯỚC MẮT ĐẠI DƯƠNG qua PayOS',0,NULL,NULL),(215,5,58,'CGV1780988106864','/qr/CGV1780988106864.png','{\"code\":\"CGV1780988106864\",\"slot\":58,\"seats\":[G2,G3,G4,G5,G6]}','2026-06-09 13:55:07',562500.00,0.00,562500.00,'unpaid','cancelled','Thanh toán vé LÚC ĐÓ TÔI ĐÃ CHUYỂN SINH THÀNH SLIME: NƯỚC MẮT ĐẠI DƯƠNG qua PayOS',0,NULL,NULL),(216,5,58,'CGV1780988967356','/qr/CGV1780988967356.png','{\"code\":\"CGV1780988967356\",\"slot\":58,\"seats\":[G2,G3,G4,G5,G6]}','2026-06-09 14:09:28',562500.00,0.00,562500.00,'unpaid','cancelled','Thanh toán vé LÚC ĐÓ TÔI ĐÃ CHUYỂN SINH THÀNH SLIME: NƯỚC MẮT ĐẠI DƯƠNG qua PayOS',0,NULL,NULL),(217,5,58,'CGV1780989828946','/qr/CGV1780989828946.png','{\"code\":\"CGV1780989828946\",\"slot\":58,\"seats\":[G4,G5,G6]}','2026-06-09 14:23:53',337500.00,100000.00,237500.00,'paid','confirmed','Thanh toán vé LÚC ĐÓ TÔI ĐÃ CHUYỂN SINH THÀNH SLIME: NƯỚC MẮT ĐẠI DƯƠNG qua PayOS',0,NULL,NULL),(218,5,60,'CGV1781032067924','/qr/CGV1781032067924.png','{\"code\":\"CGV1781032067924\",\"slot\":60,\"seats\":[C10]}','2026-06-10 02:07:48',112500.00,3.00,112497.00,'paid','confirmed','Thanh toán vé BÁU VẬT TRỜI CHO qua PayOS',0,NULL,NULL),(219,21,64,'CGV2026061000010',NULL,NULL,'2026-06-09 19:27:55',75000.00,0.00,75000.00,'paid','confirmed',NULL,0,NULL,NULL),(220,22,65,'CGV2026061000011',NULL,NULL,'2026-06-09 19:27:55',75000.00,0.00,75000.00,'paid','confirmed',NULL,0,NULL,NULL),(221,23,66,'CGV2026061000012',NULL,NULL,'2026-06-09 19:27:55',75000.00,0.00,75000.00,'paid','confirmed',NULL,0,NULL,NULL),(222,24,67,'CGV2026061000013',NULL,NULL,'2026-06-09 19:27:55',110000.00,0.00,110000.00,'paid','confirmed',NULL,0,NULL,NULL),(223,25,68,'CGV2026061000014',NULL,NULL,'2026-06-09 19:27:55',110000.00,0.00,110000.00,'paid','confirmed',NULL,0,NULL,NULL);
/*!40000 ALTER TABLE `tickets` ENABLE KEYS */;
UNLOCK TABLES;

--
-- Table structure for table `ticketsdetails`
--

DROP TABLE IF EXISTS `ticketsdetails`;
/*!40101 SET @saved_cs_client     = @@character_set_client */;
/*!50503 SET character_set_client = utf8mb4 */;
CREATE TABLE `ticketsdetails` (
  `id` int unsigned NOT NULL AUTO_INCREMENT,
  `tickets_id` int unsigned NOT NULL,
  `product_id` int unsigned NOT NULL,
  `quantity` int unsigned NOT NULL,
  `unit_price` decimal(10,2) NOT NULL,
  `total_price` decimal(10,2) NOT NULL,
  `is_deleted` tinyint(1) DEFAULT '0',
  PRIMARY KEY (`id`),
  KEY `product_id` (`product_id`),
  KEY `tickets_id` (`tickets_id`),
  CONSTRAINT `ticketsdetails_ibfk_1` FOREIGN KEY (`tickets_id`) REFERENCES `tickets` (`id`),
  CONSTRAINT `ticketsdetails_ibfk_2` FOREIGN KEY (`product_id`) REFERENCES `products` (`id`)
) ENGINE=InnoDB AUTO_INCREMENT=25 DEFAULT CHARSET=utf8mb4 COLLATE=utf8mb4_unicode_ci;
/*!40101 SET character_set_client = @saved_cs_client */;

--
-- Dumping data for table `ticketsdetails`
--

LOCK TABLES `ticketsdetails` WRITE;
/*!40000 ALTER TABLE `ticketsdetails` DISABLE KEYS */;
INSERT INTO `ticketsdetails` VALUES (1,1,1,1,50000.00,50000.00,0),(2,18,4,1,300000.00,300000.00,0),(3,24,1,1,50000.00,50000.00,0),(4,25,1,1,50000.00,50000.00,0),(5,25,3,1,90000.00,90000.00,0),(6,28,1,1,50000.00,50000.00,0),(7,101,3,1,90000.00,90000.00,0),(8,103,1,1,50000.00,50000.00,0),(9,104,2,2,30000.00,60000.00,0),(10,107,3,1,90000.00,90000.00,0),(11,108,2,2,30000.00,60000.00,0),(12,110,3,1,90000.00,90000.00,0),(13,112,1,1,50000.00,50000.00,0),(14,120,1,1,50000.00,50000.00,0),(15,132,1,1,50000.00,50000.00,0),(16,141,1,1,50000.00,50000.00,0),(17,147,1,1,50000.00,50000.00,0),(18,148,1,1,50000.00,50000.00,0),(19,159,1,1,50000.00,50000.00,0),(20,161,1,1,50000.00,50000.00,0),(21,163,1,1,50000.00,50000.00,0),(22,209,1,1,50000.00,50000.00,0),(23,213,3,1,90000.00,90000.00,0),(24,213,16,1,25000.00,25000.00,0);
/*!40000 ALTER TABLE `ticketsdetails` ENABLE KEYS */;
UNLOCK TABLES;

--
-- Dumping routines for database 'cinema_cgv'
--
/*!50003 DROP PROCEDURE IF EXISTS `AutoGenerateSeats` */;
/*!50003 SET @saved_cs_client      = @@character_set_client */ ;
/*!50003 SET @saved_cs_results     = @@character_set_results */ ;
/*!50003 SET @saved_col_connection = @@collation_connection */ ;
/*!50003 SET character_set_client  = utf8mb4 */ ;
/*!50003 SET character_set_results = utf8mb4 */ ;
/*!50003 SET collation_connection  = utf8mb4_0900_ai_ci */ ;
/*!50003 SET @saved_sql_mode       = @@sql_mode */ ;
/*!50003 SET sql_mode              = 'ONLY_FULL_GROUP_BY,STRICT_TRANS_TABLES,NO_ZERO_IN_DATE,NO_ZERO_DATE,ERROR_FOR_DIVISION_BY_ZERO,NO_ENGINE_SUBSTITUTION' */ ;
DELIMITER ;;
CREATE DEFINER=`root`@`%` PROCEDURE `AutoGenerateSeats`()
BEGIN
    DECLARE done INT DEFAULT FALSE;
    DECLARE r_id INT;
    DECLARE total INT;
    DECLARE i INT;
    DECLARE current_row CHAR(1);
    DECLARE seat_num INT;
    DECLARE type_id INT;
    
    -- Quét danh sách phòng chiếu mới
    DECLARE cur CURSOR FOR SELECT id, total_seats FROM `rooms` WHERE id BETWEEN 20 AND 50;
    DECLARE CONTINUE HANDLER FOR NOT FOUND SET done = TRUE;

    -- Dọn sạch ghế cũ của các phòng này để tránh trùng lặp vị trí
    DELETE FROM `seats` WHERE `room_id` BETWEEN 20 AND 50;

    OPEN cur;

    read_loop: LOOP
        FETCH cur INTO r_id, total;
        IF done THEN
            LEAVE read_loop;
        END IF;

        SET i = 1;
        WHILE i <= total DO
            -- Sắp xếp mỗi hàng cố định 10 ghế
            SET seat_num = ((i - 1) % 10) + 1;
            SET current_row = CHAR(65 + FLOOR((i - 1) / 10)); 
            
            -- Thuật toán phân bổ tỷ lệ mới:
            -- 1. Từ 0% đến 60%: Ghế thường (ID: 1)
            IF i <= FLOOR(total * 0.60) THEN
                SET type_id = 1; 
            -- 2. Từ 60% đến 90%: Ghế VIP (ID: 2) (Chiếm 30% để phủ kín phòng)
            ELSEIF i <= FLOOR(total * 0.90) THEN
                SET type_id = 2; 
            -- 3. Từ 90% đến 100%: Ghế đôi Couple (ID: 3) (Đạt chuẩn 10% hàng cuối)
            ELSE
                SET type_id = 3; 
            END IF;

            INSERT IGNORE INTO `seats` (`room_id`, `seat_row`, `seat_number`, `seat_type_id`, `status`)
            VALUES (r_id, current_row, seat_num, type_id, 'active');

            SET i = i + 1;
        END WHILE;
    END LOOP;

    CLOSE cur;
END ;;
DELIMITER ;
/*!50003 SET sql_mode              = @saved_sql_mode */ ;
/*!50003 SET character_set_client  = @saved_cs_client */ ;
/*!50003 SET character_set_results = @saved_cs_results */ ;
/*!50003 SET collation_connection  = @saved_col_connection */ ;
/*!50003 DROP PROCEDURE IF EXISTS `AutoGenerateShowtimes` */;
/*!50003 SET @saved_cs_client      = @@character_set_client */ ;
/*!50003 SET @saved_cs_results     = @@character_set_results */ ;
/*!50003 SET @saved_col_connection = @@collation_connection */ ;
/*!50003 SET character_set_client  = utf8mb4 */ ;
/*!50003 SET character_set_results = utf8mb4 */ ;
/*!50003 SET collation_connection  = utf8mb4_0900_ai_ci */ ;
/*!50003 SET @saved_sql_mode       = @@sql_mode */ ;
/*!50003 SET sql_mode              = 'ONLY_FULL_GROUP_BY,STRICT_TRANS_TABLES,NO_ZERO_IN_DATE,NO_ZERO_DATE,ERROR_FOR_DIVISION_BY_ZERO,NO_ENGINE_SUBSTITUTION' */ ;
DELIMITER ;;
CREATE DEFINER=`root`@`%` PROCEDURE `AutoGenerateShowtimes`()
BEGIN
    DECLARE done INT DEFAULT FALSE;
    DECLARE r_id INT;
    DECLARE current_date_var DATE;
    DECLARE num_shows INT;
    DECLARE i INT;
    DECLARE rand_movie_id INT;
    DECLARE start_time_var TIME;
    DECLARE price_var DECIMAL(10,2);
    
    -- Khai báo con trỏ lấy danh sách phòng chiếu mới từ 20 đến 50
    DECLARE cur CURSOR FOR SELECT id FROM `rooms` WHERE id BETWEEN 20 AND 50;
    DECLARE CONTINUE HANDLER FOR NOT FOUND SET done = TRUE;

    OPEN cur;

    read_loop: LOOP
        FETCH cur INTO r_id;
        IF done THEN
            LEAVE read_loop;
        END IF;

        -- Vòng lặp chạy qua từng ngày từ 16/05/2026 đến 20/05/2026
        SET current_date_var = '2026-05-16';
        WHILE current_date_var <= '2026-05-20' DO
            
            -- Ngẫu nhiên mỗi phòng có 3 hoặc 4 suất chiếu trong ngày
            SET num_shows = FLOOR(3 + (RAND() * 2));
            SET i = 1;
            
            WHILE i <= num_shows DO
                -- 1. Lấy ngẫu nhiên 1 mã phim (movie_id) đang có trong bảng movies
                SELECT id INTO rand_movie_id FROM `movies` ORDER BY RAND() LIMIT 1;
                
                -- 2. Phân bổ khung giờ chiếu cố định theo số thứ tự suất để tránh trùng giờ trong phòng
                IF i = 1 THEN SET start_time_var = '09:00:00';
                ELSEIF i = 2 THEN SET start_time_var = '13:00:00';
                ELSEIF i = 3 THEN SET start_time_var = '16:30:00';
                ELSE SET start_time_var = '20:00:00';
                END IF;
                
                -- 3. Đặt giá vé ngẫu nhiên từ 70,000đ đến 90,000đ tùy suất chiếu
                SET price_var = ELT(FLOOR(1 + (RAND() * 3)), 70000.00, 80000.00, 90000.00);

                -- 4. Chèn dữ liệu vào bảng showtimes
                -- Lưu ý: Bạn kiểm tra lại tên các cột (show_date, show_time, ticket_price, movie_id, room_id) 
                -- trong bảng showtimes của bạn xem có khớp 100% không nhé.
                INSERT IGNORE INTO `showtimes` (`movie_id`, `room_id`, `show_date`, `show_time`, `ticket_price`, `status`)
                VALUES (rand_movie_id, r_id, current_date_var, start_time_var, price_var, 'active');

                SET i = i + 1;
            END WHILE;
            
            -- Tăng thêm 1 ngày
            SET current_date_var = DATE_ADD(current_date_var, INTERVAL 1 DAY);
        END WHILE;
    END LOOP;

    CLOSE cur;
END ;;
DELIMITER ;
/*!50003 SET sql_mode              = @saved_sql_mode */ ;
/*!50003 SET character_set_client  = @saved_cs_client */ ;
/*!50003 SET character_set_results = @saved_cs_results */ ;
/*!50003 SET collation_connection  = @saved_col_connection */ ;
/*!50003 DROP PROCEDURE IF EXISTS `AutoGenerateSlots` */;
/*!50003 SET @saved_cs_client      = @@character_set_client */ ;
/*!50003 SET @saved_cs_results     = @@character_set_results */ ;
/*!50003 SET @saved_col_connection = @@collation_connection */ ;
/*!50003 SET character_set_client  = utf8mb4 */ ;
/*!50003 SET character_set_results = utf8mb4 */ ;
/*!50003 SET collation_connection  = utf8mb4_0900_ai_ci */ ;
/*!50003 SET @saved_sql_mode       = @@sql_mode */ ;
/*!50003 SET sql_mode              = 'ONLY_FULL_GROUP_BY,STRICT_TRANS_TABLES,NO_ZERO_IN_DATE,NO_ZERO_DATE,ERROR_FOR_DIVISION_BY_ZERO,NO_ENGINE_SUBSTITUTION' */ ;
DELIMITER ;;
CREATE DEFINER=`root`@`%` PROCEDURE `AutoGenerateSlots`()
BEGIN
    DECLARE done INT DEFAULT FALSE;
    DECLARE r_id INT;
    DECLARE r_seats INT;
    DECLARE current_date_var DATE;
    DECLARE num_shows INT;
    DECLARE i INT;
    DECLARE rand_movie_id INT;
    DECLARE rand_duration INT;
    DECLARE start_time_str VARCHAR(8);
    DECLARE show_datetime DATETIME;
    DECLARE end_datetime DATETIME;
    DECLARE price_var DECIMAL(10,2);
    
    -- Con trỏ lấy danh sách phòng chiếu mới từ ID 20 đến 50
    DECLARE cur CURSOR FOR SELECT id, total_seats FROM `rooms` WHERE id BETWEEN 20 AND 50;
    DECLARE CONTINUE HANDLER FOR NOT FOUND SET done = TRUE;

    OPEN cur;

    read_loop: LOOP
        FETCH cur INTO r_id, r_seats;
        IF done THEN
            LEAVE read_loop;
        END IF;

        -- Vòng lặp chạy qua từng ngày từ 16/05/2026 đến 20/05/2026
        SET current_date_var = '2026-05-16';
        WHILE current_date_var <= '2026-05-20' DO
            
            -- Ngẫu nhiên sinh ra từ 3 đến 4 suất chiếu cho mỗi phòng trong ngày
            SET num_shows = FLOOR(3 + (RAND() * 2));
            SET i = 1;
            
            WHILE i <= num_shows DO
                -- 1. Lấy ngẫu nhiên một bộ phim hoạt động và thời lượng (duration) của phim đó
                SELECT id, duration INTO rand_movie_id, rand_duration FROM `movies` WHERE is_deleted = 0 ORDER BY RAND() LIMIT 1;
                
                -- 2. Phân bổ các khung giờ bắt đầu cố định để các suất trong phòng không bị chồng chéo giờ
                IF i = 1 THEN SET start_time_str = '08:30:00';
                ELSEIF i = 2 THEN SET start_time_str = '12:15:00';
                ELSEIF i = 3 THEN SET start_time_str = '16:00:00';
                ELSE SET start_time_str = '19:45:00';
                END IF;
                
                -- 3. Ghép ngày và giờ thành định dạng DATETIME hoàn chỉnh
                SET show_datetime = CAST(CONCAT(current_date_var, ' ', start_time_str) AS DATETIME);
                
                -- 4. Tự động tính toán giờ kết thúc phim dựa trên số phút duration của bảng movies
                SET end_datetime = DATE_ADD(show_datetime, INTERVAL rand_duration MINUTE);
                
                -- 5. Định giá vé ngẫu nhiên cho suất chiếu
                SET price_var = ELT(FLOOR(1 + (RAND() * 3)), 75000.00, 80000.00, 90000.00);

                -- 6. Chèn trực tiếp vào bảng slots thực tế của hệ thống
                INSERT IGNORE INTO `slots` 
                (`movie_id`, `room_id`, `show_time`, `end_time`, `price`, `empty_seats`, `create_at`, `is_deleted`, `couple_price`, `vip_price`)
                VALUES 
                (rand_movie_id, r_id, show_datetime, end_datetime, price_var, r_seats, NOW(), 0, 200000.00, 110000.00);

                SET i = i + 1;
            END WHILE;
            
            SET current_date_var = DATE_ADD(current_date_var, INTERVAL 1 DAY);
        END WHILE;
    END LOOP;

    CLOSE cur;
END ;;
DELIMITER ;
/*!50003 SET sql_mode              = @saved_sql_mode */ ;
/*!50003 SET character_set_client  = @saved_cs_client */ ;
/*!50003 SET character_set_results = @saved_cs_results */ ;
/*!50003 SET collation_connection  = @saved_col_connection */ ;
/*!40103 SET TIME_ZONE=@OLD_TIME_ZONE */;

/*!40101 SET SQL_MODE=@OLD_SQL_MODE */;
/*!40014 SET FOREIGN_KEY_CHECKS=@OLD_FOREIGN_KEY_CHECKS */;
/*!40014 SET UNIQUE_CHECKS=@OLD_UNIQUE_CHECKS */;
/*!40101 SET CHARACTER_SET_CLIENT=@OLD_CHARACTER_SET_CLIENT */;
/*!40101 SET CHARACTER_SET_RESULTS=@OLD_CHARACTER_SET_RESULTS */;
/*!40101 SET COLLATION_CONNECTION=@OLD_COLLATION_CONNECTION */;
/*!40111 SET SQL_NOTES=@OLD_SQL_NOTES */;

-- Dump completed on 2026-06-10  3:26:51
