-- MySQL dump 10.13  Distrib 8.0.19, for Win64 (x86_64)
--
-- Host: localhost    Database: cinema_cgv
-- ------------------------------------------------------
-- Server version	8.0.44

/*!40101 SET @OLD_CHARACTER_SET_CLIENT=@@CHARACTER_SET_CLIENT */;
/*!40101 SET @OLD_CHARACTER_SET_RESULTS=@@CHARACTER_SET_RESULTS */;
/*!40101 SET @OLD_COLLATION_CONNECTION=@@COLLATION_CONNECTION */;
/*!50503 SET NAMES utf8mb4 */;
/*!40103 SET @OLD_TIME_ZONE=@@TIME_ZONE */;
/*!40103 SET TIME_ZONE='+00:00' */;
/*!40014 SET @OLD_UNIQUE_CHECKS=@@UNIQUE_CHECKS, UNIQUE_CHECKS=0 */;
/*!40014 SET @OLD_FOREIGN_KEY_CHECKS=@@FOREIGN_KEY_CHECKS, FOREIGN_KEY_CHECKS=0 */;
/*!40101 SET @OLD_SQL_MODE=@@SQL_MODE, SQL_MODE='NO_AUTO_VALUE_ON_ZERO' */;
/*!40111 SET @OLD_SQL_NOTES=@@SQL_NOTES, SQL_NOTES=0 */;

--
-- Table structure for table `accounts`
--

DROP TABLE IF EXISTS `accounts`;
/*!40101 SET @saved_cs_client     = @@character_set_client */;
/*!50503 SET character_set_client = utf8mb4 */;
CREATE TABLE `accounts` (
  `id` int unsigned NOT NULL AUTO_INCREMENT,
  `username` varchar(50) CHARACTER SET utf8mb4 COLLATE utf8mb4_unicode_ci NOT NULL,
  `password_hash` varchar(255) CHARACTER SET utf8mb4 COLLATE utf8mb4_unicode_ci NOT NULL,
  `email` varchar(50) CHARACTER SET utf8mb4 COLLATE utf8mb4_unicode_ci NOT NULL,
  `phone` varchar(15) CHARACTER SET utf8mb4 COLLATE utf8mb4_unicode_ci DEFAULT NULL,
  `full_name` varchar(50) CHARACTER SET utf8mb4 COLLATE utf8mb4_unicode_ci NOT NULL,
  `avatar_url` varchar(255) CHARACTER SET utf8mb4 COLLATE utf8mb4_unicode_ci DEFAULT NULL,
  `role` varchar(255) COLLATE utf8mb4_unicode_ci NOT NULL,
  `points` int unsigned NOT NULL DEFAULT '0',
  `history_points` int unsigned NOT NULL DEFAULT '0',
  `vip_level` enum('bronze','silver','gold','platinum') CHARACTER SET utf8mb4 COLLATE utf8mb4_unicode_ci NOT NULL DEFAULT 'bronze',
  `create_at` datetime DEFAULT NULL,
  `update_at` datetime DEFAULT NULL,
  `is_deleted` tinyint(1) DEFAULT '0',
  PRIMARY KEY (`id`),
  UNIQUE KEY `username` (`username`),
  UNIQUE KEY `email` (`email`)
) ENGINE=InnoDB AUTO_INCREMENT=39 DEFAULT CHARSET=utf8mb4 COLLATE=utf8mb4_unicode_ci;
/*!40101 SET character_set_client = @saved_cs_client */;

--
-- Dumping data for table `accounts`
--

LOCK TABLES `accounts` WRITE;
/*!40000 ALTER TABLE `accounts` DISABLE KEYS */;
INSERT INTO `accounts` VALUES (1,'trongprovip1','$2b$10$ZNao9EdAa5mIU/ETH5h8zOfyblthvEanIvbO2S/Iv6TFD3sx51xGu','duongtrong1306@gmail.com','0972199914','trongprovip',NULL,'user',0,0,'bronze','2026-03-08 17:55:24',NULL,1),(2,'admin','$2b$10$2fTZd5F/kKnrBRjvvkHIHucZr8kuuOwJ4HTYq3Vxm4a5meA8ASsj2','admin@cgv.com','0987654321','admin',NULL,'admin',0,0,'bronze','2026-03-08 17:55:50',NULL,0),(3,'trongahaha','$2b$10$.5GooyJVB2tD287MJJjtK.YnkhVfSe9t7vRzwBgZ1GpKpypSNvC1C','duongtrong13062004@gmail.com','0987654322','trongahihi','/avatars/user_3_1773017888135.jpg','user',0,0,'bronze','2026-03-08 17:56:29','2026-03-09 00:58:08',1),(5,'test','$2a$10$SEz1sd9tGf4l6keVGLnjW.tDh.xnKEUI5d07xcofW3XlXEfE54H5S','hanh11236ng@gmail.com','0123456789','Nguyễn Thị Hạnh',NULL,'user',0,200,'bronze','2026-05-13 13:44:20',NULL,0),(9,'test123','$2a$10$JyMpNKMUmMckeX2o/HtaQOwlDI2/B01pHJ6LbMIwdZ.4WRoWOK4ZK','test123@gmail.com','0123456789','Nguyễn Văn B',NULL,'user',0,0,'bronze','2026-05-18 10:33:51',NULL,1),(13,'test1234','$2a$10$E3580Jf1oZeMYlEv1dHgvuDSMuCOs1Z8ISugtPxUSRjed6BZrjGqy','test1234@gmail.com','0123456789','Nguyễn Văn C',NULL,'user',0,0,'bronze','2026-05-19 12:19:55',NULL,0),(14,'nvd','$2a$10$jyAYDSZjqkl.5KLLhkSVaOqSk95h8y9NOJDTOKbrVHP4CdgE63vae','nvd@gmail.com','0987654421','Nguyễn Văn D',NULL,'user',0,0,'bronze','2026-05-19 12:21:45',NULL,0),(15,'testuser1','$2a$10$6fxar0MXDlp4bA0Sbi7HjuAFYT6OTVCKj/8CilHqzzbydJIQoDjSK','test1@test.com','123456781','Test',NULL,'user',0,0,'bronze','2026-05-28 20:23:27',NULL,0),(16,'nguyenvana','$2b$10$ZNao9...','vana@gmail.com','0901000001','Nguyễn Văn A',NULL,'user',150,0,'bronze','2026-03-10 08:00:00',NULL,0),(17,'tranthib','$2b$10$ZNao9...','thib@gmail.com','0901000002','Trần Thị B',NULL,'user',300,0,'silver','2026-03-10 08:15:00',NULL,0),(18,'leminhc','$2b$10$ZNao9...','minhc@gmail.com','0901000003','Lê Minh C',NULL,'user',0,0,'bronze','2026-03-10 08:30:00',NULL,0),(19,'phamhoangd','$2b$10$ZNao9...','hoangd@gmail.com','0901000004','Phạm Hoàng D',NULL,'user',500,0,'gold','2026-03-10 09:00:00',NULL,0),(20,'vuongthie','$2b$10$ZNao9...','thie@gmail.com','0901000005','Vương Thị E',NULL,'user',100,0,'bronze','2026-03-10 09:20:00',NULL,0),(21,'hoangvanf','$2b$10$ZNao9...','vanf@gmail.com','0901000006','Hoàng Văn F',NULL,'user',200,0,'silver','2026-03-10 09:45:00',NULL,0),(22,'dangthig','$2b$10$ZNao9...','thig@gmail.com','0901000007','Đặng Thị G',NULL,'user',0,0,'bronze','2026-03-11 10:00:00',NULL,0),(23,'buiminhh','$2b$10$ZNao9...','minhh@gmail.com','0901000008','Bùi Minh H',NULL,'user',50,0,'bronze','2026-03-11 10:15:00',NULL,0),(24,'daothik','$2b$10$ZNao9...','thik@gmail.com','0901000009','Đào Thị K',NULL,'user',120,0,'bronze','2026-03-11 10:30:00',NULL,0),(25,'lythuyl','$2b$10$ZNao9...','thuyl@gmail.com','0901000010','Lý Thủy L',NULL,'user',400,0,'gold','2026-03-11 11:00:00',NULL,0),(26,'nguyenvanm','$2b$10$ZNao9...','vanm@gmail.com','0901000011','Nguyễn Văn M',NULL,'user',0,0,'bronze','2026-03-11 14:00:00',NULL,0),(27,'tranthio','$2b$10$ZNao9...','thio@gmail.com','0901000012','Trần Thị O',NULL,'user',10,0,'bronze','2026-03-11 14:30:00',NULL,0),(28,'lequocp','$2b$10$ZNao9...','quocp@gmail.com','0901000013','Lê Quốc P',NULL,'user',700,0,'platinum','2026-03-12 08:00:00',NULL,0),(29,'phamthiq','$2b$10$ZNao9...','thiq@gmail.com','0901000014333','Phạm Thị Q',NULL,'user',80,0,'bronze','2026-03-12 09:00:00',NULL,1),(30,'vuongvanr','$2b$10$ZNao9...','vanr@gmawil.comw','0901000015','Vương Văn R',NULL,'user',0,0,'bronze','2026-03-12 09:15:00',NULL,0),(31,'hoangthis','$2b$10$ZNao9...','this@gmail.com','0901000016','Hoàng Thị S',NULL,'user',350,0,'silver','2026-03-12 10:00:00',NULL,0),(32,'dangvant','$2b$10$ZNao9...','vant@gmail.com','0901000017','Đặng Văn T',NULL,'user',0,0,'bronze','2026-03-12 10:30:00',NULL,0),(33,'buithiu','$2b$10$ZNao9...','thiu@gmail.com','0901000018','Bùi Thị U',NULL,'user',90,0,'bronze','2026-03-12 11:00:00',NULL,0),(34,'daovanv','$2b$10$ZNao9...','vanv@gmail.com','0901000019','Đào Văn V',NULL,'user',250,0,'silver','2026-03-12 13:00:00',NULL,0),(35,'lythix','$2b$10$ZNao9...','thix@gmail.com','0901000020','Lý Thị X',NULL,'user',0,0,'bronze','2026-03-12 14:00:00',NULL,0),(36,'test12345','$2a$10$QBfX0o6/MMdo0xYigWggyegFDvsoHdMMTIj6.HQvH5wtt5T/Ik.bK','test12344@gmail.com','0123456789','Nguyễn Văn C',NULL,'user',0,0,'bronze','2026-05-31 15:32:36',NULL,0),(38,'nvabcd','$2a$10$7pwfu.pxEh1yt/ouOCAZ9Oe5oN4k/STA04WJVUVS.Sy2eiAZJlLzq','ABCD@gmail.com','0987654321','Nguyễn Văn ABCD',NULL,'user',0,0,'bronze','2026-05-31 21:33:13',NULL,0);
/*!40000 ALTER TABLE `accounts` ENABLE KEYS */;
UNLOCK TABLES;

--
-- Table structure for table `bookingseats`
--

DROP TABLE IF EXISTS `bookingseats`;
/*!40101 SET @saved_cs_client     = @@character_set_client */;
/*!50503 SET character_set_client = utf8mb4 */;
CREATE TABLE `bookingseats` (
  `id` int unsigned NOT NULL AUTO_INCREMENT,
  `tickets_id` int unsigned NOT NULL,
  `seat_id` int unsigned NOT NULL,
  `seat_price` decimal(10,2) NOT NULL,
  `is_deleted` tinyint(1) DEFAULT '0',
  PRIMARY KEY (`id`),
  UNIQUE KEY `tickets_id` (`tickets_id`,`seat_id`),
  UNIQUE KEY `UK3y8el5tqjsq4cx4afuqb6ajjs` (`tickets_id`,`seat_id`),
  KEY `seat_id` (`seat_id`),
  CONSTRAINT `bookingseats_ibfk_1` FOREIGN KEY (`tickets_id`) REFERENCES `tickets` (`id`),
  CONSTRAINT `bookingseats_ibfk_2` FOREIGN KEY (`seat_id`) REFERENCES `seats` (`id`)
) ENGINE=InnoDB AUTO_INCREMENT=227 DEFAULT CHARSET=utf8mb4 COLLATE=utf8mb4_unicode_ci;
/*!40101 SET character_set_client = @saved_cs_client */;

--
-- Dumping data for table `bookingseats`
--

LOCK TABLES `bookingseats` WRITE;
/*!40000 ALTER TABLE `bookingseats` DISABLE KEYS */;
INSERT INTO `bookingseats` VALUES (1,1,78,96000.00,0),(2,2,71,80000.00,0),(3,3,10,120000.00,0),(4,4,10,120000.00,0),(5,5,101,120000.00,0),(6,5,102,120000.00,0),(7,6,103,120000.00,0),(8,6,104,120000.00,0),(9,7,105,120000.00,0),(10,8,106,120000.00,0),(11,9,107,120000.00,0),(12,10,108,120000.00,0),(13,11,109,120000.00,0),(14,12,110,120000.00,0),(15,13,111,120000.00,0),(16,14,112,120000.00,0),(17,15,168,80000.00,0),(18,16,147,80000.00,0),(19,17,169,80000.00,0),(20,18,180,96000.00,0),(21,19,1,80000.00,0),(22,20,2,80000.00,0),(23,21,3,80000.00,0),(24,22,83,80000.00,0),(25,23,94,80000.00,0),(26,24,93,80000.00,0),(27,25,98,120000.00,0),(28,26,127,120000.00,0),(29,27,119,80000.00,0),(30,28,84,80000.00,0),(31,100,1,80000.00,0),(32,101,2,80000.00,0),(33,101,3,80000.00,0),(34,102,9,120000.00,0),(35,115,5,80000.00,1),(36,103,13,96000.00,0),(37,104,14,96000.00,0),(38,104,15,96000.00,0),(39,105,25,120000.00,0),(40,116,17,96000.00,0),(41,106,29,80000.00,0),(42,107,35,96000.00,0),(43,108,38,120000.00,0),(44,117,45,96000.00,0),(45,109,54,96000.00,0),(46,110,55,96000.00,0),(47,111,56,96000.00,0),(48,118,60,96000.00,0),(49,112,64,80000.00,0),(50,113,65,80000.00,0),(51,114,66,80000.00,0),(52,119,72,80000.00,0),(53,120,1,120000.00,1),(54,120,2,120000.00,1),(55,121,188,144000.00,1),(56,122,204,144000.00,1),(57,123,208,144000.00,1),(58,124,230,180000.00,1),(59,125,127,180000.00,1),(60,126,130,180000.00,1),(61,127,120,120000.00,0),(62,128,118,120000.00,0),(63,129,111,120000.00,0),(64,130,116,120000.00,0),(65,131,115,120000.00,0),(66,132,113,120000.00,1),(67,133,94,120000.00,0),(68,134,114,120000.00,0),(69,135,117,120000.00,0),(70,136,105,120000.00,0),(71,137,106,120000.00,1),(72,138,124,180000.00,1),(73,139,112,120000.00,1),(74,140,90,120000.00,1),(75,141,94,120000.00,0),(76,142,268,120000.00,0),(77,142,269,120000.00,0),(78,143,94,120000.00,0),(79,144,89,120000.00,0),(80,145,97,180000.00,0),(81,146,92,120000.00,0),(82,147,402,120000.00,0),(83,147,403,120000.00,0),(84,148,385,96000.00,1),(85,149,343,80000.00,1),(86,150,401,120000.00,1),(87,151,401,120000.00,1),(88,152,381,96000.00,0),(89,153,357,96000.00,0),(90,154,401,120000.00,1),(91,155,380,96000.00,1),(92,156,331,80000.00,1),(93,157,380,96000.00,1),(94,158,358,96000.00,0),(95,159,345,80000.00,0),(96,160,324,80000.00,1),(97,161,340,80000.00,1),(98,162,376,96000.00,0),(99,163,339,80000.00,0),(100,164,334,80000.00,0),(101,164,335,80000.00,0),(102,165,367,96000.00,0),(103,166,340,80000.00,1),(104,167,342,80000.00,0),(105,168,346,80000.00,1),(106,169,405,120000.00,1),(107,170,341,80000.00,1),(108,171,343,80000.00,0),(109,172,346,80000.00,0),(110,172,347,80000.00,0),(111,172,348,80000.00,0),(112,173,346,80000.00,1),(113,174,324,80000.00,0),(114,174,344,80000.00,0),(115,175,363,96000.00,1),(116,176,396,120000.00,0),(117,177,400,120000.00,0),(118,177,401,120000.00,0),(119,178,365,96000.00,0),(120,178,385,96000.00,0),(121,178,405,120000.00,0),(122,179,365,96000.00,0),(123,180,365,96000.00,0),(124,181,408,120000.00,0),(125,182,404,120000.00,1),(126,182,405,120000.00,1),(127,182,406,120000.00,1),(128,182,407,120000.00,1),(129,182,408,120000.00,1),(130,183,404,120000.00,1),(131,183,405,120000.00,1),(132,183,406,120000.00,1),(133,183,407,120000.00,1),(134,183,408,120000.00,1),(135,184,404,120000.00,1),(136,184,405,120000.00,1),(137,184,406,120000.00,1),(138,184,407,120000.00,1),(139,184,408,120000.00,1),(140,185,384,96000.00,1),(141,185,385,96000.00,1),(142,185,386,96000.00,1),(143,185,387,96000.00,1),(144,185,388,96000.00,1),(145,185,404,120000.00,1),(146,185,405,120000.00,1),(147,185,406,120000.00,1),(148,185,407,120000.00,1),(149,185,408,120000.00,1),(150,186,270,120000.00,1),(151,187,230,120000.00,1),(152,187,229,120000.00,1),(153,187,270,120000.00,1),(154,187,269,120000.00,1),(155,188,220,120000.00,0),(156,188,230,120000.00,0),(157,188,270,120000.00,0),(158,189,382,96000.00,1),(159,189,383,96000.00,1),(160,189,384,96000.00,1),(161,189,385,96000.00,1),(162,189,386,96000.00,1),(163,189,387,96000.00,1),(164,189,388,96000.00,1),(165,201,1,80000.00,0),(166,202,2,80000.00,0),(167,203,3,80000.00,0),(168,204,4,80000.00,0),(169,205,83,80000.00,0),(170,206,84,80000.00,0),(171,207,85,80000.00,0),(172,208,86,80000.00,0),(173,209,87,80000.00,0),(174,210,88,80000.00,0),(175,211,5,80000.00,0),(176,212,6,80000.00,0),(177,213,7,80000.00,0),(178,214,8,80000.00,0),(179,215,89,80000.00,0),(180,216,90,80000.00,0),(181,217,91,80000.00,0),(182,218,92,80000.00,0),(183,219,93,80000.00,0),(184,220,94,80000.00,0),(185,221,13,80000.00,0),(186,222,14,80000.00,0),(187,223,15,80000.00,0),(188,224,16,80000.00,0),(189,225,17,80000.00,0),(196,401,18,80000.00,0),(197,402,19,80000.00,0),(198,403,20,80000.00,0),(199,404,29,80000.00,0),(200,405,30,80000.00,0),(201,406,31,80000.00,0),(202,407,41,80000.00,0),(203,408,42,80000.00,0),(204,409,32,80000.00,0),(205,410,33,80000.00,0),(206,411,34,80000.00,0),(207,412,43,80000.00,0),(208,413,44,80000.00,0),(209,414,54,80000.00,0),(210,415,55,80000.00,0),(211,416,56,80000.00,0),(212,417,57,80000.00,0),(213,418,58,80000.00,0),(214,419,59,80000.00,0),(215,420,60,80000.00,0),(216,421,61,80000.00,0),(217,422,62,80000.00,0),(218,423,63,80000.00,0),(219,424,64,80000.00,0),(220,425,65,80000.00,0);
/*!40000 ALTER TABLE `bookingseats` ENABLE KEYS */;
UNLOCK TABLES;

--
-- Table structure for table `chat_messages`
--

DROP TABLE IF EXISTS `chat_messages`;
/*!40101 SET @saved_cs_client     = @@character_set_client */;
/*!50503 SET character_set_client = utf8mb4 */;
CREATE TABLE `chat_messages` (
  `id` int unsigned NOT NULL AUTO_INCREMENT,
  `session_id` int unsigned NOT NULL,
  `sender_role` enum('user','bot','agent') CHARACTER SET utf8mb4 COLLATE utf8mb4_unicode_ci NOT NULL,
  `content` text CHARACTER SET utf8mb4 COLLATE utf8mb4_unicode_ci NOT NULL,
  `metadata` json DEFAULT NULL COMMENT 'Lưu trữ payload JSON mở rộng cho giao diện Chat',
  `related_movie_id` int unsigned DEFAULT NULL COMMENT 'ID phim nếu nội dung chat đang tư vấn về 1 bộ phim cụ thể',
  `related_tickets_id` int unsigned DEFAULT NULL COMMENT 'ID vé nếu user đang hỏi/khiếu nại về 1 mã vé cụ thể',
  `create_at` datetime DEFAULT CURRENT_TIMESTAMP,
  `is_deleted` tinyint(1) DEFAULT '0',
  PRIMARY KEY (`id`),
  KEY `idx_chat_messages_session_id` (`session_id`),
  KEY `idx_chat_messages_movie` (`related_movie_id`),
  KEY `idx_chat_messages_tickets` (`related_tickets_id`),
  CONSTRAINT `chat_messages_ibfk_1` FOREIGN KEY (`session_id`) REFERENCES `chat_sessions` (`id`) ON DELETE CASCADE ON UPDATE CASCADE,
  CONSTRAINT `chat_messages_ibfk_2` FOREIGN KEY (`related_movie_id`) REFERENCES `movies` (`id`) ON DELETE SET NULL ON UPDATE CASCADE,
  CONSTRAINT `chat_messages_ibfk_3` FOREIGN KEY (`related_tickets_id`) REFERENCES `tickets` (`id`) ON DELETE SET NULL ON UPDATE CASCADE
) ENGINE=InnoDB DEFAULT CHARSET=utf8mb4 COLLATE=utf8mb4_unicode_ci;
/*!40101 SET character_set_client = @saved_cs_client */;

--
-- Dumping data for table `chat_messages`
--

LOCK TABLES `chat_messages` WRITE;
/*!40000 ALTER TABLE `chat_messages` DISABLE KEYS */;
/*!40000 ALTER TABLE `chat_messages` ENABLE KEYS */;
UNLOCK TABLES;

--
-- Table structure for table `chat_sessions`
--

DROP TABLE IF EXISTS `chat_sessions`;
/*!40101 SET @saved_cs_client     = @@character_set_client */;
/*!50503 SET character_set_client = utf8mb4 */;
CREATE TABLE `chat_sessions` (
  `id` int unsigned NOT NULL AUTO_INCREMENT,
  `account_id` int unsigned NOT NULL,
  `title` varchar(255) CHARACTER SET utf8mb4 COLLATE utf8mb4_unicode_ci DEFAULT 'New Conversation',
  `status` enum('active','closed') CHARACTER SET utf8mb4 COLLATE utf8mb4_unicode_ci DEFAULT 'active',
  `create_at` datetime DEFAULT CURRENT_TIMESTAMP,
  `update_at` datetime DEFAULT CURRENT_TIMESTAMP ON UPDATE CURRENT_TIMESTAMP,
  `is_deleted` tinyint(1) DEFAULT '0',
  PRIMARY KEY (`id`),
  KEY `idx_chat_sessions_account_id` (`account_id`),
  CONSTRAINT `chat_sessions_ibfk_1` FOREIGN KEY (`account_id`) REFERENCES `accounts` (`id`) ON DELETE CASCADE ON UPDATE CASCADE
) ENGINE=InnoDB DEFAULT CHARSET=utf8mb4 COLLATE=utf8mb4_unicode_ci;
/*!40101 SET character_set_client = @saved_cs_client */;

--
-- Dumping data for table `chat_sessions`
--

LOCK TABLES `chat_sessions` WRITE;
/*!40000 ALTER TABLE `chat_sessions` DISABLE KEYS */;
/*!40000 ALTER TABLE `chat_sessions` ENABLE KEYS */;
UNLOCK TABLES;

--
-- Table structure for table `cinema_reviews`
--

DROP TABLE IF EXISTS `cinema_reviews`;
/*!40101 SET @saved_cs_client     = @@character_set_client */;
/*!50503 SET character_set_client = utf8mb4 */;
CREATE TABLE `cinema_reviews` (
  `id` int unsigned NOT NULL AUTO_INCREMENT,
  `account_id` int unsigned NOT NULL,
  `cinema_id` int unsigned NOT NULL,
  `rating` double NOT NULL,
  `comment` varchar(255) COLLATE utf8mb4_unicode_ci DEFAULT NULL,
  `create_at` datetime DEFAULT CURRENT_TIMESTAMP,
  `update_at` datetime DEFAULT NULL,
  `is_deleted` tinyint(1) DEFAULT '0',
  `ticket_id` int DEFAULT NULL,
  PRIMARY KEY (`id`),
  UNIQUE KEY `account_cinema_unique` (`account_id`,`cinema_id`),
  KEY `idx_reviews_cinema_id` (`cinema_id`),
  KEY `idx_reviews_account_id` (`account_id`),
  KEY `idx_reviews_rating` (`rating`),
  CONSTRAINT `cinema_reviews_ibfk_1` FOREIGN KEY (`account_id`) REFERENCES `accounts` (`id`) ON DELETE CASCADE ON UPDATE CASCADE,
  CONSTRAINT `cinema_reviews_ibfk_2` FOREIGN KEY (`cinema_id`) REFERENCES `cinemas` (`id`) ON DELETE CASCADE ON UPDATE CASCADE
) ENGINE=InnoDB AUTO_INCREMENT=99 DEFAULT CHARSET=utf8mb4 COLLATE=utf8mb4_unicode_ci;
/*!40101 SET character_set_client = @saved_cs_client */;

--
-- Dumping data for table `cinema_reviews`
--

LOCK TABLES `cinema_reviews` WRITE;
/*!40000 ALTER TABLE `cinema_reviews` DISABLE KEYS */;
INSERT INTO `cinema_reviews` VALUES (1,16,1,5,'Rạp Vincom Bà Triệu sạch sẽ, nhân viên nhiệt tình.','2026-03-12 20:05:00',NULL,0,NULL),(2,20,2,4,'Âm thanh phòng VIP ở Hồ Gươm Plaza rất tốt, màn hình sáng.','2026-03-13 10:05:00',NULL,0,NULL),(3,23,3,5,'Không gian rộng rãi, nhiều chỗ check-in đẹp.','2026-03-13 12:35:00',NULL,0,NULL),(4,26,2,3,'Giá vé hợp lý nhưng bãi gửi xe hơi xa.','2026-03-13 14:05:00',NULL,0,NULL),(36,5,1,4.5,'Chất lượng âm thanh phòng chiếu cực đỉnh, ghế ngồi êm ái, bắp nước ngon.','2026-06-12 18:30:00',NULL,0,201),(37,13,1,4,'Vị trí rạp dễ tìm, phòng chiếu được vệ sinh kỹ lưỡng, trải nghiệm rất hài lòng.','2026-06-12 18:30:00',NULL,0,202),(38,14,2,5,'Điều hòa mát mẻ, màn hình chiếu sắc nét, quy trình check-in vé qua app rất nhanh.','2026-06-12 18:30:00',NULL,0,203),(39,15,8,4,'Không gian thiết kế đẹp mắt, nhiều góc check-in, phòng chiếu cách âm rất tốt.','2026-06-12 18:30:00',NULL,0,204),(40,16,8,4,'Không gian thiết kế đẹp mắt, nhiều góc check-in, phòng chiếu cách âm rất tốt.','2026-06-12 18:30:00',NULL,0,205),(41,17,1,4.5,'Chất lượng âm thanh phòng chiếu cực đỉnh, ghế ngồi êm ái, bắp nước ngon.','2026-06-12 18:30:00',NULL,0,206),(42,18,1,5,'Rạp sạch sẽ, không gian sảnh chờ rộng rãi, nhân viên phục vụ rất nhiệt tình.','2026-06-12 18:30:00',NULL,0,207),(43,19,1,4.5,'Chất lượng âm thanh phòng chiếu cực đỉnh, ghế ngồi êm ái, bắp nước ngon.','2026-06-12 18:30:00',NULL,0,208),(44,20,1,4.5,'Vị trí rạp dễ tìm, phòng chiếu được vệ sinh kỹ lưỡng, trải nghiệm rất hài lòng.','2026-06-12 18:30:00',NULL,0,209),(45,21,1,5,'Rạp sạch sẽ, không gian sảnh chờ rộng rãi, nhân viên phục vụ rất nhiệt tình.','2026-06-12 18:30:00',NULL,0,210),(46,22,1,4.5,'Chất lượng âm thanh phòng chiếu cực đỉnh, ghế ngồi êm ái, bắp nước ngon.','2026-06-12 18:30:00',NULL,0,211),(47,23,2,5,'Điều hòa mát mẻ, màn hình chiếu sắc nét, quy trình check-in vé qua app rất nhanh.','2026-06-12 18:30:00',NULL,0,212),(48,24,8,4,'Không gian thiết kế đẹp mắt, nhiều góc check-in, phòng chiếu cách âm rất tốt.','2026-06-12 18:30:00',NULL,0,213),(49,25,1,4.5,'Vị trí rạp dễ tìm, phòng chiếu được vệ sinh kỹ lưỡng, trải nghiệm rất hài lòng.','2026-06-12 18:30:00',NULL,0,214),(50,26,1,5,'Rạp sạch sẽ, không gian sảnh chờ rộng rãi, nhân viên phục vụ rất nhiệt tình.','2026-06-12 18:30:00',NULL,0,215),(51,27,1,4.5,'Chất lượng âm thanh phòng chiếu cực đỉnh, ghế ngồi êm ái, bắp nước ngon.','2026-06-12 18:30:00',NULL,0,216),(52,28,1,4,'Vị trí rạp dễ tìm, phòng chiếu được vệ sinh kỹ lưỡng, trải nghiệm rất hài lòng.','2026-06-12 18:30:00',NULL,0,217),(53,30,1,4,'Vị trí rạp dễ tìm, phòng chiếu được vệ sinh kỹ lưỡng, trải nghiệm rất hài lòng.','2026-06-12 18:30:00',NULL,0,218),(54,31,8,4,'Không gian thiết kế đẹp mắt, nhiều góc check-in, phòng chiếu cách âm rất tốt.','2026-06-12 18:30:00',NULL,0,219),(55,32,5,5,'Rạp sạch sẽ, không gian sảnh chờ rộng rãi, nhân viên phục vụ rất nhiệt tình.','2026-06-12 18:30:00',NULL,0,220),(56,33,1,4,'Vị trí rạp dễ tìm, phòng chiếu được vệ sinh kỹ lưỡng, trải nghiệm rất hài lòng.','2026-06-12 18:30:00',NULL,0,221),(57,34,1,4,'Vị trí rạp dễ tìm, phòng chiếu được vệ sinh kỹ lưỡng, trải nghiệm rất hài lòng.','2026-06-12 18:30:00',NULL,0,222),(58,35,1,4.5,'Chất lượng âm thanh phòng chiếu cực đỉnh, ghế ngồi êm ái, bắp nước ngon.','2026-06-12 18:30:00',NULL,0,223),(59,36,1,4.5,'Chất lượng âm thanh phòng chiếu cực đỉnh, ghế ngồi êm ái, bắp nước ngon.','2026-06-12 18:30:00',NULL,0,224),(60,38,1,4.5,'Chất lượng âm thanh phòng chiếu cực đỉnh, ghế ngồi êm ái, bắp nước ngon.','2026-06-12 18:30:00',NULL,0,225),(61,13,2,5,'Điều hòa mát mẻ, màn hình chiếu sắc nét, quy trình check-in vé qua app rất nhanh.','2026-06-12 18:30:00',NULL,0,402),(62,14,8,4,'Không gian thiết kế đẹp mắt, nhiều góc check-in, phòng chiếu cách âm rất tốt.','2026-06-12 18:30:00',NULL,0,403),(63,15,1,4.5,'Chất lượng âm thanh phòng chiếu cực đỉnh, ghế ngồi êm ái, bắp nước ngon.','2026-06-12 18:30:00',NULL,0,404),(64,16,3,4.5,'Chất lượng âm thanh phòng chiếu cực đỉnh, ghế ngồi êm ái, bắp nước ngon.','2026-06-12 18:30:00',NULL,0,405),(65,19,2,5,'Điều hòa mát mẻ, màn hình chiếu sắc nét, quy trình check-in vé qua app rất nhanh.','2026-06-12 18:30:00',NULL,0,408),(66,23,1,4,'Vị trí rạp dễ tìm, phòng chiếu được vệ sinh kỹ lưỡng, trải nghiệm rất hài lòng.','2026-06-12 18:30:00',NULL,0,412),(67,30,2,5,'Điều hòa mát mẻ, màn hình chiếu sắc nét, quy trình check-in vé qua app rất nhanh.','2026-06-12 18:30:00',NULL,0,418),(68,32,1,5,'Rạp sạch sẽ, không gian sảnh chờ rộng rãi, nhân viên phục vụ rất nhiệt tình.','2026-06-12 18:30:00',NULL,0,420),(69,34,13,4.5,'Nhân viên thân thiện, hướng dẫn khách vào phòng chiếu rất chu đáo. Sẽ quay lại!','2026-06-12 18:30:00',NULL,0,422),(70,35,5,5,'Rạp sạch sẽ, không gian sảnh chờ rộng rãi, nhân viên phục vụ rất nhiệt tình.','2026-06-12 18:30:00',NULL,0,423),(71,36,7,4.5,'Chất lượng âm thanh phòng chiếu cực đỉnh, ghế ngồi êm ái, bắp nước ngon.','2026-06-12 18:30:00',NULL,0,424),(72,38,2,5,'Điều hòa mát mẻ, màn hình chiếu sắc nét, quy trình check-in vé qua app rất nhanh.','2026-06-12 18:30:00',NULL,0,425);
/*!40000 ALTER TABLE `cinema_reviews` ENABLE KEYS */;
UNLOCK TABLES;

--
-- Table structure for table `cinemas`
--

DROP TABLE IF EXISTS `cinemas`;
/*!40101 SET @saved_cs_client     = @@character_set_client */;
/*!50503 SET character_set_client = utf8mb4 */;
CREATE TABLE `cinemas` (
  `id` int unsigned NOT NULL AUTO_INCREMENT,
  `province_id` int unsigned NOT NULL,
  `cinema_name` varchar(100) CHARACTER SET utf8mb4 COLLATE utf8mb4_unicode_ci NOT NULL,
  `address` varchar(255) CHARACTER SET utf8mb4 COLLATE utf8mb4_unicode_ci NOT NULL,
  `latitude` decimal(10,8) DEFAULT NULL,
  `longitude` decimal(11,8) DEFAULT NULL,
  `status` varchar(255) COLLATE utf8mb4_unicode_ci DEFAULT NULL,
  `phone` varchar(10) CHARACTER SET utf8mb4 COLLATE utf8mb4_unicode_ci DEFAULT NULL,
  `email` varchar(50) CHARACTER SET utf8mb4 COLLATE utf8mb4_unicode_ci DEFAULT NULL,
  `image_url` varchar(255) CHARACTER SET utf8mb4 COLLATE utf8mb4_unicode_ci DEFAULT NULL,
  `create_at` datetime DEFAULT NULL,
  `is_deleted` tinyint(1) DEFAULT '0',
  PRIMARY KEY (`id`),
  KEY `province_id` (`province_id`),
  CONSTRAINT `cinemas_ibfk_1` FOREIGN KEY (`province_id`) REFERENCES `provinces` (`id`)
) ENGINE=InnoDB AUTO_INCREMENT=15 DEFAULT CHARSET=utf8mb4 COLLATE=utf8mb4_unicode_ci;
/*!40101 SET character_set_client = @saved_cs_client */;

--
-- Dumping data for table `cinemas`
--

LOCK TABLES `cinemas` WRITE;
/*!40000 ALTER TABLE `cinemas` DISABLE KEYS */;
INSERT INTO `cinemas` VALUES (1,1,'CGV Vincom Center Bà Triệu','191 Bà Triệu, Hà Nội',21.01118920,105.84947050,'active','0924783748','vincombt@gmail.com','https://encrypted-tbn0.gstatic.com/images?q=tbn:ANd9GcSws7VjBBM5bUJODwR6rhEZfcGbjQjkMKNhHg&s','2026-03-08 18:24:42',0),(2,1,'CGV Hồ Gươm Plaza','102-104 Đường Trần Phú - Hà Đông, Hà Nội',20.97461170,105.78084520,'active','0958345734','cgvhoguom@gmail.com','https://iguov8nhvyobj.vcdn.cloud/media/site/cache/3/980x415/b58515f018eb873dafa430b6f9ae0c1e/k/l/klg_4164.jpg','2026-03-08 18:25:33',0),(3,1,'CGV Aeon Long Biên','Long Biên , Hà Nội',21.03987130,105.85002160,'active','0953453453','aeonlongbien@gmail.com','https://iguov8nhvyobj.vcdn.cloud/media/site/cache/1/980x415/b58515f018eb873dafa430b6f9ae0c1e/p/o/popcorn_pactory_layer-1.jpg','2026-03-08 18:26:07',0),(4,2,'CGV Vincom Hải Phòng','Hùng Vương, Hải Phòng',20.87374710,106.63667080,'active','0973284727','vincomhp@gmail.com','https://iguov8nhvyobj.vcdn.cloud/media/site/cache/1/980x415/b58515f018eb873dafa430b6f9ae0c1e/c/g/cgv-vincom-haiphong-3.png','2026-03-08 18:27:24',0),(5,2,'CGV Aeon Mall Hải Phòng','Cầu Bính, Hải Phòng',20.87512870,106.66755580,'active','0947324234','aeonhp@gmail.com','https://chonthuonghieu.com/wp-content/uploads/listing-uploads/gallery/2021/02/cgv-aeon-mall-hai-phong-563077.jpg','2026-03-08 18:28:15',0),(6,3,'CGV Vincom Hạ Long','Lê Thánh Tông, Quảng Ninh',20.95158930,107.08576590,'active','0972446724','vincomhp@gmail.com','https://rapchieuphim.com/photos/2/cgv/cgv-vincom-ha-long-2.png','2026-03-08 18:29:36',0),(7,3,'CGV Vincom Cẩm Phả','Hồng Ngọc , Quảng Ninh',20.95016980,107.08250700,'active','0973647264','vincomcp@gmail.com','https://iguov8nhvyobj.vcdn.cloud/media/site/cache/1/980x415/b58515f018eb873dafa430b6f9ae0c1e/v/c/vc_cp1.jpg','2026-03-08 18:30:30',0),(8,4,'CGV Kim Cúc Plaza','Bình Định',NULL,NULL,'active','0983248728','kimcucplaza@gmail.com','https://rapchieuphim.com/photos/2/cgv/cgv-kim-cuc-plaza-1.png','2026-03-08 18:31:26',0),(9,5,'CGV Ecopark Hưng Yên','Hưng Yên',20.65893140,106.06198570,'active','0932462742','ecoparkhy@gmail.com','https://tse3.mm.bing.net/th/id/OIP.xh8PUbPkQSwdUA63amxaWwHaDz?pid=Api&h=220&P=0','2026-03-08 18:32:06',0),(10,6,'CGV Vincom Lạng Sơn','Lạng Sơn',21.85105360,106.76218120,'active','0967364724','vincomlangson@gmail.com','https://tse4.mm.bing.net/th/id/OIP.nbz6BBX66famnpLx87U9FwHaEo?pid=Api&h=220&P=0','2026-03-08 18:32:47',0),(11,8,'Lotte Bắc Ninh','Tầng 3, TTTM Vincom Bắc Ninh, Ngã 6, P.Suối Hoa, Bắc Ninh',NULL,NULL,'active','0924783748','lottebn@gmail.com','https://toplist.vn/images/800px/lotte-bac-ninh-1340509.jpg','2026-05-20 01:24:47',0),(12,1,'ư','abc',43.60909190,1.44393710,'active','0924783748','ww','','2026-05-31 21:15:57',1),(13,1,'ư','ư',54.57151800,-5.94374580,'active','eee','lottebn@gmail.com','','2026-05-31 21:16:43',1),(14,2,'e','e',52.53102140,-1.26490620,'active','1','ê','','2026-05-31 21:17:13',1);
/*!40000 ALTER TABLE `cinemas` ENABLE KEYS */;
UNLOCK TABLES;

--
-- Table structure for table `favorites`
--

DROP TABLE IF EXISTS `favorites`;
/*!40101 SET @saved_cs_client     = @@character_set_client */;
/*!50503 SET character_set_client = utf8mb4 */;
CREATE TABLE `favorites` (
  `id` int unsigned NOT NULL AUTO_INCREMENT,
  `account_id` int unsigned NOT NULL,
  `movie_id` int unsigned NOT NULL,
  `create_at` datetime DEFAULT CURRENT_TIMESTAMP,
  `is_deleted` tinyint(1) DEFAULT '0',
  PRIMARY KEY (`id`),
  UNIQUE KEY `account_id` (`account_id`,`movie_id`),
  KEY `idx_favorites_movie_id` (`movie_id`),
  KEY `idx_favorites_account_id` (`account_id`),
  CONSTRAINT `favorites_ibfk_1` FOREIGN KEY (`account_id`) REFERENCES `accounts` (`id`) ON DELETE CASCADE ON UPDATE CASCADE,
  CONSTRAINT `favorites_ibfk_2` FOREIGN KEY (`movie_id`) REFERENCES `movies` (`id`) ON DELETE CASCADE ON UPDATE CASCADE
) ENGINE=InnoDB AUTO_INCREMENT=13 DEFAULT CHARSET=utf8mb4 COLLATE=utf8mb4_unicode_ci;
/*!40101 SET character_set_client = @saved_cs_client */;

--
-- Dumping data for table `favorites`
--

LOCK TABLES `favorites` WRITE;
/*!40000 ALTER TABLE `favorites` DISABLE KEYS */;
INSERT INTO `favorites` VALUES (1,3,10,'2026-03-09 00:41:50',0),(2,3,9,'2026-03-09 00:43:21',0),(3,1,10,'2026-03-09 01:01:40',0),(4,1,8,'2026-03-09 01:01:43',0),(5,1,9,'2026-03-09 01:01:45',0),(6,16,1,'2026-03-11 08:00:00',0),(7,16,2,'2026-03-11 08:05:00',0),(8,17,5,'2026-03-11 09:00:00',0),(9,19,2,'2026-03-11 10:30:00',0),(10,20,4,'2026-03-12 11:00:00',0),(11,25,3,'2026-03-12 15:00:00',0),(12,29,5,'2026-03-12 17:30:00',0);
/*!40000 ALTER TABLE `favorites` ENABLE KEYS */;
UNLOCK TABLES;

--
-- Table structure for table `movie_reviews`
--

DROP TABLE IF EXISTS `movie_reviews`;
/*!40101 SET @saved_cs_client     = @@character_set_client */;
/*!50503 SET character_set_client = utf8mb4 */;
CREATE TABLE `movie_reviews` (
  `id` int unsigned NOT NULL AUTO_INCREMENT,
  `account_id` int unsigned NOT NULL,
  `movie_id` int unsigned NOT NULL,
  `rating` double NOT NULL,
  `comment` varchar(255) COLLATE utf8mb4_unicode_ci DEFAULT NULL,
  `create_at` datetime DEFAULT CURRENT_TIMESTAMP,
  `update_at` datetime DEFAULT NULL,
  `is_deleted` tinyint(1) DEFAULT '0',
  `ticket_id` int DEFAULT NULL,
  PRIMARY KEY (`id`),
  KEY `idx_reviews_movie_id` (`movie_id`),
  KEY `idx_reviews_account_id` (`account_id`),
  KEY `idx_reviews_rating` (`rating`),
  CONSTRAINT `movie_reviews_ibfk_1` FOREIGN KEY (`account_id`) REFERENCES `accounts` (`id`) ON DELETE CASCADE ON UPDATE CASCADE,
  CONSTRAINT `movie_reviews_ibfk_2` FOREIGN KEY (`movie_id`) REFERENCES `movies` (`id`) ON DELETE CASCADE ON UPDATE CASCADE
) ENGINE=InnoDB AUTO_INCREMENT=95 DEFAULT CHARSET=utf8mb4 COLLATE=utf8mb4_unicode_ci;
/*!40101 SET character_set_client = @saved_cs_client */;

--
-- Dumping data for table `movie_reviews`
--

LOCK TABLES `movie_reviews` WRITE;
/*!40000 ALTER TABLE `movie_reviews` DISABLE KEYS */;
INSERT INTO `movie_reviews` VALUES (2,3,10,5,'Phim rất hay nhá','2026-03-09 00:42:31','2026-03-09 00:42:42',0,NULL),(3,3,9,4,'Cũng rất hay nha','2026-03-09 00:44:35','2026-03-09 00:44:47',1,NULL),(6,1,9,5,'WOW','2026-03-09 01:02:21','2026-03-09 01:02:29',0,NULL),(7,16,1,5,'Phim bom tấn quá đỉnh, kỹ xảo xuất sắc!','2026-03-12 20:00:00',NULL,0,NULL),(8,17,1,4,'Đoạn cuối hơi buồn nhưng tổng thể rất hay.','2026-03-12 21:00:00',NULL,0,NULL),(9,19,2,5,'Spider-Man phần này plot twist không thể ngờ tới.','2026-03-13 10:00:00',NULL,0,NULL),(10,23,3,5,'Doraemon lúc nào cũng mang lại tuổi thơ dữ dội.','2026-03-13 12:30:00',NULL,0,NULL),(11,26,4,3,'Hành động mãn nhãn nhưng cốt truyện hơi dễ đoán.','2026-03-13 14:00:00',NULL,0,NULL),(12,29,5,5,'Inside Out 2 thực sự chạm đến cảm xúc người xem.','2026-03-13 16:45:00',NULL,0,NULL),(13,5,9,5,'Phim rất hay, rất thích!!!','2026-05-29 21:04:19','2026-05-29 21:04:19',0,NULL),(17,5,9,5,'phim ok đó, thích hợp để di xem với ngy','2026-05-29 21:18:01','2026-05-29 21:18:01',0,20),(18,5,6,5,'Phim cực kỳ dễ thương và mang tính chữa lành! Kỹ xảo mượt mà, tạo hình các nhân vật rất đáng yêu, đặc biệt là biểu cảm của nhân vật chính. Cốt truyện tuy đơn giản nhưng mang lại nhiều tiếng cười, rất hợp để thư giãn sau những giờ ngồi code căng thẳng','2026-05-30 21:30:45','2026-05-30 21:30:45',0,131),(19,5,6,5,'Phim cực kỳ dễ thương và mang tính chữa lành! Kỹ xảo mượt mà, tạo hình các nhân vật rất đáng yêu, đặc biệt là biểu cảm của nhân vật chính. Cốt truyện tuy đơn giản nhưng mang lại nhiều tiếng cười, rất hợp để thư giãn sau những giờ ngồi code căng thẳng','2026-05-30 21:30:44','2026-05-30 21:30:45',0,131),(20,38,7,5,'Phim hay ','2026-06-01 11:06:19','2026-06-01 11:06:19',0,143),(21,5,3,5,'12grydhhgjd','2026-06-03 16:57:18','2026-06-03 16:57:18',0,NULL),(22,5,10,5,'Kỹ xảo điện ảnh đỉnh cao, âm thanh phòng chiếu dập rất đã tai, đáng tiền vé.','2026-06-12 18:00:00',NULL,0,201),(23,13,10,4,'Nội dung phim xuất sắc, diễn viên chính diễn xuất nhập tâm xuất thần luôn ạ.','2026-06-12 18:00:00',NULL,0,202),(24,14,10,3.5,'Phim siêu chữa lành, thích hợp đi xem giải trí sau những giờ học code căng thẳng.','2026-06-12 18:00:00',NULL,0,203),(25,15,10,4.5,'Cốt truyện ổn, nhịp phim đoạn giữa hơi chậm một chút nhưng cái kết rất trọn vẹn.','2026-06-12 18:00:00',NULL,0,204),(26,16,9,5,'Phim bom tấn có khác, hình ảnh mãn nhãn vô cùng. Sẽ rủ thêm bạn bè đi xem lại lần 2!','2026-06-12 18:00:00',NULL,0,205),(27,17,9,4,'Mức độ hoàn thiện của phim tốt, thông điệp truyền tải về gia đình cực kỳ ý nghĩa.','2026-06-12 18:00:00',NULL,0,206),(28,18,9,3.5,'Phim xem giải trí khá ổn, tuy nhiên kịch bản hơi dễ đoán một xíu. Đánh giá 3.5 sao.','2026-06-12 18:00:00',NULL,0,207),(29,19,9,4.5,'Phim xem rất cuốn, cốt truyện lớp lang và plot twist không thể ngờ tới luôn!','2026-06-12 18:00:00',NULL,0,208),(30,20,1,5,'Kỹ xảo điện ảnh đỉnh cao, âm thanh phòng chiếu dập rất đã tai, đáng tiền vé.','2026-06-12 18:00:00',NULL,0,209),(31,21,18,4,'Nội dung phim xuất sắc, diễn viên chính diễn xuất nhập tâm xuất thần luôn ạ.','2026-06-12 18:00:00',NULL,0,210),(32,22,1,3.5,'Phim siêu chữa lành, thích hợp đi xem giải trí sau những giờ học code căng thẳng.','2026-06-12 18:00:00',NULL,0,211),(33,23,3,4.5,'Cốt truyện ổn, nhịp phim đoạn giữa hơi chậm một chút nhưng cái kết rất trọn vẹn.','2026-06-12 18:00:00',NULL,0,212),(34,24,5,5,'Phim bom tấn có khác, hình ảnh mãn nhãn vô cùng. Sẽ rủ thêm bạn bè đi xem lại lần 2!','2026-06-12 18:00:00',NULL,0,213),(35,25,9,4,'Mức độ hoàn thiện của phim tốt, thông điệp truyền tải về gia đình cực kỳ ý nghĩa.','2026-06-12 18:00:00',NULL,0,214),(36,26,6,3.5,'Phim xem giải trí khá ổn, tuy nhiên kịch bản hơi dễ đoán một xíu. Đánh giá 3.5 sao.','2026-06-12 18:00:00',NULL,0,215),(37,27,9,4.5,'Phim xem rất cuốn, cốt truyện lớp lang và plot twist không thể ngờ tới luôn!','2026-06-12 18:00:00',NULL,0,216),(38,28,11,5,'Kỹ xảo điện ảnh đỉnh cao, âm thanh phòng chiếu dập rất đã tai, đáng tiền vé.','2026-06-12 18:00:00',NULL,0,217),(39,30,6,4,'Nội dung phim xuất sắc, diễn viên chính diễn xuất nhập tâm xuất thần luôn ạ.','2026-06-12 18:00:00',NULL,0,218),(40,31,20,3.5,'Phim siêu chữa lành, thích hợp đi xem giải trí sau những giờ học code căng thẳng.','2026-06-12 18:00:00',NULL,0,219),(41,32,16,4.5,'Cốt truyện ổn, nhịp phim đoạn giữa hơi chậm một chút nhưng cái kết rất trọn vẹn.','2026-06-12 18:00:00',NULL,0,220),(42,33,12,5,'Phim bom tấn có khác, hình ảnh mãn nhãn vô cùng. Sẽ rủ thêm bạn bè đi xem lại lần 2!','2026-06-12 18:00:00',NULL,0,221),(43,34,7,4,'Mức độ hoàn thiện của phim tốt, thông điệp truyền tải về gia đình cực kỳ ý nghĩa.','2026-06-12 18:00:00',NULL,0,222),(44,35,18,3.5,'Phim xem giải trí khá ổn, tuy nhiên kịch bản hơi dễ đoán một xíu. Đánh giá 3.5 sao.','2026-06-12 18:00:00',NULL,0,223),(45,36,18,4.5,'Phim xem rất cuốn, cốt truyện lớp lang và plot twist không thể ngờ tới luôn!','2026-06-12 18:00:00',NULL,0,224),(46,38,2,5,'Kỹ xảo điện ảnh đỉnh cao, âm thanh phòng chiếu dập rất đã tai, đáng tiền vé.','2026-06-12 18:00:00',NULL,0,225),(47,5,10,5,'Kỹ xảo điện ảnh đỉnh cao, âm thanh phòng chiếu dập rất đã tai, đáng tiền vé.','2026-06-12 18:00:00',NULL,0,401),(48,13,10,4,'Nội dung phim xuất sắc, diễn viên chính diễn xuất nhập tâm xuất thần luôn ạ.','2026-06-12 18:00:00',NULL,0,402),(49,14,10,3.5,'Phim siêu chữa lành, thích hợp đi xem giải trí sau những giờ học code căng thẳng.','2026-06-12 18:00:00',NULL,0,403),(50,15,9,4.5,'Cốt truyện ổn, nhịp phim đoạn giữa hơi chậm một chút nhưng cái kết rất trọn vẹn.','2026-06-12 18:00:00',NULL,0,404),(51,16,3,5,'Phim bom tấn có khác, hình ảnh mãn nhãn vô cùng. Sẽ rủ thêm bạn bè đi xem lại lần 2!','2026-06-12 18:00:00',NULL,0,405),(52,17,1,4,'Mức độ hoàn thiện của phim tốt, thông điệp truyền tải về gia đình cực kỳ ý nghĩa.','2026-06-12 18:00:00',NULL,0,406),(53,18,18,3.5,'Phim xem giải trí khá ổn, tuy nhiên kịch bản hơi dễ đoán một xíu. Đánh giá 3.5 sao.','2026-06-12 18:00:00',NULL,0,407),(54,19,3,4.5,'Phim xem rất cuốn, cốt truyện lớp lang và plot twist không thể ngờ tới luôn!','2026-06-12 18:00:00',NULL,0,408),(55,20,6,5,'Kỹ xảo điện ảnh đỉnh cao, âm thanh phòng chiếu dập rất đã tai, đáng tiền vé.','2026-06-12 18:00:00',NULL,0,409),(56,21,6,4,'Nội dung phim xuất sắc, diễn viên chính diễn xuất nhập tâm xuất thần luôn ạ.','2026-06-12 18:00:00',NULL,0,410),(57,22,10,3.5,'Phim siêu chữa lành, thích hợp đi xem giải trí sau những giờ học code căng thẳng.','2026-06-12 18:00:00',NULL,0,411),(58,23,6,4.5,'Cốt truyện ổn, nhịp phim đoạn giữa hơi chậm một chút nhưng cái kết rất trọn vẹn.','2026-06-12 18:00:00',NULL,0,412),(59,24,20,5,'Phim bom tấn có khác, hình ảnh mãn nhãn vô cùng. Sẽ rủ thêm bạn bè đi xem lại lần 2!','2026-06-12 18:00:00',NULL,0,413),(60,25,12,4,'Mức độ hoàn thiện của phim tốt, thông điệp truyền tải về gia đình cực kỳ ý nghĩa.','2026-06-12 18:00:00',NULL,0,414),(61,26,6,3.5,'Phim xem giải trí khá ổn, tuy nhiên kịch bản hơi dễ đoán một xíu. Đánh giá 3.5 sao.','2026-06-12 18:00:00',NULL,0,415),(62,27,18,4.5,'Phim xem rất cuốn, cốt truyện lớp lang và plot twist không thể ngờ tới luôn!','2026-06-12 18:00:00',NULL,0,416),(63,28,3,5,'Kỹ xảo điện ảnh đỉnh cao, âm thanh phòng chiếu dập rất đã tai, đáng tiền vé.','2026-06-12 18:00:00',NULL,0,417),(64,30,6,4,'Nội dung phim xuất sắc, diễn viên chính diễn xuất nhập tâm xuất thần luôn ạ.','2026-06-12 18:00:00',NULL,0,418),(65,31,9,3.5,'Phim siêu chữa lành, thích hợp đi xem giải trí sau những giờ học code căng thẳng.','2026-06-12 18:00:00',NULL,0,419),(66,32,12,4.5,'Cốt truyện ổn, nhịp phim đoạn giữa hơi chậm một chút nhưng cái kết rất trọn vẹn.','2026-06-12 18:00:00',NULL,0,420),(67,33,15,5,'Phim bom tấn có khác, hình ảnh mãn nhãn vô cùng. Sẽ rủ thêm bạn bè đi xem lại lần 2!','2026-06-12 18:00:00',NULL,0,421),(68,34,18,4,'Mức độ hoàn thiện của phim tốt, thông điệp truyền tải về gia đình cực kỳ ý nghĩa.','2026-06-12 18:00:00',NULL,0,422),(69,35,21,3.5,'Phim xem giải trí khá ổn, tuy nhiên kịch bản hơi dễ đoán một xíu. Đánh giá 3.5 sao.','2026-06-12 18:00:00',NULL,0,423),(70,36,3,4.5,'Phim xem rất cuốn, cốt truyện lớp lang và plot twist không thể ngờ tới luôn!','2026-06-12 18:00:00',NULL,0,424),(71,38,6,5,'Kỹ xảo điện ảnh đỉnh cao, âm thanh phòng chiếu dập rất đã tai, đáng tiền vé.','2026-06-12 18:00:00',NULL,0,425),(85,16,13,4.5,'Phim kinh dị xuất sắc, Ghostface phần này thông minh và ra tay tàn bạo hơn hẳn mấy phần trước.','2026-06-12 20:00:00',NULL,0,NULL),(86,18,13,4,'Mấy pha hù dọa (jump-scare) làm rất tốt, tim bắn ra ngoài luôn. Nhịp phim nhanh và nghẹt thở.','2026-06-12 20:15:00',NULL,0,NULL),(87,20,14,5,'Một siêu phẩm khoa học viễn tưởng! Tình bạn giữa nhân vật chính và sinh vật ngoài hành tinh làm mình cảm động rơi nước mắt.','2026-06-12 20:05:00',NULL,0,NULL),(88,21,14,4.5,'Hình ảnh vũ trụ bao la làm kỹ xảo quá mãn nhãn. Diễn xuất của Ryan Gosling đúng là không có điểm gì để chê.','2026-06-12 20:30:00',NULL,0,NULL),(89,22,17,4,'Đúng chất bạo lực và tàn bạo của game gốc! Các pha đánh đấm, thi triển chiêu thức mãn nhãn vô cùng, Johnny Cage gánh hài cực đỉnh.','2026-06-12 21:00:00',NULL,0,NULL),(90,24,17,3.5,'Hành động và kỹ xảo thì 10 điểm, nhưng cốt truyện hơi mỏng và tiến triển hơi vội một chút. Nhìn chung vẫn đáng tiền vé giải trí.','2026-06-12 21:10:00',NULL,0,NULL),(91,25,19,5,'Phim hoạt hình siêu dễ thương và mang tính chữa lành cực tốt! Tạo hình các chú mèo con hiếu động nhìn cưng xỉu.','2026-06-12 21:15:00',NULL,0,NULL),(92,27,19,4.5,'Cốt truyện đơn giản nhưng tràn ngập tiếng cười, rất thích hợp để đi xem thư giãn giải tỏa căng thẳng sau những giờ ngồi code.','2026-06-12 21:45:00',NULL,0,NULL),(93,17,8,5,'Phim siêu hài hước mà cũng lấy đi không ít nước mắt. Sự kết hợp giữa Phương Anh Đào và Tuấn Trần quá đỉnh, chemistry bùng nổ luôn!','2026-06-12 21:50:00',NULL,0,NULL),(94,19,8,4.5,'Một bộ phim gia đình cực kỳ ý nghĩa cho dịp Tết. Tiết tấu phim dở khóc dở cười, dàn diễn viên phụ tung hứng rất duyên dáng.','2026-06-12 22:00:00',NULL,0,NULL);
/*!40000 ALTER TABLE `movie_reviews` ENABLE KEYS */;
UNLOCK TABLES;

--
-- Table structure for table `moviecinemas`
--

DROP TABLE IF EXISTS `moviecinemas`;
/*!40101 SET @saved_cs_client     = @@character_set_client */;
/*!50503 SET character_set_client = utf8mb4 */;
CREATE TABLE `moviecinemas` (
  `cinema_id` int NOT NULL,
  `movie_id` int NOT NULL,
  PRIMARY KEY (`cinema_id`,`movie_id`)
) ENGINE=InnoDB DEFAULT CHARSET=utf8mb4 COLLATE=utf8mb4_0900_ai_ci;
/*!40101 SET character_set_client = @saved_cs_client */;

--
-- Dumping data for table `moviecinemas`
--

LOCK TABLES `moviecinemas` WRITE;
/*!40000 ALTER TABLE `moviecinemas` DISABLE KEYS */;
/*!40000 ALTER TABLE `moviecinemas` ENABLE KEYS */;
UNLOCK TABLES;

--
-- Table structure for table `movies`
--

DROP TABLE IF EXISTS `movies`;
/*!40101 SET @saved_cs_client     = @@character_set_client */;
/*!50503 SET character_set_client = utf8mb4 */;
CREATE TABLE `movies` (
  `id` int unsigned NOT NULL AUTO_INCREMENT,
  `title` varchar(255) CHARACTER SET utf8mb4 COLLATE utf8mb4_unicode_ci NOT NULL,
  `description` text CHARACTER SET utf8mb4 COLLATE utf8mb4_unicode_ci,
  `duration` int NOT NULL,
  `release_date` date DEFAULT NULL,
  `director` varchar(100) CHARACTER SET utf8mb4 COLLATE utf8mb4_unicode_ci DEFAULT NULL,
  `cast` varchar(255) COLLATE utf8mb4_unicode_ci DEFAULT NULL,
  `genre` varchar(100) CHARACTER SET utf8mb4 COLLATE utf8mb4_unicode_ci DEFAULT NULL,
  `language` varchar(50) CHARACTER SET utf8mb4 COLLATE utf8mb4_unicode_ci DEFAULT NULL,
  `poster_url` varchar(255) CHARACTER SET utf8mb4 COLLATE utf8mb4_unicode_ci DEFAULT NULL,
  `trailer_url` varchar(255) CHARACTER SET utf8mb4 COLLATE utf8mb4_unicode_ci DEFAULT NULL,
  `age_rating` varchar(255) COLLATE utf8mb4_unicode_ci NOT NULL,
  `status` varchar(255) COLLATE utf8mb4_unicode_ci DEFAULT NULL,
  `create_at` datetime DEFAULT NULL,
  `update_at` datetime DEFAULT NULL,
  `is_deleted` tinyint(1) DEFAULT '0',
  PRIMARY KEY (`id`)
) ENGINE=InnoDB AUTO_INCREMENT=31 DEFAULT CHARSET=utf8mb4 COLLATE=utf8mb4_unicode_ci;
/*!40101 SET character_set_client = @saved_cs_client */;

--
-- Dumping data for table `movies`
--

LOCK TABLES `movies` WRITE;
/*!40000 ALTER TABLE `movies` DISABLE KEYS */;
INSERT INTO `movies` VALUES (1,'Avengers: Endgame','Biệt đội Avengers tập hợp lần cuối để đảo ngược hậu quả từ cú búng tay của Thanos.',181,'2025-11-13','Anthony Russo, Joe Russo','','Action, Adventure, Sci-Fi','English','https://th.bing.com/th/id/OIP.AsVeA2uTH8DIHIezO_yDGAHaK-?w=119&h=180&c=7&r=0&o=7&dpr=2&pid=1.7&rm=3','https://www.youtube.com/embed/TcMBFSGVi1c','T13','now_showing','2026-03-09 00:57:25','2026-05-21 01:16:51',0),(2,'Spider-Man: No Way Home','Peter Parker phải đối mặt với hậu quả khi danh tính bị lộ và đa vũ trụ bị phá vỡ.',148,'2026-01-09','Jon Watts','Tom Holland, Zendaya, Benedict Cumberbatch','Action, Adventure, Fantasy','English','https://th.bing.com/th/id/OIP.jFWga73Vye9w2gQvqWJX6gHaLH?w=115&h=180&c=7&r=0&o=7&dpr=2&pid=1.7&rm=3','https://www.youtube.com/watch?v=JfVOs4VSpmA&t=18s','P','now_showing','2026-03-09 00:57:25','2026-03-08 18:03:04',0),(3,'Doraemon: Nobita and the Sky Utopia','Nobita và Doraemon phiêu lưu đến vương quốc trên bầu trời.',107,'2025-12-09','Takumi Doyama','Wasabi Mizuta, Megumi Ohara','Animation, Family, Fantasy','Japanese','https://th.bing.com/th/id/OIP.gvr7hO-OSR7Zbwf9-_w9RwHaHa?w=179&h=180&c=7&r=0&o=7&dpr=2&pid=1.7&rm=3','https://www.youtube.com/watch?v=Ol6Z_QR-OH8','P','now_showing','2026-03-09 00:57:25','2026-03-08 18:03:16',0),(4,'Godzilla x Kong: The New Empire','Godzilla và Kong đối đầu với mối đe dọa mới có thể hủy diệt thế giới.',115,'2026-02-12','Adam Wingard','Rebecca Hall, Brian Tyree Henry','Action, Sci-Fi','English','https://th.bing.com/th/id/OIP.OCOslhU1srFM_5vAPeUD5wHaLH?w=115&h=180&c=7&r=0&o=7&dpr=2&pid=1.7&rm=3','https://youtuhttps://www.youtube.com/watch?v=lV1OOlGwExM&t=17sbe.com/watch?v=example2','P','now_showing','2026-03-09 00:57:25','2026-03-08 18:03:25',0),(5,'Inside Out 2','Những cảm xúc mới xuất hiện trong tâm trí của Riley khi cô bước vào tuổi teen.',96,'2026-02-12','Kelsey Mann','Amy Poehler, Phyllis Smith','Animation, Comedy, Family','English','https://th.bing.com/th/id/OIP.s01urkcK6XmX5n-wjk3xpgHaK-?w=115&h=180&c=7&r=0&o=7&dpr=2&pid=1.7&rm=3','https://www.youtube.com/watch?v=VWavstJydZU','P','now_showing','2026-03-09 00:57:25','2026-03-08 18:03:36',0),(6,'THỎ ƠI!!','Phim “Thỏ ơi!!” dự kiến công chiếu trong dịp Tết 2026, thuộc thể loại hài, tâm lý sở trường của Trấn Thành, mang màu sắc trẻ trung với dàn diễn viên mới, tiếp nối tinh thần đem đến cho khán giả những điều vui vẻ, hài hước vào dịp Tết Nguyên đán.',127,'2026-02-17','Trấn Thành','Pháo; Lyly; Trấn Thành; Pháp Kiều; Gil Lê; Cris Phan; Ali Hoàng Dương; BB Trần; Đinh Ngọc Diệp','Tâm Lý','Tiếng Việt - Phụ đề Tiếng Anh','https://iguov8nhvyobj.vcdn.cloud/media/catalog/product/cache/1/image/c5f0a1eff4c394a251036189ccddaacd/t/o/to_poster_official_tiectet_3x4_fa.jpg','https://www.youtube.com/watch?v=aJOXdRSj91g','P','now_showing','2026-03-08 18:07:35',NULL,0),(7,'CẢM ƠN NGƯỜI ĐÃ THỨC CÙNG TÔI','Cảm Ơn Người Đã Thức Cùng Tôi là một hành trình cảm xúc của những người trẻ đi tìm đáp án cho câu hỏi “Ước mơ của bạn là gì?”, để rồi chính họ khi bước vào thế giới trưởng thành dần nhận ra câu hỏi quan trọng nhất là “Mình muốn thực hiện ước mơ đó cùng ai?”',137,'2026-02-27','Chung Chí Công','Võ Phan Kim Khánh, Trần Doãn Hoàng, Nguyễn Hùng','Gia đình, Tình cảm','Tiếng Việt','https://iguov8nhvyobj.vcdn.cloud/media/catalog/product/cache/1/image/c5f0a1eff4c394a251036189ccddaacd/m/a/main_condtct_cinema_low.jpg','https://www.youtube.com/watch?v=uf2oOeJ-Z3s&list=RDuf2oOeJ-Z3s&start_radio=1','P','now_showing','2026-03-08 18:08:43',NULL,0),(8,'BÁU VẬT TRỜI CHO','BÁU VẬT TRỜI CHO - bộ phim đa sắc cảm xúc, rực rỡ yêu thương, gắn kết gia đình Tết 2026. Ngọc (Phương Anh Đào) là mẹ đơn thân, có con nhờ thụ tinh nhân tạo từ tinh trùng hiến tặng. Trong chuyến đi biển để đổi gió và trốn chạy quá khứ, cô & Tô chạm mặt Hồng (Tuấn Trần) – chàng trai làng chài phóng khoáng, cũng chính là người góp phần tạo nên sự ra đời của Tô. Cuộc gặp gỡ tréo ngoe ấy kéo ba con người xa lạ vào hàng loạt tình huống dở khóc dở cười lẫn căng thẳng, khi mọi thứ bắt đầu vượt ngoài kế hoạch. Liệu người cha “trời cho” này là món quà bất ngờ của số phận, hay chỉ là một “trò chơi” oái oăm cuộc đời?',124,'2026-02-17','Lê Thanh Sơn','NSND Kim Xuân, Tuấn Trần, Phương Anh Đào, Võ Tấn Phát, Hưng Nguyễn, La Thành, Trung Dân, Khương Lê, Tạ Lâm, Quách Ngọc Ngoan, Chị Phiến, Thư Đan…','Gia đình, Hài, Tình cảm','Tiếng Việt - Phụ đề tiếng Anh','https://iguov8nhvyobj.vcdn.cloud/media/catalog/product/cache/1/image/c5f0a1eff4c394a251036189ccddaacd/4/7/470wx700h-bvtc_3.jpg','https://www.youtube.com/watch?v=dwfUi9SV5ss','P','now_showing','2026-03-08 18:10:04',NULL,0),(9,'KHÔNG CÒN CHÚNG TA','Jeong-won và Eun-ho yêu nhau chân thành và sâu đậm bằng những tất cả những gì họ có ở khoảng thời gian đẹp nhất của thanh xuân. Nhưng tình yêu của tuổi trẻ không tránh khỏi sự non nớt, bồng bột để rồi họ chọn rời xa nhau. Nhiều năm sau gặp lại, họ nhận ra: chính những tháng năm đã yêu và đã đau ấy đã giúp họ trưởng thành hơn, hiểu được tình yêu và biết cách yêu thương hơn. Chỉ tiếc rằng khi ấy, yêu thương này họ không dành cho nhau được nữa…',114,'2026-03-06','Kim Do-Young','Koo Kyo-hwan, Moon Ga-young, Suyeon Ji','Tâm Lý, Tình cảm','Tiếng Hàn – Phụ đề tiếng Việt','https://iguov8nhvyobj.vcdn.cloud/media/catalog/product/cache/1/image/c5f0a1eff4c394a251036189ccddaacd/4/7/470x700-us.jpg','https://www.youtube.com/watch?v=DltytoKP7Rg','P','now_showing','2026-03-08 18:11:24',NULL,0),(10,'MÙI PHỞ','Câu chuyện về sự xung đột thế hệ và những va chạm giữa quan niệm cũ và lối sống hiện đại, xoay quanh món Phở - biểu tượng ẩm thực Việt. Đằng sau những mâu thuẫn và tranh cãi ấy, từng bí mật dần được hé lộ, mở ra hành trình tìm lại sự ấm áp của tình thân qua những tình tiết hài hước, dí dỏm và đầy duyên dáng.',111,'2026-02-17','Minh Beta','Xuan Hinh - Thu Trang - Thanh Thanh Hien - Quoc Tuan - Bao Nam - Ha Huong - Thanh Huong - Chu Manh Cuong - Tien Loc','Gia đình, Hài','Tiếng Việt','https://iguov8nhvyobj.vcdn.cloud/media/catalog/product/cache/1/image/c5f0a1eff4c394a251036189ccddaacd/3/5/350x495-muipho.jpg','https://www.youtube.com/watch?v=7L5qkIkkcY8','P','now_showing','2026-03-08 18:12:54',NULL,0),(11,'TỘI PHẠM 101','Lấy bối cảnh thành phố Los Angeles đầy nắng và bụi đường, Tội Phạm 101 kể về một tên trộm nữ trang bí ẩn (Chris Hemsworth) với hàng loạt phi vụ táo bạo khiến cảnh sát phải đau đầu. Trong lúc chuẩn bị cho phi vụ lớn nhất của mình, hắn gặp gỡ một nữ nhân viên bảo hiểm (Halle Berry), người cũng đang vật lộn với những lựa chọn trong đời mình. Trong khi đó, một thanh tra (Mark Ruffalo) đã tìm ra quy luật trong chuỗi các vụ án và đang ráo riết truy đuổi tên trộm, khiến cuộc chơi trở nên căng thẳng hơn bao giờ hết. Khi phi vụ định mệnh đến gần, ranh giới giữa kẻ săn đuổi và con mồi dần trở nên mờ nhạt và cả ba buộc phải đối mặt với những lựa chọn khó khăn và không còn cơ hội để quay đầu lại. Bộ phim được chuyển thể từ tiểu thuyết ngắn nổi tiếng cùng tên của Don Winslow, do Bart Layton (tác giả của American Animals, The Imposter) viết kịch bản và đạo diễn. Dàn diễn viên có sự tham gia của Barry Keoghan, Monica Barbaro, Corey Hawkins, Jennifer Jason Leigh và Nick Nolte.',129,'2026-03-13','Bart Layton','Chris Hemsworth, Mark Ruffalo, Halle Berry, Barry Keoghan, Monica Barbaro, Corey Hawkins, Jennifer Jason Leigh, Nick Nolte','Hồi hộp, Tội phạm','Tiếng Anh - Phụ đề Tiếng Việt','https://iguov8nhvyobj.vcdn.cloud/media/catalog/product/cache/1/image/c5f0a1eff4c394a251036189ccddaacd/p/o/poster-crime.jpg','https://www.youtube.com/watch?v=TxY9GfEEMOI&t=2s','P','now_showing','2026-03-08 18:14:09','2026-06-11 22:30:43',0),(12,'CÔ DÂU!','Một cách tiếp cận táo bạo, phá vỡ mọi khuôn mẫu đối với một trong những câu chuyện hấp dẫn nhất thế giới. Bộ phim theo chân Frankenstein cô đơn (do Chrisitian Bale thủ vai) lên đường đến Chicago những năm 1930 để tìm đến nhà khoa học Dr. Euphronious (Annette Bening – 5 lần đề cử Oscar thủ vai), với hy vọng bà có thể tạo ra một người bạn đồng hành cho mình. Cả hai hồi sinh một cô gái trẻ đã bị sát hại, và Cô Dâu (Buckley thủ vai) đã ra đời. Những gì xảy ra sau đó đã vượt xa mọi tưởng tượng của họ: những vụ giết người, sự chiếm hữu, một phong trào văn hóa hoang dại và cấp tiến cũng như mối tình ngoài vòng pháp luật đầy cuồng nhiệt và bùng nổ!',126,'2026-03-13','Maggie Gyllenhaal','Jake Gyllenhaal, Christian Bale, Jessie Buckley,…','Kinh Dị, Nhạc kịch, Tình cảm','Tiếng Anh – phụ đề tiếng Việt','https://iguov8nhvyobj.vcdn.cloud/media/catalog/product/cache/1/image/c5f0a1eff4c394a251036189ccddaacd/m/a/main_poster_co_dau_1_final.jpg','https://www.youtube.com/watch?v=HYIOdcSGON4','P','now_showing','2026-03-08 18:15:36','2026-06-11 22:33:48',0),(13,'TIẾNG THÉT 7','Sidney Evans (Neve Campbell), nạn nhân sống sót của một vụ thảm sát nhiều năm trước, giờ đang sống hạnh phúc cùng chồng và con gái ở một thị trấn khác thì tên sát nhân Ghostface mới lại xuất hiện. Những nỗi sợ hãi đen tối nhất của cô trở thành hiện thực khi con gái cô Tatum Evans (Isabel May) trở thành mục tiêu tiếp theo. Quyết tâm bảo vệ gia đình, Sidney buộc phải đối mặt với những kinh hoàng trong quá khứ để chấm dứt cuộc đổ máu một lần và mãi mãi.',144,'2026-03-20','Kevin Williamson','Neve Campbell, Isabel May, Mckenna Grace, Courteney Cox, etc.','Bí ẩn, Kinh Dị','Tiếng Anh - Phụ đề Tiếng Việt','https://iguov8nhvyobj.vcdn.cloud/media/catalog/product/cache/1/image/c5f0a1eff4c394a251036189ccddaacd/s/c/sc7_burnposter_470x700.jpg','https://www.youtube.com/watch?v=4g8OciWNJn4','P','now_showing','2026-03-08 18:18:35','2026-06-11 22:37:39',0),(14,'THOÁT KHỎI TẬN THẾ','Ryland Grace một giáo viên khoa học nhận ra anh chính là hy vọng cuối cùng của Trái Đất. Nhiệm vụ của anh: cứu lấy Mặt Trời khỏi một sinh thể bí ẩn đang hút cạn năng lượng ánh sáng, đẩy cả hệ Mặt Trời vào bóng tối vĩnh viễn. Nếu thất bại, sự sống trên Trái Đất sẽ lụi tàn theo ánh sáng cuối cùng của mặt trời. Giữa không gian vũ trụ cô độc và áp lực của thời gian đang cạn dần, mọi phép tính, mọi quyết định của anh đều gánh trên vai số phận của toàn nhân loại. Nhưng trong hành trình tưởng chừng chỉ có một mình giữa khoảng không vô tận ấy, một tình bạn bất ngờ với một sinh vật ngoài hành tinh đã xuất hiện. Và có lẽ, để cứu Trái Đất, anh sẽ không phải chiến đấu một mình.',111,'2026-03-20','Phil Lord, Christopher Miller','Ryan Gosling, Liz Kingsman, Milana Vayntrub, Sandra Hüller','Khoa Học Viễn Tưởng, Phiêu Lưu','Tiếng Anh - Phụ đề Tiếng Việt','https://iguov8nhvyobj.vcdn.cloud/media/catalog/product/cache/1/image/c5f0a1eff4c394a251036189ccddaacd/3/5/350x495-mary.jpg','https://www.youtube.com/embed/ZhyHDNbxfcY','P','now_showing','2026-03-08 18:19:49','2026-06-11 22:37:40',0),(15,'CHÚNG SẼ ĐOẠT MẠNG','Đến từ New Line Cinema và Nocturna, CHÚNG SẼ ĐOẠT MẠNG (tựa gốc: THEY WILL KILL YOU) là một tác phẩm kinh dị - hành động - hài hước đẫm máu và đầy kịch tính xoay quanh cuộc chiến sống còn của một người phụ nữ tại tòa nhà xa hoa The Virgil - hang ổ của một giáo phái ma quỷ. Khi màn đêm buông xuống, những cạm bẫy được giăng ra, kẻ không thể sống sót sẽ trở thành vật tế tiếp theo. Một trận chiến chết chóc mãn nhãn cùng phong cách hài đen đầy mê hoặc sẽ sớm bắt đầu trên màn ảnh rộng.',136,'2026-03-27','Kirill Sokolov','Zazie Beetz, Myha’La, Paterson Joseph, Tom Felton, Heather Graham, Patricia Arquette,...','Hài, Hành Động, Kinh Dị','Tiếng Anh – Phụ đề Tiếng Việt','https://iguov8nhvyobj.vcdn.cloud/media/catalog/product/cache/1/image/c5f0a1eff4c394a251036189ccddaacd/v/n/vn_twky_vert_main_2764x4096_intl.jpg','https://www.youtube.com/watch?v=N-_NK612uH8','P','now_showing','2026-03-08 18:21:24','2026-06-11 22:37:40',0),(16,'PHIM SHIN - CẬU BÉ BÚT CHÌ: QUẬY TUNG! VƯƠNG QUỐC NGUỆCH NGOẠC VÀ 4 DŨNG SĨ BẤT ỔN','Bộ phim xoay quanh một vương quốc lơ lửng mang tên Rakuga, tồn tại nhờ nguồn năng lượng đến từ những nét vẽ của con người. Nhưng khi thế giới loài người dần đánh mất sự sáng tạo, Rakuga đứng bên bờ sụp đổ. Giữa thời khắc hỗn loạn, Shin vô tình nắm giữ cây bút chì màu kỳ diệu – có thể biến mọi hình vẽ thành hiện thực. Từ những nét vẽ ngây ngô nhất, bốn “vị anh hùng bất ổn” ra đời, đồng hành cùng cậu trong chuyến phiêu lưu vừa hài hước vừa kịch tính. Khi ranh giới giữa tưởng tượng và thực tại bị xóa nhòa, Shin không chỉ chiến đấu để cứu một vương quốc, mà còn để bảo vệ điều quý giá nhất: khả năng mơ mộng và sáng tạo của trẻ em.',104,'2026-05-03','Masakazu Hashimoto',' Akiko Yajima Shin Yumiko Kobayashi, Miki Narahashi,Toshiyuki Morikawa','Hài, Hoạt hình, Gia đình','Tiếng Nhật - Phụ Đề Tiếng Việt','https://upload.wikimedia.org/wikipedia/en/8/8e/Rakuga_kingdom_poster.jpg','https://www.youtube.com/watch?v=-dTuXbxiNcc','P',NULL,'2026-05-13 15:24:07','2026-05-21 00:00:20',0),(17,'MORTAL KOMBAT: CUỘC CHIẾN SINH TỬ II (T18)','Hãng phim New Line Cinema, phần tiếp theo đầy kịch tính trong loạt phim bom tấn chuyển thể từ trò chơi điện tử đình đám – Mortal Kombat II – trở lại với tất cả sự tàn bạo vốn có. Lần này, những nhà vô địch được yêu thích – nay có sự góp mặt của chính Johnny Cage – sẽ đối đầu với nhau trong trận chiến đẫm máu, không khoan nhượng, nhằm đánh bại thế lực đen tối của Shao Kahn đang đe dọa đến sự tồn vong của Earthrealm và các chiến binh bảo vệ nó.',116,'2026-05-13',' Simon McQuoid',' Karl Urban, Adeline Rudolph, Jessica McNamee, Josh Lawson, Ludi Lin, Mehcad Brooks, Tati Gabrielle, Lewis Tan,..','Hành Động, Phiêu Lưu, Thần thoại',' Tiếng Anh - Phụ Đề Tiếng Việt','https://starlight.vn/Areas/Admin/Content/Fileuploads/images/POSTER2026/motal%20kombat.jpg','https://www.youtube.com/watch?v=_UYoxtVTKEI','P',NULL,'2026-05-13 15:39:07','2026-05-13 15:39:07',0),(18,'ĐỘI THÁM TỬ CỪU','Đội Thám Tử Cừu: Án Mạng Lúc Nửa Đêm, phim trinh thám mới nhất quy tụ dàn sao Hollywood bom tấn để cùng giải mã bí ẩn cái chết của một thợ chăn cừu. Khi George đột ngột bị sát hại tại trang trại, cảnh sát địa phương tỏ ra bất lực trong việc tìm hung thủ. Đàn cừu quyết định tự mình thực hiện cuộc điều tra, sử dụng những kiến thức đã học được để lật tẩy kẻ thủ ác và bảo vệ trang trại.',109,'2026-05-13',' Kyle Balda',' Hugh Jackman, Emma Thompson, Nicholas Braun, Nicholas Galitzine, Molly Gordon. Hong Chau, Tosin Cole, Kobna Holdbrook-Smith, Conleth Hill, Mandeep Dhillon, Bryan Cranston, Julia Louis-Dreyfus, Patrick Stewart','Hài, Hành động, Bí ẩn',' Tiếng Anh - Phụ Đề Tiếng Việt','https://dcine.vn/Areas/Admin/Content/Fileuploads/images/doithamtucuuPoster.jpg','https://www.youtube.com/watch?v=7wU_SB2HTaY','P',NULL,'2026-05-13 15:44:50','2026-05-13 15:44:50',0),(19,'MÈO SIÊU QUẬY Ở VIỆN BẢO TÀNG 2: ĐẠI NÁO KIM TỰ THÁP','Hai năm đã trôi qua kể từ khi bảo tàng Hermitage được giải cứu thành công, còn bức tranh Mona Lisa bị đánh cắp. Chú chuột Maurice vẫn luôn mơ mộng về những cuộc phiêu lưu mới, trong khi cặp đôi Vincent và Cleopatra đã có thêm hai chú mèo con hiếu động và cũng đang khao khát những chuyến hành trình đầy thú vị',90,'2026-05-13',' Vasiliy Rovenskiy',' Roman Kurtsyn, Snezhana Samokhina, Diomid Vinogradov,...','Hài, Hành động, Hoạt hình',' Tiếng Anh - Phụ Đề Tiếng Việt','https://iguov8nhvyobj.vcdn.cloud/media/catalog/product/cache/1/image/1800x/71252117777b696995f01934522c402d/p/o/poster_payoff_cats_in_the_museum.jpg','https://www.youtube.com/watch?v=gG5QWGk5ZF4','P',NULL,'2026-05-13 15:51:42','2026-05-13 15:51:42',0),(20,'THẨM MỸ VIỆN ÂM PHỦ','Bộ phim xoay quanh Thanh (Ngọc Trinh), một nữ bác sĩ trẻ dấn thân vào thẩm mỹ viện biệt lập và kỳ quái để tìm cách cứu người yêu đang hôn mê. Tại đây, cô được bà Xuân (Xuân Lan) - chủ cơ sở, dẫn dắt vào những ca phẫu thuật thay đổi diện mạo đầy bí ẩn và nhuốm màu tà thuật. Thanh dần phát hiện mình là vật hiến tế trong một nghi thức mang tên “đi thiếp”. Những hiện tượng siêu nhiên và cơn ác mộng liên tục xuất hiện, xóa nhòa ranh giới giữa sự sống và cái chết. Cô buộc phải đối mặt với thế lực hắc ám để giành lại quyền kiểm soát số phận của chính mình.',97,'2026-05-13','  Nguyễn Hữu Hoàng','','Kinh dị','Tiếng Việt','https://iguov8nhvyobj.vcdn.cloud/media/catalog/product/cache/1/image/c5f0a1eff4c394a251036189ccddaacd/4/7/470wx700h-tmv.jpg','https://www.youtube.com/embed/puIIHiE8OOE','T18','now_showing','2026-05-13 16:03:22','2026-05-21 01:17:03',0),(21,'LÚC ĐÓ TÔI ĐÃ CHUYỂN SINH THÀNH SLIME: NƯỚC MẮT ĐẠI DƯƠNG','Lúc đó tôi đã chuyển sinh thành Slime: Nước Mắt Đại Dương là phần phim điện ảnh thứ 2 thuộc franchise anime nổi tiếng Lúc đó tôi đã chuyển sinh thành Slime. Lấy bối cảnh sau Lễ hội Khai quốc Tempest, Rimuru cùng những người bạn đồng hành quyết định ghé thăm một khu nghỉ dưỡng sang trọng do Elmesia, người đứng đầu Đế chế Pháp Thuật Sarion, cai quản, để tận hưởng thời gian thư giãn hiếm hoi sau những biến cố. Tuy nhiên, chuyến nghỉ dưỡng nhanh chóng bị xáo trộn khi nhân vật bí ẩn tên Yura xuất hiện, kéo theo một chuỗi những sự kiện bí ẩn và mối nguy đang âm thầm trỗi dậy dưới đại dương.',105,'2026-05-20','Yasuhito Kikuchi','Miho Okasaki, Mao Ichimichi, Tomoaki Maeno, Makoto Furukawa, Sayaka Senbongi','Hoạt Hình','Tiếng Nhật - Phụ đề Tiếng Việt','https://media.lottecinemavn.com/Media/MovieFile/MovieImg/202604/12179_203_100001.jpg','https://www.youtube.com/watch?v=Ixu8jbrhqnU','P',NULL,'2026-05-20 12:21:11','2026-05-20 12:21:11',0),(22,'LÚC ĐÓ TÔI ĐÃ CHUYỂN SINH THÀNH SLIME: NƯỚC MẮT ĐẠI DƯƠNG','Lúc đó tôi đã chuyển sinh thành Slime: Nước Mắt Đại Dương là phần phim điện ảnh thứ 2 thuộc franchise anime nổi tiếng Lúc đó tôi đã chuyển sinh thành Slime. Lấy bối cảnh sau Lễ hội Khai quốc Tempest, Rimuru cùng những người bạn đồng hành quyết định ghé thăm một khu nghỉ dưỡng sang trọng do Elmesia, người đứng đầu Đế chế Pháp Thuật Sarion, cai quản, để tận hưởng thời gian thư giãn hiếm hoi sau những biến cố. Tuy nhiên, chuyến nghỉ dưỡng nhanh chóng bị xáo trộn khi nhân vật bí ẩn tên Yura xuất hiện, kéo theo một chuỗi những sự kiện bí ẩn và mối nguy đang âm thầm trỗi dậy dưới đại dương.',105,'2026-05-20','Yasuhito Kikuchi','Miho Okasaki, Mao Ichimichi, Tomoaki Maeno, Makoto Furukawa, Sayaka Senbongi','Hoạt Hình','Tiếng Nhật - Phụ đề Tiếng Việt','https://media.lottecinemavn.com/Media/MovieFile/MovieImg/202604/12179_203_100001.jpg','https://www.youtube.com/watch?v=Ixu8jbrhqnU','P',NULL,'2026-05-20 14:54:21','2026-05-20 14:55:17',1),(23,'test them phim','anc',222,'2026-05-21','teest','abc','Gia đình','Tiếng Anh','','','T13','now_showing','2026-05-21 21:32:14','2026-06-11 22:37:40',1),(24,'123','442tvgsdrwjkrh',11,'2026-05-23','124','2222e','Phiêu lưu','Tiếng Anh','ee','e','T13','now_showing','2026-05-23 11:14:55','2026-06-11 22:37:40',1),(25,'123','1',11,'2026-05-25','12','11','Phiêu lưu','Tiếng Anh','','','T13','now_showing','2026-05-25 11:02:08','2026-06-11 22:37:40',1),(26,'123','ê',133,'2026-05-31','1234','ê','Hành động','Tiếng Anh','','','T13','now_showing','2026-05-31 15:29:05','2026-06-11 22:37:40',1),(27,'ww','eww',-103,'2026-05-31','ư','','Gia đình','Tiếng Anh','e','e','T13','now_showing','2026-05-31 21:00:41','2026-06-11 22:37:40',1),(28,'','db',2,'2026-05-24','d','','Phiêu lưu','Tiếng Anh','','','T13','now_showing','2026-05-31 21:07:14','2026-06-11 22:37:40',1),(29,'','',140,'2026-05-15','Chayanop Boonprakob - Baz Poonpiriya - Atta Hemwadee','','','Tiếng Việt','','','T13','now_showing','2026-06-01 14:38:00','2026-06-11 22:37:40',1),(30,'1','',22,'2026-06-06','2','2','Tình cảm','Tiếng Anh','','','T13','now_showing','2026-06-05 02:01:59','2026-06-11 22:37:40',1);
/*!40000 ALTER TABLE `movies` ENABLE KEYS */;
UNLOCK TABLES;

--
-- Table structure for table `news`
--

DROP TABLE IF EXISTS `news`;
/*!40101 SET @saved_cs_client     = @@character_set_client */;
/*!50503 SET character_set_client = utf8mb4 */;
CREATE TABLE `news` (
  `id` int unsigned NOT NULL AUTO_INCREMENT,
  `title` varchar(1000) COLLATE utf8mb4_unicode_ci NOT NULL,
  `content` text CHARACTER SET utf8mb4 COLLATE utf8mb4_unicode_ci NOT NULL,
  `image_url` varchar(2000) COLLATE utf8mb4_unicode_ci DEFAULT NULL,
  `create_at` datetime DEFAULT NULL,
  `update_at` datetime DEFAULT NULL,
  `is_deleted` tinyint(1) DEFAULT '0',
  PRIMARY KEY (`id`)
) ENGINE=InnoDB AUTO_INCREMENT=16 DEFAULT CHARSET=utf8mb4 COLLATE=utf8mb4_unicode_ci;
/*!40101 SET character_set_client = @saved_cs_client */;

--
-- Dumping data for table `news`
--

LOCK TABLES `news` WRITE;
/*!40000 ALTER TABLE `news` DISABLE KEYS */;
INSERT INTO `news` VALUES (1,'Nhận mã giảm giá 20% nhân ngày mùng 8/3','Nhận mã giảm giá 20% nhân ngày mùng 8/3','https://th.bing.com/th/id/OIP.7kc5p4BCZKdq65yiZ0-cWAHaHa?w=181&h=180&c=7&r=0&o=7&dpr=2&pid=1.7&rm=3','2026-03-09 00:20:34','2026-03-09 00:20:34',0),(2,'CHƯƠNG TRÌNH CÔ DÂU THE BRIDE & CHÚ RỂ FRANKENSTEIN TẶNG HOA NHÂN NGÀY QUỐC TẾ PHỤ NỮ 8/3','1. Thời gian và địa điểm áp dụng\n\n- Thời gian: 07/03/2026 – 08/03/2026\n\n- Khung giờ: 18:00 – 21:00\n\n- Địa điểm:\n\n+ TP. HCM: CGV Sư Vạn Hạnh\n\n+ HÀ NỘI: CGV Vincom Royal City\n\n\n2. Thời gian và địa điểm áp dụng\n\n- Trong khung giờ diễn ra chương trình, 02 người hóa trang thành nhân vật Cô Dâu và Frankenstein (hoặc nhân viên của đơn vị tổ chức) sẽ xuất hiện tại khu vực sảnh rạp để giao lưu và chụp hình cùng khách.\n\n- Người hóa trang sẽ phát ngẫu nhiên hoa hồng (được bọc trong giấy gói đen và có thẻ ghi chú thông tin về ngày khởi chiếu & QR code dẫn đến trailer phim) cho các khách hàng nữ có mặt tại sảnh rạp, nhằm hưởng ứng Ngày Quốc Tế Phụ Nữ 8/3.\n\n- Lưu ý: sự kiện có chụp ảnh/ghi hình.\n\n\n3. Cơ chế tham gia\n\n- Không yêu cầu mua vé.\n\n- Không yêu cầu xuất trình vé hoặc đăng ký trước.\n\n- Quà tặng được phát ngẫu nhiên cho khách (ưu tiên khách hàng nữ hoặc các nhóm có bạn nữ đi chung) có mặt tại sảnh trong thời gian chạy hoạt động.\n\n- Mỗi khách nhận tối đa 01 bông hoa, tùy theo số lượng quà thực tế.\n\n\n4. Trách nhiệm triển khai\n\n- Chương trình do đơn vị sản xuất/đối tác phụ trách tổ chức và vận hành.\n\n- Rạp chỉ hỗ trợ về mặt địa điểm theo phạm vi cho phép và phối hợp đảm bảo hoạt động không ảnh hưởng đến vận hành chung.\n\n- Rạp không chịu trách nhiệm phát quà hoặc xử lý khiếu nại liên quan đến quà tặng của chương trình.\n\n\n5. Lưu ý\n\n- Hoạt động chỉ diễn ra tại khu vực sảnh rạp và trong đúng khung giờ nêu trên.\n\n- Số lượng quà có hạn và có thể kết thúc sớm khi phát hết.\n\n','https://iguov8nhvyobj.vcdn.cloud/media/wysiwyg/2026/022026/350x495_36_.jpg','2026-03-09 00:21:16','2026-03-09 00:21:16',0),(3,'SELF LOVE: YÊU MÌNH MỘT CHÚT!!!','Trong tháng 3 này, CGVxCoca-Cola mang đến một món quà với thông điệp yêu thương.\n\nSelf-love - không dành riêng cho ai, không cần lý do đặc biệt, chỉ đơn giản là:\n\nChọn bộ phim mình thích mà không cần chờ ai rủ.\n\nTự thưởng một combo bắp nước thật “đã”.\n\nTặng cho bản thân một món quà nhỏ nhưng đầy ý nghĩa.\n\n\nTẶNG TÚI TOTE “SELF LOVE”\n\nKhi mua hóa đơn bắp nước trị giá từ 219.000đ\n\n(bao gồm ít nhất 01 sản phẩm Coca-Cola)\n\n\n1. Áp dụng:  từ ngày 28/02/2026 đến 15/03/2026, tại tất cả các cụm rạp CGV trên toàn quốc.\n\n\n2. Điều kiện và điều khoản:\n\n- Chỉ áp dụng cho các giao dịch mua bắp nước trị giá từ 219.000đ, từ ngày 28/02/2026 đến hết ngày 15/03/2026\n\n- Hóa đơn mua bắp nước phải có ít nhất 01 sản phẩm Coca-cola thì hợp lệ\n\n- Không áp dụng cho giao dịch mua CGV TẾT BOTTLE COMBO – Bình Xuân Bính Ngọ\n\n- Áp dụng cho giao dịch online và offline tại tất cả cụm rạp CGV.\n\n- Khách hàng mua giao dịch tại rạp nào , nhận quà tặng tại rạp đó và nhận cùng thời điểm nhận bắp nước\n\n- Được áp dụng lũy tiến và áp dụng đồng thời với các chương trình khuyến mãi khác .\n\n- Không áp dụng tách hoặc gộp giá trị hóa đơn dưới mọi hình thức\n\n- Không áp dụng chương trình cho các hình thức thanh toán giao dịch bằng CGVian hoặc CJ Membership.\n\n- Số lượng quà tặng có giới hạn , chương trình có thể kết thúc sớm ngay khi hết hàng\n\n','https://iguov8nhvyobj.vcdn.cloud/media/wysiwyg/2026/022026/SELF_LOVE_N_O_350x495.png','2026-03-09 00:22:18','2026-03-09 00:22:18',0),(4,'HOPPERS COMBO','Chiếc ly lấy cảm hứng từ siêu phẩm hoạt hình mới nhất, vui nhộn nhất của nhà DISNEY/ PIXAR – HOPPERS, chính thức ra mắt tại CGV!\n\n- Thiết kế ly 2 lớp trong suốt độc đáo, nổi bật với tone vàng cực bắt mắt.\n\n- Phần nắp cầu trong suốt kèm figure nhân vật Mable dễ thương sống động\n\n- Phần đế ly có thêm nhân vật Thằn lằn Tom bên trong, tạo hình 3D cực xịn.\n\n- Dung tích: 16oz\n\n- Chất liệu: Nhựa PP bền, nhẹ, không BPA an toàn khi sử dụng thực phẩm, nắp kín kèm ống hút.\n\n\nThông tin sản phẩm:\n\nMở bán từ ngày 06/03/2026 - Online & Offline tại các cụm rạp CGV trên toàn quốc.\n\n\nHOPPERS COMBO – 259.000Đ\n\n01 Ly Hoppers\n\n01 Bắp ngọt & 01 Coca-Cola\n\n\nHOPPERS FAMILY COMBO – 499.000Đ\n\n02 Ly Hoppers\n\n02 Bắp ngọt & 02 Coca-Cola\n\n\nMua trực tiếp tại rạp hoặc đặt mua tại CGV Store/ mua cùng lúc với vé online trên ứng dụng CGV Cinemas.','https://iguov8nhvyobj.vcdn.cloud/media/wysiwyg/2026/022026/HOPPERS_N_O_350x495.jpg','2026-03-09 00:22:56','2026-03-09 00:22:56',0),(5,'CÙNG FUZE TEA BẮT TRỌN TỪNG KHOẢNH KHẮC','1. NỘI DUNG CHƯƠNG TRÌNH\n\n- Khách hàng mua từ 01 Combo bắp nước bất kì từ 149.000Đ bao gòm 01 Fuzetea 22Oz, nhận ngay 01 lượt chụp/in ảnh tại photobooth CGV de Photo\n\n\n2. THỜI GIAN DIỄN RA CHƯƠNG TRÌNH:\n\n- Áp dụng cho các giao dịch được thực hiện từ 18/07/2025 – cho đến khi có thông báo mới\n\n\n3. ĐỊA ĐIỂM ÁP DỤNG:\n\nÁp dụng cho các cụm rạp:\n\n- CGV Vivo City\n\n\n4. ĐIỀU KIỆN VÀ ĐIỀU KHOẢN:\n\n- Áp dụng cho khách hàng mua từ 01 Combo bắp nước bất kì từ 149.000Đ bao gòm 01 Fuzetea 22Oz\n\n- Áp dụng cho các giao dịch được thực hiện từ 18/07/2025 – cho đến khi có thông báo mới.\n\n- Khách hàng nhận lượt chụp hoặc in ảnh tại thời điểm hoàn thành giao dịch mua bắp nước. Coupon có giá trị trong ngày.\n\n- Được áp dụng tích luỹ trong cùng 1 giao dịch, ví dụ mua 01 Combo bắp nước bất kì từ 149.000Đ bao gồm 01 Fuzetea 22Oz nhận được 01 lượt chụp/in, 02 Combo bắp nước bất kì từ 149.000Đ bao gồm 01 Fuzetea 22Oz nhận được 02 lượt chụp/in,... .Không được gộp vé để áp dụng chương trình.\n\n- Mỗi giao dịch hợp lệ chỉ được áp dụng nhận quà 1 lần.\n\n- Không giới hạn số lượt tham gia của khách hàng nếu khách có giao dịch thoả điều kiện.\n\n- Số lượng phần quà có hạn, chương trình có thể kết thúc trước thời hạn nếu đã hết số lượng quà tặng.\n\n\n5. KHÔNG ÁP DỤNG:\n\n- CGVian, CJ Membership.\n\n- Sử dụng điểm thưởng CGV quy đổi thành vé 0Đ.\n\n- Không áp dụng đồng thời các CTKM khác.\n\n\n6. HƯỚNG DẪN SỬ DỤNG COUPON THANH TOÁN TẠI PHOTOBOOTH – CGV de Photo.\n\nTại màn hình thanh toán:\n\n- Chọn hình thức thanh toán: Coupon\n\n- Nhập mã/ Scan số Coupon bên dưới\n\n- Chọn Thanh toán và tiếp tục chụp/in hình','https://iguov8nhvyobj.vcdn.cloud/media/wysiwyg/2025/072025/2025_PTB_Fuze_Tea_AW_N_O_350x495.png','2026-03-09 00:24:09','2026-03-09 00:24:09',0),(6,'BẮP LẮC MASITA','1. Thời gian mở bán: Từ ngày 15.03.2025.\n\n\n2. Thông tin sản phẩm:\n\n\nLần đầu tiên tại CGV, sự kết hợp hoàn toàn mới giữa bắp thơm lừng và snack_Combo nhân đôi sự giòn tan chắc chắn sẽ khiến các tín đồ ăn vặt không thể bỏ lỡ.\n\n\n3. Danh sách cụm rạp mở bán: Sản phẩm được bán tại các cụm rạp trên toàn quốc.\n\n','https://iguov8nhvyobj.vcdn.cloud/media/wysiwyg/2025/032025/Masita_N_O_350x495.png','2026-03-09 00:24:55','2026-03-09 00:24:55',0),(7,'jhhdhdhdhjjj','1333','https://i1-kinhdoanh.vnecdn.net/2026/04/13/aeon-hue-1776048721-6182-1776048816.jpg?w=680&h=0&q=100&dpr=2&fit=crop&s=ohSnOTPvUrrYXPeymu51Ug','2026-05-23 11:18:46','2026-05-23 11:18:46',0),(8,'test tin tức','sss','https://i1-kinhdoanh.vnecdn.net/2026/04/13/aeon-hue-1776048721-6182-1776048816.jpg?w=680&h=0&q=100&dpr=2&fit=crop&s=ohSnOTPvUrrYXPeymu51Ug','2026-05-23 23:09:34','2026-05-23 23:09:34',0),(9,'test','1234567890','https://i1-kinhdoanh.vnecdn.net/2026/04/13/aeon-hue-1776048721-6182-1776048816.jpg?w=680&h=0&q=100&dpr=2&fit=crop&s=ohSnOTPvUrrYXPeymu51Ug','2026-05-23 23:15:33','2026-05-23 23:15:33',0),(10,'1222','123','https://www.bing.com/th/id/OIP.SWPK7Xf1HITPIPtNbrM6egHaEo?w=193&h=135&c=8&rs=1&qlt=90&o=6&dpr=2&pid=3.1&rm=2','2026-05-31 12:01:21','2026-05-31 12:01:21',0),(11,'Spider man','<span style=\"display:none\">[Review phim]</span>s','https://placehold.co/640x360/1a1a2e/e5b85c?text=CinemaBook','2026-05-31 12:07:41','2026-05-31 14:03:14',0),(12,'Piece, Naruto hay Doraemon không chỉ là những anime nổi tiếng mà còn trở thành một phần văn hóa Nhật Bản','<span style=\"display:none\">[Tin tức]</span>Doraemon, Dragon Ball và các tượng đài anime được dự đoán vẫn tồn tại sau 50 năm','https://img-s-msn-com.akamaized.net/tenant/amp/entityid/AA244Pn3.img?w=768&h=432&m=6','2026-05-31 12:43:12','2026-05-31 14:03:28',0),(13,'<span style=\"display:none\">[Khuyến mãi]</span>fdgshsswshhhttff','12455','https://i1-kinhdoanh.vnecdn.net/2026/04/13/aeon-hue-1776048721-6182-1776048816.jpg?w=680&h=0&q=100&dpr=2&fit=crop&s=ohSnOTPvUrrYXPeymu51Ug','2026-06-03 17:16:12','2026-06-03 17:16:12',0),(14,'<span style=\"display:none\">[Khuyến mãi]</span>11','11111','https://placehold.co/640x360/1a1a2e/e5b85c?text=CinemaBook','2026-06-03 17:20:57','2026-06-03 17:20:57',0),(15,'Phim “Mưa đỏ” đối đầu “Tử chiến trên không”','<span style=\"display:none\">[Tin tức]</span>Dân trí - Hai bộ phim Việt ăn khách nhất 2025 đến từ Điện ảnh Quân đội Nhân dân và Điện ảnh Công an Nhân dân, sẽ cùng tranh giải tại Liên hoan phim châu Á Đà Nẵng lần thứ IV (DANAFF IV).Thông tin được Ban tổ chức DANAFF IV công bố tại cuộc họp báo ngày 3/6.','https://cdnphoto.dantri.com.vn/9AjmNpjcX4L_QYFdFqEslSn4yrw=/thumb_w/1360/2026/06/03/steven-nguyen-cropped-1780499426440.jpg','2026-06-04 16:08:58','2026-06-04 16:14:02',0);
/*!40000 ALTER TABLE `news` ENABLE KEYS */;
UNLOCK TABLES;

--
-- Table structure for table `password_resets`
--

DROP TABLE IF EXISTS `password_resets`;
/*!40101 SET @saved_cs_client     = @@character_set_client */;
/*!50503 SET character_set_client = utf8mb4 */;
CREATE TABLE `password_resets` (
  `id` int unsigned NOT NULL AUTO_INCREMENT,
  `email` varchar(50) CHARACTER SET utf8mb4 COLLATE utf8mb4_unicode_ci NOT NULL,
  `token` varchar(255) CHARACTER SET utf8mb4 COLLATE utf8mb4_unicode_ci NOT NULL,
  `expires_at` datetime NOT NULL,
  `created_at` datetime NOT NULL DEFAULT CURRENT_TIMESTAMP,
  PRIMARY KEY (`id`),
  KEY `password_resets_email_idx` (`email`),
  KEY `password_resets_token_idx` (`token`),
  KEY `password_resets_expires_at_idx` (`expires_at`)
) ENGINE=InnoDB AUTO_INCREMENT=2 DEFAULT CHARSET=utf8mb4 COLLATE=utf8mb4_unicode_ci;
/*!40101 SET character_set_client = @saved_cs_client */;

--
-- Dumping data for table `password_resets`
--

LOCK TABLES `password_resets` WRITE;
/*!40000 ALTER TABLE `password_resets` DISABLE KEYS */;
/*!40000 ALTER TABLE `password_resets` ENABLE KEYS */;
UNLOCK TABLES;

--
-- Table structure for table `products`
--

DROP TABLE IF EXISTS `products`;
/*!40101 SET @saved_cs_client     = @@character_set_client */;
/*!50503 SET character_set_client = utf8mb4 */;
CREATE TABLE `products` (
  `id` int unsigned NOT NULL AUTO_INCREMENT,
  `product_name` varchar(100) CHARACTER SET utf8mb4 COLLATE utf8mb4_unicode_ci NOT NULL,
  `category` varchar(255) COLLATE utf8mb4_unicode_ci NOT NULL,
  `description` varchar(255) COLLATE utf8mb4_unicode_ci DEFAULT NULL,
  `price` decimal(10,2) NOT NULL,
  `image_url` varchar(255) CHARACTER SET utf8mb4 COLLATE utf8mb4_unicode_ci DEFAULT NULL,
  `create_at` datetime DEFAULT NULL,
  `is_deleted` tinyint(1) DEFAULT '0',
  PRIMARY KEY (`id`)
) ENGINE=InnoDB AUTO_INCREMENT=22 DEFAULT CHARSET=utf8mb4 COLLATE=utf8mb4_unicode_ci;
/*!40101 SET character_set_client = @saved_cs_client */;

--
-- Dumping data for table `products`
--

LOCK TABLES `products` WRITE;
/*!40000 ALTER TABLE `products` DISABLE KEYS */;
INSERT INTO `products` VALUES (1,'Bắp rang bơ','food','Bắp rang bơ size M',50000.00,'https://th.bing.com/th/id/OIP.PB0IdzyOVT0mIuaAOtILaAHaLH?w=115&h=180&c=7&r=0&o=7&dpr=2&pid=1.7&rm=3','2026-03-09 01:04:57',0),(2,'Coca Cola','drink','Nước ngọt Coca 22oz',30000.00,'https://th.bing.com/th/id/OIP.rqYa_H1QuL_A0mH-jRbWaQHaHa?w=158&h=180&c=7&r=0&o=7&dpr=2&pid=1.7&rm=3','2026-03-09 01:04:57',0),(3,'Combo Couple','combo','Bắp + 2 nước',90000.00,'https://th.bing.com/th/id/OIP.EUQdTNofOTzR0Wsr8ZPVugHaIB?w=168&h=182&c=7&r=0&o=7&dpr=2&pid=1.7&rm=3','2026-03-09 01:04:57',0),(4,'coco','food','q211',300000.00,'gfgfff','2026-05-25 11:06:56',1),(7,'Bắp Rang Ngọt (Size M)','Bắp Rang','Bắp rang vị caramel truyền thống thơm ngọt, size vừa',60000.00,'https://images.unsplash.com/photo-1578849278619-e73505e9610f?q=80&w=500','2026-06-11 23:03:42',0),(8,'Bắp Rang Ngọt (Size L)','Bắp Rang','Bắp rang vị caramel truyền thống thơm ngọt, size lớn',75000.00,'https://images.unsplash.com/photo-1513442542250-854d436a73f2?q=80&w=500','2026-06-11 23:03:42',0),(9,'Bắp Rang Phô Mai (Size M)','Bắp Rang','Bắp rang lắc bột phô mai đậm đà, size vừa',69000.00,'https://images.unsplash.com/photo-1585647347483-22b66260dfff?q=80&w=500','2026-06-11 23:03:42',0),(10,'Bắp Rang Phô Mai (Size L)','Bắp Rang','Bắp rang lắc bột phô mai đậm đà, size lớn',84000.00,'https://images.unsplash.com/photo-1621263764928-df1444c5e859?q=80&w=500','2026-06-11 23:03:42',0),(11,'Bắp Rang Vị Lẩu Thái (Size L)','Bắp Rang','Bắp rang vị lẩu Thái chua cay đặc biệt, giới hạn',89000.00,'https://images.unsplash.com/photo-1505686994434-e3cc5abf1330?q=80&w=500','2026-06-11 23:03:42',0),(12,'Nước Ngọt Pepsi (Size M)','Nước Uống','Nước có ga Pepsi mát lạnh, size vừa',40000.00,'https://images.unsplash.com/photo-1629203851122-3726ecdf080e?q=80&w=500','2026-06-11 23:03:42',0),(13,'Nước Ngọt Pepsi (Size L)','Nước Uống','Nước có ga Pepsi mát lạnh, size lớn',50000.00,'https://images.unsplash.com/photo-1551024739-78e9d3e2451b?q=80&w=500','2026-06-11 23:03:42',0),(14,'Nước Ngọt Coca-Cola (Size L)','Nước Uống','Nước có ga Coca-Cola chính hiệu, size lớn',50000.00,'https://images.unsplash.com/photo-1622483767028-3f66f32aef97?q=80&w=500','2026-06-11 23:03:42',0),(15,'Trà Đào Hạt Chia','Nước Uống','Trà đào thanh mát kèm hạt chia giải nhiệt',55000.00,'https://images.unsplash.com/photo-1556679343-c7306c1976bc?q=80&w=500','2026-06-11 23:03:42',0),(16,'Nước Suối Dasani 500ml','Nước Uống','Nước uống đóng chai tinh khiết',25000.00,'https://images.unsplash.com/photo-1608885898957-a599fb1698d6?q=80&w=500','2026-06-11 23:03:42',0),(17,'Snack Khoai Tây LayS','Thức Ăn Nhẹ','Khoai tây chiên lát vị tự nhiên',35000.00,'https://images.unsplash.com/photo-1566478431344-78af8bf6cffe?q=80&w=500','2026-06-11 23:03:42',0),(18,'Xúc Xích Nướng Lốc Xoáy','Thức Ăn Nhẹ','Xúc xích heo nướng ăn kèm tương ớt',45000.00,'https://images.unsplash.com/photo-1541048611025-a4ee3435198a?q=80&w=500','2026-06-11 23:03:42',0),(19,'Combo Đơn (Solo Combo)','Combo','1 Bắp lớn (Vị ngọt/mặn) + 1 Nước lớn tự chọn',115000.00,'https://images.unsplash.com/photo-1593085512500-5d55148d6f0d?q=80&w=500','2026-06-11 23:03:42',0),(20,'Combo Đôi (Couple Combo)','Combo','1 Bắp lớn (Vị ngọt/mặn) + 2 Nước lớn tự chọn',155000.00,'https://images.unsplash.com/photo-1512621776951-a57141f2eefd?q=80&w=500','2026-06-11 23:03:42',0),(21,'Combo Gia Đình (Family Party)','Combo','2 Bắp lớn tự chọn vị + 3 Nước lớn + 1 Snack',260000.00,'https://images.unsplash.com/photo-1536440136628-849c177e76a1?q=80&w=500','2026-06-11 23:03:42',0);
/*!40000 ALTER TABLE `products` ENABLE KEYS */;
UNLOCK TABLES;

--
-- Table structure for table `promotions`
--

DROP TABLE IF EXISTS `promotions`;
/*!40101 SET @saved_cs_client     = @@character_set_client */;
/*!50503 SET character_set_client = utf8mb4 */;
CREATE TABLE `promotions` (
  `id` int unsigned NOT NULL AUTO_INCREMENT,
  `promotion_code` varchar(50) CHARACTER SET utf8mb4 COLLATE utf8mb4_unicode_ci NOT NULL,
  `promotion_name` varchar(200) CHARACTER SET utf8mb4 COLLATE utf8mb4_unicode_ci NOT NULL,
  `description` varchar(255) COLLATE utf8mb4_unicode_ci DEFAULT NULL,
  `discount_type` varchar(255) COLLATE utf8mb4_unicode_ci DEFAULT NULL,
  `discount_value` decimal(10,2) NOT NULL,
  `max_discount_amount` decimal(10,2) DEFAULT NULL,
  `min_order_amount` decimal(10,2) NOT NULL DEFAULT '0.00',
  `usage_limit` int unsigned DEFAULT NULL,
  `usage_count` int unsigned NOT NULL DEFAULT '0',
  `usage_per_user` int unsigned NOT NULL DEFAULT '1',
  `start_date` datetime NOT NULL,
  `end_date` datetime NOT NULL,
  `applicable_days` varchar(50) CHARACTER SET utf8mb4 COLLATE utf8mb4_unicode_ci DEFAULT NULL,
  `applicable_movies` varchar(255) COLLATE utf8mb4_unicode_ci DEFAULT NULL,
  `applicable_cinemas` varchar(255) COLLATE utf8mb4_unicode_ci DEFAULT NULL,
  `status` varchar(255) COLLATE utf8mb4_unicode_ci DEFAULT NULL,
  `image_url` varchar(255) CHARACTER SET utf8mb4 COLLATE utf8mb4_unicode_ci DEFAULT NULL,
  `create_at` datetime DEFAULT CURRENT_TIMESTAMP,
  `update_at` datetime DEFAULT NULL,
  `is_deleted` tinyint(1) DEFAULT '0',
  `required_rank` varchar(50) COLLATE utf8mb4_unicode_ci DEFAULT NULL,
  `required_points` int DEFAULT NULL,
  PRIMARY KEY (`id`),
  UNIQUE KEY `promotions_promotion_code_key` (`promotion_code`),
  KEY `idx_promotion_code` (`promotion_code`),
  KEY `idx_promotion_status` (`status`),
  KEY `idx_promotion_dates` (`start_date`,`end_date`)
) ENGINE=InnoDB AUTO_INCREMENT=37 DEFAULT CHARSET=utf8mb4 COLLATE=utf8mb4_unicode_ci;
/*!40101 SET character_set_client = @saved_cs_client */;

--
-- Dumping data for table `promotions`
--

LOCK TABLES `promotions` WRITE;
/*!40000 ALTER TABLE `promotions` DISABLE KEYS */;
INSERT INTO `promotions` VALUES (1,'CGV08032026','Khuyến mại gày 8/3','Nhân ngày 8/3 hệ thống tặng mã giảm giá 20%','percentage',20.00,40000.00,0.00,10,0,1,'2026-03-07 17:01:00','2026-03-15 16:59:00','0,6,3,2,1,4,5',NULL,NULL,'active','https://th.bing.com/th/id/OIP.7kc5p4BCZKdq65yiZ0-cWAHaHa?w=181&h=180&c=7&r=0&o=7&dpr=2&pid=1.7&rm=3','2026-03-09 00:09:40',NULL,0,NULL,NULL),(2,'CGV8386','Khuyến mại','khuyến mại','percentage',10.00,19999.98,0.00,5,0,1,'2026-02-13 00:00:00','2026-03-06 00:00:00','1,2,3,4,5,6,0','','','inactive','','2026-03-09 00:11:38','2026-06-02 15:47:25',0,NULL,NULL),(3,'TEST123','test','C1Aoroor','percentage',20.00,25000.00,10000.00,24,0,1,'0027-11-16 00:00:00','0032-11-15 00:00:00','','','','inactive','','2026-05-22 08:57:03','2026-05-22 09:38:43',1,NULL,NULL),(4,'VOUCHER2020','test voucher','test','percentage',20.00,40000.00,10000.00,20,0,1,'0035-11-16 00:00:00','0035-12-17 00:00:00','','','','active','','2026-05-31 16:13:49','2026-06-02 18:20:44',1,NULL,NULL),(5,'A123','aaa','aa','percentage',20.00,0.00,0.00,100,0,1,'0036-11-15 00:00:00','0006-11-16 00:00:00','','','','active','','2026-05-31 17:39:31','2026-06-02 18:20:40',1,NULL,NULL),(7,'123','123','tt','fixed_amount',2000.00,0.00,5.00,5,0,15,'0007-12-17 00:00:00','0008-12-16 00:00:00','','','','active','t','2026-06-02 18:15:26','2026-06-02 18:20:33',1,NULL,NULL),(8,'12','12222','','percentage',33.00,3.00,3.00,3,0,1,'2026-06-02 00:00:00','2026-06-12 00:00:00','','','','active','','2026-06-02 18:20:26','2026-06-02 21:22:34',0,NULL,NULL),(9,'CDTN1234','CDTN','Chúc may mắn','percentage',50.00,100000.00,0.00,100,0,1,'2026-06-02 00:00:00','2026-06-30 00:00:00','','','','active','','2026-06-02 18:27:19','2026-06-02 18:27:19',0,NULL,NULL),(10,'VANG','test vàng','123','percentage',40.00,50000.00,0.00,20,0,1,'2026-06-02 00:00:00','2026-06-25 00:00:00','','','','active','111','2026-06-02 22:51:10','2026-06-02 22:51:10',0,'all',NULL),(11,'ALL','test all','123','percentage',30.00,40000.00,10000.00,30,0,1,'2026-06-02 00:00:00','2026-06-30 00:00:00','','','','active','123','2026-06-02 22:55:19','2026-06-02 22:55:19',0,'all',NULL),(12,'ĐỒNG','test đồng','','percentage',40.00,40000.00,10000.00,20,0,1,'2026-06-02 00:00:00','2026-06-28 00:00:00','','','','active','','2026-06-02 23:13:45','2026-06-02 23:31:51',0,'all',10),(13,'QQQ','qqq','','percentage',22.00,50000.00,5000.00,50,0,1,'2026-06-02 00:00:00','2026-06-30 00:00:00','','','','active','','2026-06-02 23:31:39','2026-06-02 23:31:39',0,'bronze',80),(14,'128','cdtn12345','','percentage',50.00,40000.00,100000.00,2,0,1,'2026-06-03 00:00:00','2026-06-04 00:00:00','','','','active','','2026-06-03 14:32:48','2026-06-03 14:32:48',0,'all',10),(15,'CGV20K','Giảm Ngay 20K','Giảm trực tiếp 20.000đ cho mọi đơn hàng','fixed_amount',20000.00,20000.00,80000.00,200,0,1,'2026-06-10 00:00:00','2026-06-30 23:59:59',NULL,NULL,NULL,'active','','2026-06-11 22:53:36',NULL,0,'all',NULL),(16,'CGV30K','Ưu Đãi Giữa Tháng 30K','Giảm trực tiếp 30.000đ cho đơn từ 100k','fixed_amount',30000.00,30000.00,100000.00,150,0,1,'2026-06-10 00:00:00','2026-06-30 23:59:59',NULL,NULL,NULL,'active','','2026-06-11 22:53:36',NULL,0,'all',NULL),(17,'SUMMER50K','Chào Hè Rực Rỡ 50K','Giảm 50.000đ cho hóa đơn mua vé lớn','fixed_amount',50000.00,50000.00,150000.00,100,0,1,'2026-06-10 00:00:00','2026-06-30 23:59:59',NULL,NULL,NULL,'active','','2026-06-11 22:53:36',NULL,0,'all',NULL),(18,'WEEKEND70K','Cuối Tuần Bùng Nổ 70K','Giảm 70.000đ khi đi xem phim cuối tuần','fixed_amount',70000.00,70000.00,200000.00,80,0,1,'2026-06-10 00:00:00','2026-06-30 23:59:59',NULL,NULL,NULL,'active','','2026-06-11 22:53:36',NULL,0,'all',NULL),(19,'CINEHOT35K','Vé Hot Giá Hời 35K','Giảm ngay 35.000đ trải nghiệm phim mới','fixed_amount',35000.00,35000.00,120000.00,120,0,1,'2026-06-10 00:00:00','2026-06-30 23:59:59',NULL,NULL,NULL,'active','','2026-06-11 22:53:36',NULL,0,'all',NULL),(20,'BAPNUOC15K','Giảm Giá Bắp Nước 15K','Ưu đãi đặc biệt khi mua kèm Combo bắp nước','fixed_amount',15000.00,15000.00,50000.00,300,0,1,'2026-06-10 00:00:00','2026-06-30 23:59:59',NULL,NULL,NULL,'active','','2026-06-11 22:53:36',NULL,0,'all',NULL),(21,'COMBO45K','Tiệc Phim Combo 45K','Giảm 45.000đ cho đơn hàng đặt vé kèm combo','fixed_amount',45000.00,45000.00,160000.00,90,0,1,'2026-06-10 00:00:00','2026-06-30 23:59:59',NULL,NULL,NULL,'active','','2026-06-11 22:53:36',NULL,0,'all',NULL),(22,'NIGHT60K','Suất Chiếu Muộn 60K','Giảm 60.000đ cho các suất chiếu sau 21h','fixed_amount',60000.00,60000.00,180000.00,70,0,1,'2026-06-10 00:00:00','2026-06-30 23:59:59',NULL,NULL,NULL,'active','','2026-06-11 22:53:36',NULL,0,'all',NULL),(23,'JUNE10','Ưu Đãi Tháng 6 Giảm 10%','Giảm 10% tổng hóa đơn đặt vé','percentage',10.00,30000.00,80000.00,500,0,1,'2026-06-10 00:00:00','2026-06-30 23:59:59',NULL,NULL,NULL,'active','','2026-06-11 22:53:36',NULL,0,'all',NULL),(24,'MOVIE15','Mê Phim Chiếu Rạp Giảm 15%','Giảm 15% tối đa 45k cho người dùng app','percentage',15.00,45000.00,100000.00,400,0,1,'2026-06-10 00:00:00','2026-06-30 23:59:59',NULL,NULL,NULL,'active','','2026-06-11 22:53:36',NULL,0,'all',NULL),(25,'CHILL20','Cuối Tuần Thư Giãn Giảm 20%','Giảm 20% tối đa 60k khi đặt vé đôi','percentage',20.00,60000.00,150000.00,300,0,1,'2026-06-10 00:00:00','2026-06-30 23:59:59',NULL,NULL,NULL,'active','','2026-06-11 22:53:36',NULL,0,'all',NULL),(26,'SUPER30','Đại Tiệc Bom Tấn Giảm 30%','Giảm siêu khủng 30% tối đa 90k','percentage',30.00,90000.00,250000.00,100,0,1,'2026-06-10 00:00:00','2026-06-30 23:59:59',NULL,NULL,NULL,'active','','2026-06-11 22:53:36',NULL,0,'all',NULL),(27,'FLASH50','Giờ Vàng Giá Sốc Giảm 50%','Mã giảm hot 50% giới hạn số lượng','percentage',50.00,100000.00,200000.00,50,0,1,'2026-06-10 00:00:00','2026-06-30 23:59:59',NULL,NULL,NULL,'active','','2026-06-11 22:53:36',NULL,0,'all',NULL),(28,'STUDENT12','Học Sinh Sinh Viên Giảm 12%','Ưu đãi dành riêng cho thẻ HSSV','percentage',12.00,25000.00,70000.00,600,0,1,'2026-06-10 00:00:00','2026-06-30 23:59:59',NULL,NULL,NULL,'active','','2026-06-11 22:53:36',NULL,0,'all',NULL),(29,'APPONLY22','Đặt Vé Qua App Giảm 22%','Ưu đãi độc quyền trên ứng dụng di động','percentage',22.00,65000.00,140000.00,150,0,1,'2026-06-10 00:00:00','2026-06-30 23:59:59',NULL,NULL,NULL,'active','','2026-06-11 22:53:36',NULL,0,'all',NULL),(30,'LASTCHANCE','Cơ Hội Cuối Tháng Giảm 40%','Xả mã giảm giá lớn cuối tháng 6','percentage',40.00,80000.00,150000.00,80,0,1,'2026-06-10 00:00:00','2026-06-30 23:59:59',NULL,NULL,NULL,'active','','2026-06-11 22:53:36',NULL,0,'all',NULL),(31,'SILVER40K','Ưu Đãi Thành Viên Bạc','Tặng riêng thành viên hạng Bạc 40k','fixed_amount',40000.00,40000.00,100000.00,100,0,1,'2026-06-10 00:00:00','2026-06-30 23:59:59',NULL,NULL,NULL,'active','','2026-06-11 22:53:36',NULL,0,'silver',NULL),(32,'SILVER25','Thành Viên Bạc Giảm 25%','Giảm 25% tối đa 50k cho hạng Silver','percentage',25.00,50000.00,120000.00,100,0,1,'2026-06-10 00:00:00','2026-06-30 23:59:59',NULL,NULL,NULL,'active','','2026-06-11 22:53:36',NULL,0,'silver',NULL),(33,'GOLD60K','Đặc Quyền Thành Viên Vàng','Tặng riêng thành viên hạng Vàng 60k','fixed_amount',60000.00,60000.00,120000.00,100,0,1,'2026-06-10 00:00:00','2026-06-30 23:59:59',NULL,NULL,NULL,'active','','2026-06-11 22:53:36',NULL,0,'gold',NULL),(34,'GOLD35','Thành Viên Vàng Giảm 35%','Giảm cực sâu 35% tối đa 80k cho hạng Gold','percentage',35.00,80000.00,150000.00,100,0,1,'2026-06-10 00:00:00','2026-06-30 23:59:59',NULL,NULL,NULL,'active','','2026-06-11 22:53:36',NULL,0,'gold',NULL),(35,'PLATINUM100','Siêu Đặc Quyền Kim Cương','Tặng riêng thành viên hạng Platinum 100k','fixed_amount',100000.00,100000.00,200000.00,50,0,1,'2026-06-10 00:00:00','2026-06-30 23:59:59',NULL,NULL,NULL,'active','','2026-06-11 22:53:36',NULL,0,'platinum',NULL),(36,'DIAMOND50','Thành Viên VIP Kim Cương Giảm 50%','Mã giảm đặc quyền 50% cho hạng cao nhất','percentage',50.00,120000.00,200000.00,50,0,1,'2026-06-10 00:00:00','2026-06-30 23:59:59',NULL,NULL,NULL,'active','','2026-06-11 22:53:36',NULL,0,'platinum',NULL);
/*!40000 ALTER TABLE `promotions` ENABLE KEYS */;
UNLOCK TABLES;

--
-- Table structure for table `promotionusage`
--

DROP TABLE IF EXISTS `promotionusage`;
/*!40101 SET @saved_cs_client     = @@character_set_client */;
/*!50503 SET character_set_client = utf8mb4 */;
CREATE TABLE `promotionusage` (
  `id` int unsigned NOT NULL AUTO_INCREMENT,
  `promotion_id` int unsigned NOT NULL,
  `account_id` int unsigned NOT NULL,
  `tickets_id` int unsigned NOT NULL,
  `discount_amount` decimal(10,2) NOT NULL,
  `used_at` datetime DEFAULT CURRENT_TIMESTAMP,
  PRIMARY KEY (`id`),
  KEY `idx_promotion_usage_account` (`account_id`),
  KEY `idx_promotion_usage_promotion` (`promotion_id`),
  KEY `promotionusage_tickets_id_fkey` (`tickets_id`),
  CONSTRAINT `promotionusage_account_id_fkey` FOREIGN KEY (`account_id`) REFERENCES `accounts` (`id`) ON DELETE RESTRICT ON UPDATE CASCADE,
  CONSTRAINT `promotionusage_promotion_id_fkey` FOREIGN KEY (`promotion_id`) REFERENCES `promotions` (`id`) ON DELETE RESTRICT ON UPDATE CASCADE,
  CONSTRAINT `promotionusage_tickets_id_fkey` FOREIGN KEY (`tickets_id`) REFERENCES `tickets` (`id`) ON DELETE RESTRICT ON UPDATE CASCADE
) ENGINE=InnoDB DEFAULT CHARSET=utf8mb4 COLLATE=utf8mb4_unicode_ci;
/*!40101 SET character_set_client = @saved_cs_client */;

--
-- Dumping data for table `promotionusage`
--

LOCK TABLES `promotionusage` WRITE;
/*!40000 ALTER TABLE `promotionusage` DISABLE KEYS */;
/*!40000 ALTER TABLE `promotionusage` ENABLE KEYS */;
UNLOCK TABLES;

--
-- Table structure for table `provinces`
--

DROP TABLE IF EXISTS `provinces`;
/*!40101 SET @saved_cs_client     = @@character_set_client */;
/*!50503 SET character_set_client = utf8mb4 */;
CREATE TABLE `provinces` (
  `id` int unsigned NOT NULL AUTO_INCREMENT,
  `province_name` varchar(100) CHARACTER SET utf8mb4 COLLATE utf8mb4_unicode_ci NOT NULL,
  `is_deleted` tinyint(1) DEFAULT '0',
  PRIMARY KEY (`id`)
) ENGINE=InnoDB AUTO_INCREMENT=10 DEFAULT CHARSET=utf8mb4 COLLATE=utf8mb4_unicode_ci;
/*!40101 SET character_set_client = @saved_cs_client */;

--
-- Dumping data for table `provinces`
--

LOCK TABLES `provinces` WRITE;
/*!40000 ALTER TABLE `provinces` DISABLE KEYS */;
INSERT INTO `provinces` VALUES (1,'Hà Nội',0),(2,'Hải Phòng',0),(3,'Quảng Ninh',0),(4,'Bình Định',0),(5,'Hưng Yên',0),(6,'Lạng Sơn',0),(7,'Phú Thọ',0),(8,'Bắc Ninh',0),(9,'Cần Thơ',0);
/*!40000 ALTER TABLE `provinces` ENABLE KEYS */;
UNLOCK TABLES;

--
-- Table structure for table `rooms`
--

DROP TABLE IF EXISTS `rooms`;
/*!40101 SET @saved_cs_client     = @@character_set_client */;
/*!50503 SET character_set_client = utf8mb4 */;
CREATE TABLE `rooms` (
  `id` int unsigned NOT NULL AUTO_INCREMENT,
  `cinema_id` int unsigned NOT NULL,
  `room_name` varchar(50) CHARACTER SET utf8mb4 COLLATE utf8mb4_unicode_ci NOT NULL,
  `room_type` varchar(50) CHARACTER SET utf8mb4 COLLATE utf8mb4_unicode_ci DEFAULT NULL,
  `total_seats` int NOT NULL,
  `status` varchar(255) COLLATE utf8mb4_unicode_ci DEFAULT NULL,
  `is_deleted` tinyint(1) DEFAULT '0',
  PRIMARY KEY (`id`),
  KEY `cinema_id` (`cinema_id`),
  CONSTRAINT `rooms_ibfk_1` FOREIGN KEY (`cinema_id`) REFERENCES `cinemas` (`id`)
) ENGINE=InnoDB AUTO_INCREMENT=57 DEFAULT CHARSET=utf8mb4 COLLATE=utf8mb4_unicode_ci;
/*!40101 SET character_set_client = @saved_cs_client */;

--
-- Dumping data for table `rooms`
--

LOCK TABLES `rooms` WRITE;
/*!40000 ALTER TABLE `rooms` DISABLE KEYS */;
INSERT INTO `rooms` VALUES (1,1,'Phòng 1','Standard',30,'active',0),(2,1,'Phòng 2','VIP',16,'active',0),(3,2,'Phòng 1','Standard',25,'active',0),(4,2,'Phòng 2','VIP',10,'active',0),(5,8,'Phòng 1','Standard',18,'active',0),(6,1,'Phòng 3','VIP',30,'active',0),(7,3,'Phòng 1','Standard',50,'active',0),(8,1,'Phòng 4','Standard',60,'active',0),(9,12,'Phòng 1','Standard',10,'active',1),(10,13,'q','Standard',9,'active',0),(11,4,'Phòng 1','Standard',0,'active',0),(12,5,'Phòng 1','Standard',126,'active',0),(13,7,'Phòng 1','Standard',80,'active',0),(14,11,'Phòng 1','Standard',90,'active',0),(15,2,'Phòng 3','Standard',90,'active',0),(16,2,'Phòng 4','Standard',90,'active',0),(17,3,'Phòng 2','Standard',90,'active',0),(18,3,'Phòng 3','Standard',90,'active',0),(19,3,'Phòng 4','Standard',90,'active',0),(20,12,'Phòng 2','Standard',90,'active',0),(21,12,'Phòng 3','Standard',90,'active',0),(22,12,'Phòng 4','Standard',90,'active',0),(23,13,'Phòng 2','Standard',90,'active',0),(24,13,'Phòng 3','Standard',90,'active',0),(25,13,'Phòng 4','Standard',90,'active',0),(26,4,'Phòng 2','Standard',90,'active',0),(27,4,'Phòng 3','Standard',90,'active',0),(28,4,'Phòng 4','Standard',90,'active',0),(29,5,'Phòng 2','Standard',90,'active',0),(30,5,'Phòng 3','Standard',90,'active',0),(31,5,'Phòng 4','Standard',90,'active',0),(32,14,'Phòng 1','Standard',90,'active',0),(33,14,'Phòng 2','Standard',90,'active',0),(34,14,'Phòng 3','Standard',90,'active',0),(35,14,'Phòng 4','Standard',90,'active',0),(36,6,'Phòng 1','Standard',90,'active',0),(37,6,'Phòng 2','Standard',90,'active',0),(38,6,'Phòng 3','Standard',90,'active',0),(39,6,'Phòng 4','Standard',90,'active',0),(40,7,'Phòng 2','Standard',90,'active',0),(41,7,'Phòng 3','Standard',90,'active',0),(42,7,'Phòng 4','Standard',90,'active',0),(43,8,'Phòng 2','Standard',90,'active',0),(44,8,'Phòng 3','Standard',90,'active',0),(45,8,'Phòng 4','Standard',90,'active',0),(46,9,'Phòng 1','Standard',90,'active',0),(47,9,'Phòng 2','Standard',90,'active',0),(48,9,'Phòng 3','Standard',90,'active',0),(49,9,'Phòng 4','Standard',90,'active',0),(50,10,'Phòng 1','Standard',90,'active',0),(51,10,'Phòng 2','Standard',90,'active',0),(52,10,'Phòng 3','Standard',90,'active',0),(53,10,'Phòng 4','Standard',90,'active',0),(54,11,'Phòng 2','Standard',90,'active',0),(55,11,'Phòng 3','Standard',90,'active',0),(56,11,'Phòng 4','Standard',90,'active',0);
/*!40000 ALTER TABLE `rooms` ENABLE KEYS */;
UNLOCK TABLES;

--
-- Table structure for table `seatlocks`
--

DROP TABLE IF EXISTS `seatlocks`;
/*!40101 SET @saved_cs_client     = @@character_set_client */;
/*!50503 SET character_set_client = utf8mb4 */;
CREATE TABLE `seatlocks` (
  `id` int unsigned NOT NULL AUTO_INCREMENT,
  `seat_id` int unsigned NOT NULL,
  `account_id` int unsigned NOT NULL,
  `locked_at` datetime NOT NULL DEFAULT CURRENT_TIMESTAMP,
  `expires_at` datetime NOT NULL,
  `is_active` tinyint(1) NOT NULL DEFAULT '1',
  `created_at` datetime NOT NULL DEFAULT CURRENT_TIMESTAMP,
  `updated_at` datetime NOT NULL DEFAULT CURRENT_TIMESTAMP ON UPDATE CURRENT_TIMESTAMP,
  `slot_id` int NOT NULL,
  PRIMARY KEY (`id`),
  UNIQUE KEY `unique_seat_lock` (`seat_id`),
  KEY `idx_seat_lock_seat` (`seat_id`),
  KEY `idx_seat_lock_account` (`account_id`),
  KEY `idx_seat_lock_expires` (`expires_at`),
  CONSTRAINT `seatlocks_ibfk_1` FOREIGN KEY (`account_id`) REFERENCES `accounts` (`id`) ON DELETE CASCADE ON UPDATE CASCADE,
  CONSTRAINT `seatlocks_ibfk_2` FOREIGN KEY (`seat_id`) REFERENCES `seats` (`id`) ON DELETE CASCADE ON UPDATE CASCADE
) ENGINE=InnoDB AUTO_INCREMENT=140 DEFAULT CHARSET=utf8mb4 COLLATE=utf8mb4_unicode_ci;
/*!40101 SET character_set_client = @saved_cs_client */;

--
-- Dumping data for table `seatlocks`
--

LOCK TABLES `seatlocks` WRITE;
/*!40000 ALTER TABLE `seatlocks` DISABLE KEYS */;
INSERT INTO `seatlocks` VALUES (1,121,5,'2026-05-23 09:10:09','2026-05-23 09:20:09',0,'2026-05-23 09:10:09','2026-05-23 09:21:46',15),(2,110,5,'2026-05-23 09:27:16','2026-05-23 09:37:16',0,'2026-05-23 09:27:16','2026-05-23 09:31:01',15),(4,130,5,'2026-05-23 09:31:06','2026-05-23 09:41:06',0,'2026-05-23 09:31:06','2026-05-23 09:43:04',15),(5,125,5,'2026-05-23 10:12:31','2026-05-23 10:22:31',0,'2026-05-23 10:12:30','2026-05-23 11:12:31',15),(7,144,5,'2026-05-24 22:26:32','2026-05-24 22:36:32',0,'2026-05-24 22:26:31','2026-05-24 22:37:06',16),(8,170,5,'2026-05-25 06:51:09','2026-05-25 07:01:09',0,'2026-05-25 06:51:08','2026-05-25 06:58:40',16),(9,168,5,'2026-05-25 06:58:41','2026-05-25 07:08:41',0,'2026-05-25 06:58:40','2026-05-25 07:09:31',16),(10,147,5,'2026-05-25 07:42:27','2026-05-25 07:52:27',0,'2026-05-25 07:42:26','2026-05-25 07:53:32',16),(11,169,5,'2026-05-25 10:53:12','2026-05-25 11:03:12',0,'2026-05-25 10:53:12','2026-05-25 11:03:35',16),(12,180,5,'2026-05-25 11:08:00','2026-05-25 11:18:00',0,'2026-05-25 11:07:59','2026-05-25 11:42:36',16),(14,100,5,'2026-05-27 07:08:48','2026-05-27 07:18:48',0,'2026-05-27 07:08:47','2026-05-27 07:20:28',17),(15,84,5,'2026-05-27 08:38:21','2026-05-27 08:48:21',0,'2026-05-27 08:38:21','2026-05-27 08:49:02',17),(16,83,5,'2026-05-27 08:52:41','2026-05-27 09:02:41',0,'2026-05-27 08:52:41','2026-05-27 09:03:06',17),(17,94,5,'2026-05-27 10:15:04','2026-05-27 10:25:04',0,'2026-05-27 10:15:03','2026-05-27 10:17:54',17),(18,93,5,'2026-05-27 10:17:55','2026-05-27 10:27:55',0,'2026-05-27 10:17:54','2026-05-27 10:21:18',17),(19,98,5,'2026-05-27 10:21:19','2026-05-27 10:31:19',0,'2026-05-27 10:21:18','2026-05-27 10:33:00',17),(20,127,5,'2026-05-28 20:30:56','2026-05-28 20:40:56',0,'2026-05-28 20:30:56','2026-05-28 20:42:39',22),(21,119,5,'2026-05-28 20:44:15','2026-05-28 20:54:15',0,'2026-05-28 20:44:15','2026-05-28 20:55:57',22),(23,188,5,'2026-05-30 01:24:31','2026-05-30 01:34:31',0,'2026-05-30 01:24:30','2026-05-30 01:35:46',37),(24,204,5,'2026-05-30 01:53:37','2026-05-30 02:03:37',0,'2026-05-30 01:53:36','2026-05-30 02:03:50',37),(25,208,5,'2026-05-30 02:03:51','2026-05-30 02:13:51',0,'2026-05-30 02:03:50','2026-05-30 02:09:31',37),(26,230,5,'2026-05-30 02:09:31','2026-05-30 02:19:31',0,'2026-05-30 02:09:31','2026-05-30 09:03:31',37),(29,120,5,'2026-05-30 15:10:59','2026-05-30 15:20:59',0,'2026-05-30 15:10:59','2026-05-30 15:14:07',38),(30,118,5,'2026-05-30 15:14:08','2026-05-30 15:24:08',0,'2026-05-30 15:14:07','2026-05-30 15:18:46',38),(31,111,5,'2026-05-30 15:18:47','2026-05-30 15:28:47',0,'2026-05-30 15:18:46','2026-05-30 15:30:27',38),(32,116,5,'2026-05-30 15:31:07','2026-05-30 15:41:07',0,'2026-05-30 15:31:07','2026-05-30 15:36:07',38),(33,115,5,'2026-05-30 15:36:08','2026-05-30 15:46:08',0,'2026-05-30 15:36:08','2026-05-30 15:46:27',38),(35,113,5,'2026-05-30 16:52:36','2026-05-30 17:02:36',0,'2026-05-30 16:52:36','2026-05-30 17:04:32',38),(38,114,5,'2026-05-31 01:57:08','2026-05-31 02:07:08',0,'2026-05-31 01:57:08','2026-05-31 02:07:46',38),(39,117,5,'2026-05-31 15:20:35','2026-05-31 15:30:35',0,'2026-05-31 15:20:35','2026-05-31 15:24:18',38),(40,105,5,'2026-05-31 15:24:19','2026-05-31 15:34:19',0,'2026-05-31 15:24:18','2026-05-31 15:34:58',38),(41,106,5,'2026-05-31 15:37:02','2026-05-31 15:47:02',0,'2026-05-31 15:37:02','2026-05-31 15:46:43',38),(42,124,5,'2026-05-31 15:46:43','2026-05-31 15:56:43',0,'2026-05-31 15:46:43','2026-05-31 15:57:00',38),(43,112,5,'2026-05-31 15:59:11','2026-05-31 16:09:11',0,'2026-05-31 15:59:11','2026-05-31 16:11:01',38),(44,90,5,'2026-05-31 16:26:06','2026-05-31 16:36:06',0,'2026-05-31 16:26:06','2026-05-31 16:37:02',40),(49,269,38,'2026-06-01 10:38:11','2026-06-01 10:48:11',0,'2026-06-01 10:38:11','2026-06-01 10:48:50',44),(50,268,38,'2026-06-01 10:38:11','2026-06-01 10:48:11',0,'2026-06-01 10:38:11','2026-06-01 10:48:50',44),(53,89,5,'2026-06-01 16:59:38','2026-06-01 17:09:38',0,'2026-06-01 16:59:38','2026-06-01 17:09:47',45),(54,97,5,'2026-06-02 11:11:55','2026-06-02 11:21:55',0,'2026-06-02 11:11:55','2026-06-02 11:22:12',45),(55,92,5,'2026-06-02 13:16:26','2026-06-02 13:26:26',0,'2026-06-02 13:16:25','2026-06-02 13:18:43',45),(57,8,5,'2026-06-02 16:27:21','2026-06-02 16:37:21',0,'2026-06-02 16:27:21','2026-06-02 16:38:21',45),(60,402,5,'2026-06-02 16:47:14','2026-06-02 16:57:14',0,'2026-06-02 16:47:14','2026-06-02 16:58:22',50),(61,403,5,'2026-06-02 16:47:14','2026-06-02 16:57:14',0,'2026-06-02 16:47:14','2026-06-02 16:58:22',50),(62,385,5,'2026-06-02 18:27:52','2026-06-02 18:37:52',0,'2026-06-02 18:27:52','2026-06-02 18:28:43',50),(63,343,5,'2026-06-02 18:29:57','2026-06-02 18:39:57',0,'2026-06-02 18:29:57','2026-06-02 18:31:13',50),(65,401,5,'2026-06-02 18:31:55','2026-06-02 18:41:55',0,'2026-06-02 18:31:55','2026-06-02 18:33:46',50),(71,381,5,'2026-06-02 21:08:09','2026-06-02 21:18:09',0,'2026-06-02 21:08:09','2026-06-02 21:18:09',50),(72,345,5,'2026-06-02 21:18:50','2026-06-02 21:28:50',0,'2026-06-02 21:18:50','2026-06-02 21:30:10',50),(76,357,5,'2026-06-02 23:51:32','2026-06-03 00:01:32',0,'2026-06-02 23:51:32','2026-06-03 00:01:38',50),(77,340,5,'2026-06-03 00:04:42','2026-06-03 00:14:42',0,'2026-06-03 00:04:42','2026-06-03 00:15:38',50),(79,398,5,'2026-06-03 00:34:37','2026-06-03 00:44:37',0,'2026-06-03 00:34:36','2026-06-03 00:45:39',50),(82,380,5,'2026-06-03 01:24:27','2026-06-03 01:34:27',0,'2026-06-03 01:24:26','2026-06-03 01:25:26',50),(83,331,5,'2026-06-03 01:25:26','2026-06-03 01:35:26',0,'2026-06-03 01:25:26','2026-06-03 01:36:52',50),(85,358,5,'2026-06-03 01:38:45','2026-06-03 01:48:45',0,'2026-06-03 01:38:45','2026-06-03 01:48:52',50),(86,406,5,'2026-06-03 11:39:12','2026-06-03 11:49:12',0,'2026-06-03 11:39:12','2026-06-03 11:49:51',50),(88,324,5,'2026-06-03 14:08:28','2026-06-03 14:18:28',0,'2026-06-03 14:08:27','2026-06-03 14:13:37',50),(90,376,5,'2026-06-03 14:13:37','2026-06-03 14:23:37',0,'2026-06-03 14:13:37','2026-06-03 14:14:19',50),(91,339,5,'2026-06-03 14:14:19','2026-06-03 14:24:19',0,'2026-06-03 14:14:19','2026-06-03 14:25:55',50),(92,335,5,'2026-06-03 14:33:36','2026-06-03 14:43:36',0,'2026-06-03 14:33:35','2026-06-03 14:34:58',50),(95,367,5,'2026-06-03 14:34:58','2026-06-03 14:44:58',0,'2026-06-03 14:34:58','2026-06-03 14:35:53',50),(96,360,5,'2026-06-03 14:35:53','2026-06-03 14:45:53',0,'2026-06-03 14:35:53','2026-06-03 14:45:55',50),(97,361,5,'2026-06-03 14:35:53','2026-06-03 14:45:53',0,'2026-06-03 14:35:53','2026-06-03 14:45:55',50),(98,359,5,'2026-06-03 14:35:53','2026-06-03 14:45:53',0,'2026-06-03 14:35:53','2026-06-03 14:45:55',50),(99,348,5,'2026-06-03 15:00:35','2026-06-03 15:10:35',0,'2026-06-03 15:00:34','2026-06-03 15:11:56',50),(101,342,5,'2026-06-03 21:39:04','2026-06-03 21:49:04',0,'2026-06-03 21:39:03','2026-06-03 21:49:13',50),(102,365,5,'2026-06-04 17:07:20','2026-06-04 17:17:20',0,'2026-06-04 17:07:20','2026-06-04 17:13:18',50),(103,346,5,'2026-06-04 17:20:26','2026-06-04 17:30:26',0,'2026-06-04 17:20:25','2026-06-04 17:22:32',50),(104,405,5,'2026-06-04 17:22:32','2026-06-04 17:32:32',0,'2026-06-04 17:22:32','2026-06-04 17:24:17',50),(105,341,5,'2026-06-04 17:24:18','2026-06-04 17:34:18',0,'2026-06-04 17:24:17','2026-06-04 17:34:39',50),(110,363,5,'2026-06-04 18:24:25','2026-06-04 18:34:25',0,'2026-06-04 18:24:25','2026-06-04 18:34:42',50),(111,396,5,'2026-06-04 18:35:31','2026-06-04 18:45:31',0,'2026-06-04 18:35:30','2026-06-04 18:40:53',50),(118,408,5,'2026-06-04 23:32:41','2026-06-04 23:42:41',0,'2026-06-04 23:32:41','2026-06-04 23:34:37',50),(127,270,5,'2026-06-04 23:57:29','2026-06-05 00:07:29',0,'2026-06-04 23:57:29','2026-06-04 23:57:37',51);
/*!40000 ALTER TABLE `seatlocks` ENABLE KEYS */;
UNLOCK TABLES;

--
-- Table structure for table `seats`
--

DROP TABLE IF EXISTS `seats`;
/*!40101 SET @saved_cs_client     = @@character_set_client */;
/*!50503 SET character_set_client = utf8mb4 */;
CREATE TABLE `seats` (
  `id` int unsigned NOT NULL AUTO_INCREMENT,
  `room_id` int unsigned NOT NULL,
  `seat_row` varchar(5) CHARACTER SET utf8mb4 COLLATE utf8mb4_unicode_ci NOT NULL,
  `seat_number` int NOT NULL,
  `seat_type_id` int unsigned NOT NULL,
  `status` varchar(255) COLLATE utf8mb4_unicode_ci DEFAULT NULL,
  PRIMARY KEY (`id`),
  UNIQUE KEY `room_id` (`room_id`,`seat_row`,`seat_number`),
  UNIQUE KEY `UKi96eqsycrd9u1o08ap90yeuaa` (`room_id`,`seat_row`,`seat_number`),
  KEY `seat_type_id` (`seat_type_id`),
  CONSTRAINT `seats_ibfk_1` FOREIGN KEY (`room_id`) REFERENCES `rooms` (`id`),
  CONSTRAINT `seats_ibfk_2` FOREIGN KEY (`seat_type_id`) REFERENCES `seattypes` (`id`)
) ENGINE=InnoDB AUTO_INCREMENT=4488 DEFAULT CHARSET=utf8mb4 COLLATE=utf8mb4_unicode_ci;
/*!40101 SET character_set_client = @saved_cs_client */;

--
-- Dumping data for table `seats`
--

LOCK TABLES `seats` WRITE;
/*!40000 ALTER TABLE `seats` DISABLE KEYS */;
INSERT INTO `seats` VALUES (1,1,'A',1,1,'active'),(2,1,'A',2,1,'active'),(3,1,'A',3,1,'active'),(4,1,'A',4,1,'active'),(5,1,'B',1,1,'active'),(6,1,'B',2,1,'active'),(7,1,'B',3,1,'active'),(8,1,'B',4,1,'active'),(9,1,'C',1,3,'active'),(10,1,'C',2,3,'active'),(11,1,'C',3,3,'active'),(12,1,'C',4,3,'active'),(13,2,'A',1,2,'active'),(14,2,'A',2,2,'active'),(15,2,'A',3,2,'active'),(16,2,'A',4,2,'active'),(17,2,'B',1,2,'active'),(18,2,'B',2,2,'active'),(19,2,'B',3,2,'active'),(20,2,'B',4,2,'active'),(21,2,'C',1,2,'active'),(22,2,'C',2,2,'active'),(23,2,'C',3,2,'active'),(24,2,'C',4,2,'active'),(25,2,'D',1,3,'active'),(26,2,'D',2,3,'active'),(27,2,'D',3,3,'active'),(28,2,'D',4,3,'active'),(29,3,'A',1,1,'active'),(30,3,'A',2,1,'active'),(31,3,'A',3,1,'active'),(32,3,'B',1,1,'active'),(33,3,'B',2,1,'active'),(34,3,'B',3,1,'active'),(35,3,'C',1,2,'active'),(36,3,'C',2,2,'active'),(37,3,'C',3,2,'active'),(38,3,'D',1,3,'active'),(39,3,'D',2,3,'active'),(40,3,'D',3,3,'active'),(41,3,'A',4,1,'active'),(42,3,'A',5,1,'active'),(43,3,'B',4,1,'active'),(44,3,'B',5,1,'active'),(45,3,'C',4,2,'active'),(46,3,'C',5,2,'active'),(47,3,'D',4,3,'active'),(48,3,'D',5,3,'active'),(49,3,'E',1,1,'active'),(50,3,'E',2,1,'active'),(51,3,'E',3,1,'active'),(52,3,'E',4,1,'active'),(53,3,'E',5,1,'active'),(54,4,'A',1,2,'active'),(55,4,'A',2,2,'active'),(56,4,'A',3,2,'active'),(57,4,'A',4,2,'active'),(58,4,'A',5,2,'active'),(59,4,'B',1,2,'active'),(60,4,'B',2,2,'active'),(61,4,'B',3,2,'active'),(62,4,'B',4,2,'active'),(63,4,'B',5,2,'active'),(64,5,'A',1,1,'active'),(65,5,'A',2,1,'active'),(66,5,'A',3,1,'active'),(67,5,'B',1,1,'active'),(68,5,'B',2,1,'active'),(69,5,'B',3,1,'active'),(70,5,'C',1,1,'active'),(71,5,'C',2,1,'active'),(72,5,'C',3,1,'active'),(73,5,'D',1,2,'active'),(74,5,'D',2,2,'active'),(75,5,'D',3,2,'active'),(76,5,'E',1,2,'active'),(77,5,'E',2,2,'active'),(78,5,'E',3,2,'active'),(79,5,'F',1,2,'active'),(80,5,'F',2,2,'active'),(81,5,'F',3,2,'active'),(83,1,'A',5,1,'active'),(84,1,'A',6,1,'active'),(85,1,'A',7,1,'active'),(86,1,'A',8,1,'active'),(87,1,'A',9,1,'active'),(88,1,'A',10,1,'active'),(89,1,'B',5,1,'active'),(90,1,'B',6,1,'active'),(91,1,'B',7,1,'active'),(92,1,'B',8,1,'active'),(93,1,'B',9,1,'active'),(94,1,'B',10,1,'active'),(95,1,'C',5,3,'active'),(96,1,'C',6,3,'active'),(97,1,'C',7,3,'active'),(98,1,'C',8,3,'active'),(99,1,'C',9,3,'active'),(100,1,'C',10,3,'active'),(101,6,'A',1,1,'active'),(102,6,'A',2,1,'active'),(103,6,'A',3,1,'active'),(104,6,'A',4,1,'active'),(105,6,'A',5,1,'active'),(106,6,'A',6,1,'active'),(107,6,'A',7,1,'active'),(108,6,'A',8,1,'active'),(109,6,'A',9,1,'active'),(110,6,'A',10,1,'active'),(111,6,'B',1,1,'active'),(112,6,'B',2,1,'active'),(113,6,'B',3,1,'active'),(114,6,'B',4,1,'active'),(115,6,'B',5,1,'active'),(116,6,'B',6,1,'active'),(117,6,'B',7,1,'active'),(118,6,'B',8,1,'active'),(119,6,'B',9,1,'active'),(120,6,'B',10,1,'active'),(121,6,'C',1,3,'active'),(122,6,'C',2,3,'active'),(123,6,'C',3,3,'active'),(124,6,'C',4,3,'active'),(125,6,'C',5,3,'active'),(126,6,'C',6,3,'active'),(127,6,'C',7,3,'active'),(128,6,'C',8,3,'active'),(129,6,'C',9,3,'active'),(130,6,'C',10,3,'active'),(131,7,'A',1,1,'active'),(132,7,'A',2,1,'active'),(133,7,'A',3,1,'active'),(134,7,'A',4,1,'active'),(135,7,'A',5,1,'active'),(136,7,'A',6,1,'active'),(137,7,'A',7,1,'active'),(138,7,'A',8,1,'active'),(139,7,'A',9,1,'active'),(140,7,'A',10,1,'active'),(141,7,'B',1,1,'active'),(142,7,'B',2,1,'active'),(143,7,'B',3,1,'active'),(144,7,'B',4,1,'active'),(145,7,'B',5,1,'active'),(146,7,'B',6,1,'active'),(147,7,'B',7,1,'active'),(148,7,'B',8,1,'active'),(149,7,'B',9,1,'active'),(150,7,'B',10,1,'active'),(151,7,'C',1,1,'active'),(152,7,'C',2,1,'active'),(153,7,'C',3,1,'active'),(154,7,'C',4,1,'active'),(155,7,'C',5,1,'active'),(156,7,'C',6,1,'active'),(157,7,'C',7,1,'active'),(158,7,'C',8,1,'active'),(159,7,'C',9,1,'active'),(160,7,'C',10,1,'active'),(161,7,'D',1,1,'active'),(162,7,'D',2,1,'active'),(163,7,'D',3,1,'active'),(164,7,'D',4,1,'active'),(165,7,'D',5,1,'active'),(166,7,'D',6,1,'active'),(167,7,'D',7,1,'active'),(168,7,'D',8,1,'active'),(169,7,'D',9,1,'active'),(170,7,'D',10,1,'active'),(171,7,'E',1,2,'active'),(172,7,'E',2,2,'active'),(173,7,'E',3,2,'active'),(174,7,'E',4,2,'active'),(175,7,'E',5,2,'active'),(176,7,'E',6,2,'active'),(177,7,'E',7,2,'active'),(178,7,'E',8,2,'active'),(179,7,'E',9,2,'active'),(180,7,'E',10,2,'active'),(181,8,'A',1,2,'active'),(182,8,'A',2,2,'active'),(183,8,'A',3,2,'active'),(184,8,'A',4,2,'active'),(185,8,'A',5,2,'active'),(186,8,'A',6,2,'active'),(187,8,'A',7,2,'active'),(188,8,'A',8,2,'active'),(189,8,'A',9,2,'active'),(190,8,'A',10,2,'active'),(191,8,'B',1,2,'active'),(192,8,'B',2,2,'active'),(193,8,'B',3,2,'active'),(194,8,'B',4,2,'active'),(195,8,'B',5,2,'active'),(196,8,'B',6,2,'active'),(197,8,'B',7,2,'active'),(198,8,'B',8,2,'active'),(199,8,'B',9,2,'active'),(200,8,'B',10,2,'active'),(201,8,'C',1,2,'active'),(202,8,'C',2,2,'active'),(203,8,'C',3,2,'active'),(204,8,'C',4,2,'active'),(205,8,'C',5,2,'active'),(206,8,'C',6,2,'active'),(207,8,'C',7,2,'active'),(208,8,'C',8,2,'active'),(209,8,'C',9,2,'active'),(210,8,'C',10,2,'active'),(211,8,'D',1,3,'active'),(212,8,'D',2,3,'active'),(213,8,'D',3,3,'active'),(214,8,'D',4,3,'active'),(215,8,'D',5,3,'active'),(216,8,'D',6,3,'active'),(217,8,'D',7,3,'active'),(218,8,'D',8,3,'active'),(219,8,'D',9,3,'active'),(220,8,'D',10,3,'active'),(221,8,'E',1,3,'active'),(222,8,'E',2,3,'active'),(223,8,'E',3,3,'active'),(224,8,'E',4,3,'active'),(225,8,'E',5,3,'active'),(226,8,'E',6,3,'active'),(227,8,'E',7,3,'active'),(228,8,'E',8,3,'active'),(229,8,'E',9,3,'active'),(230,8,'E',10,3,'active'),(231,9,'A',1,1,'active'),(232,9,'A',2,1,'active'),(233,9,'A',3,1,'active'),(234,9,'A',4,1,'active'),(235,9,'A',5,1,'active'),(236,9,'A',6,1,'active'),(237,9,'A',7,1,'active'),(238,9,'A',8,1,'active'),(239,9,'A',9,1,'active'),(240,9,'A',10,1,'active'),(241,10,'A',1,1,'active'),(242,10,'A',2,1,'active'),(243,10,'A',3,1,'active'),(244,10,'A',4,1,'active'),(245,10,'A',5,1,'active'),(246,10,'A',6,1,'active'),(247,10,'A',7,1,'active'),(248,10,'A',8,1,'active'),(249,10,'A',9,1,'active'),(261,8,'F',1,3,'active'),(262,8,'F',2,3,'active'),(263,8,'F',3,3,'active'),(264,8,'F',4,3,'active'),(265,8,'F',5,3,'active'),(266,8,'F',6,3,'active'),(267,8,'F',7,3,'active'),(268,8,'F',8,3,'active'),(269,8,'F',9,3,'active'),(270,8,'F',10,3,'active'),(271,12,'A',1,1,'active'),(272,12,'A',2,1,'active'),(273,12,'A',3,1,'active'),(274,12,'A',4,1,'active'),(275,12,'A',5,1,'active'),(276,12,'A',6,1,'active'),(277,12,'A',7,1,'active'),(278,12,'A',8,1,'active'),(279,12,'A',9,1,'active'),(280,12,'A',10,1,'active'),(281,12,'A',11,1,'active'),(282,12,'A',12,1,'active'),(283,12,'A',13,1,'active'),(284,12,'A',14,1,'active'),(285,12,'A',15,1,'active'),(286,12,'A',16,1,'active'),(287,12,'A',17,1,'active'),(288,12,'A',18,1,'active'),(291,12,'B',1,1,'active'),(292,12,'B',2,1,'active'),(293,12,'B',3,1,'active'),(294,12,'B',4,1,'active'),(295,12,'B',5,1,'active'),(296,12,'B',6,1,'active'),(297,12,'B',7,1,'active'),(298,12,'B',8,1,'active'),(299,12,'B',9,1,'active'),(300,12,'B',10,1,'active'),(301,12,'B',11,1,'active'),(302,12,'B',12,1,'active'),(303,12,'B',13,1,'active'),(304,12,'B',14,1,'active'),(305,12,'B',15,1,'active'),(306,12,'B',16,1,'active'),(307,12,'B',17,1,'active'),(308,12,'B',18,1,'active'),(311,12,'C',1,1,'active'),(312,12,'C',2,1,'active'),(313,12,'C',3,1,'active'),(314,12,'C',4,1,'active'),(315,12,'C',5,1,'active'),(316,12,'C',6,1,'active'),(317,12,'C',7,1,'active'),(318,12,'C',8,1,'active'),(319,12,'C',9,1,'active'),(320,12,'C',10,1,'active'),(321,12,'C',11,1,'active'),(322,12,'C',12,1,'active'),(323,12,'C',13,1,'active'),(324,12,'C',14,1,'active'),(325,12,'C',15,1,'active'),(326,12,'C',16,1,'active'),(327,12,'C',17,1,'active'),(328,12,'C',18,1,'active'),(331,12,'D',1,1,'active'),(332,12,'D',2,1,'active'),(333,12,'D',3,1,'active'),(334,12,'D',4,1,'active'),(335,12,'D',5,1,'active'),(336,12,'D',6,1,'active'),(337,12,'D',7,1,'active'),(338,12,'D',8,1,'active'),(339,12,'D',9,1,'active'),(340,12,'D',10,1,'active'),(341,12,'D',11,1,'active'),(342,12,'D',12,1,'active'),(343,12,'D',13,1,'active'),(344,12,'D',14,1,'active'),(345,12,'D',15,1,'active'),(346,12,'D',16,1,'active'),(347,12,'D',17,1,'active'),(348,12,'D',18,1,'active'),(351,12,'E',1,2,'active'),(352,12,'E',2,2,'active'),(353,12,'E',3,2,'active'),(354,12,'E',4,2,'active'),(355,12,'E',5,2,'active'),(356,12,'E',6,2,'active'),(357,12,'E',7,2,'active'),(358,12,'E',8,2,'active'),(359,12,'E',9,2,'active'),(360,12,'E',10,2,'active'),(361,12,'E',11,2,'active'),(362,12,'E',12,2,'active'),(363,12,'E',13,2,'active'),(364,12,'E',14,2,'active'),(365,12,'E',15,2,'active'),(366,12,'E',16,2,'active'),(367,12,'E',17,2,'active'),(368,12,'E',18,2,'active'),(371,12,'F',1,2,'active'),(372,12,'F',2,2,'active'),(373,12,'F',3,2,'active'),(374,12,'F',4,2,'active'),(375,12,'F',5,2,'active'),(376,12,'F',6,2,'active'),(377,12,'F',7,2,'active'),(378,12,'F',8,2,'active'),(379,12,'F',9,2,'active'),(380,12,'F',10,2,'active'),(381,12,'F',11,2,'active'),(382,12,'F',12,2,'active'),(383,12,'F',13,2,'active'),(384,12,'F',14,2,'active'),(385,12,'F',15,2,'active'),(386,12,'F',16,2,'active'),(387,12,'F',17,2,'active'),(388,12,'F',18,2,'active'),(391,12,'G',1,3,'active'),(392,12,'G',2,3,'active'),(393,12,'G',3,3,'active'),(394,12,'G',4,3,'active'),(395,12,'G',5,3,'active'),(396,12,'G',6,3,'active'),(397,12,'G',7,3,'active'),(398,12,'G',8,3,'active'),(399,12,'G',9,3,'active'),(400,12,'G',10,3,'active'),(401,12,'G',11,3,'active'),(402,12,'G',12,3,'active'),(403,12,'G',13,3,'active'),(404,12,'G',14,3,'active'),(405,12,'G',15,3,'active'),(406,12,'G',16,3,'active'),(407,12,'G',17,3,'active'),(408,12,'G',18,3,'active'),(411,13,'A',1,1,'active'),(412,13,'A',2,1,'active'),(413,13,'A',3,1,'active'),(414,13,'A',4,1,'active'),(415,13,'A',5,1,'active'),(416,13,'A',6,1,'active'),(417,13,'A',7,1,'active'),(418,13,'A',8,1,'active'),(419,13,'A',9,1,'active'),(420,13,'A',10,1,'active'),(421,13,'B',1,1,'active'),(422,13,'B',2,1,'active'),(423,13,'B',3,1,'active'),(424,13,'B',4,1,'active'),(425,13,'B',5,1,'active'),(426,13,'B',6,1,'active'),(427,13,'B',7,1,'active'),(428,13,'B',8,1,'active'),(429,13,'B',9,1,'active'),(430,13,'B',10,1,'active'),(431,13,'C',1,1,'active'),(432,13,'C',2,1,'active'),(433,13,'C',3,1,'active'),(434,13,'C',4,1,'active'),(435,13,'C',5,1,'active'),(436,13,'C',6,1,'active'),(437,13,'C',7,1,'active'),(438,13,'C',8,1,'active'),(439,13,'C',9,1,'active'),(440,13,'C',10,1,'active'),(441,13,'D',1,2,'active'),(442,13,'D',2,2,'active'),(443,13,'D',3,2,'active'),(444,13,'D',4,2,'active'),(445,13,'D',5,2,'active'),(446,13,'D',6,2,'active'),(447,13,'D',7,2,'active'),(448,13,'D',8,2,'active'),(449,13,'D',9,2,'active'),(450,13,'D',10,2,'active'),(451,13,'E',1,2,'active'),(452,13,'E',2,2,'active'),(453,13,'E',3,2,'active'),(454,13,'E',4,2,'active'),(455,13,'E',5,2,'active'),(456,13,'E',6,2,'active'),(457,13,'E',7,2,'active'),(458,13,'E',8,2,'active'),(459,13,'E',9,2,'active'),(460,13,'E',10,2,'active'),(461,13,'F',1,2,'active'),(462,13,'F',2,2,'active'),(463,13,'F',3,2,'active'),(464,13,'F',4,2,'active'),(465,13,'F',5,2,'active'),(466,13,'F',6,2,'active'),(467,13,'F',7,2,'active'),(468,13,'F',8,2,'active'),(469,13,'F',9,2,'active'),(470,13,'F',10,2,'active'),(471,13,'G',1,3,'active'),(472,13,'G',2,3,'active'),(473,13,'G',3,3,'active'),(474,13,'G',4,3,'active'),(475,13,'G',5,3,'active'),(476,13,'G',6,3,'active'),(477,13,'G',7,3,'active'),(478,13,'G',8,3,'active'),(479,13,'G',9,3,'active'),(480,13,'G',10,3,'active'),(481,13,'H',1,3,'active'),(482,13,'H',2,3,'active'),(483,13,'H',3,3,'active'),(484,13,'H',4,3,'active'),(485,13,'H',5,3,'active'),(486,13,'H',6,3,'active'),(487,13,'H',7,3,'active'),(488,13,'H',8,3,'active'),(489,13,'H',9,3,'active'),(490,13,'H',10,3,'active'),(491,14,'A',1,1,'active'),(492,14,'A',2,1,'active'),(493,14,'A',3,1,'active'),(494,14,'A',4,1,'active'),(495,14,'A',5,1,'active'),(496,14,'A',6,1,'active'),(497,14,'A',7,1,'active'),(498,14,'A',8,1,'active'),(499,14,'A',9,1,'active'),(500,14,'A',10,1,'active'),(501,14,'B',1,1,'active'),(502,14,'B',2,1,'active'),(503,14,'B',3,1,'active'),(504,14,'B',4,1,'active'),(505,14,'B',5,1,'active'),(506,14,'B',6,1,'active'),(507,14,'B',7,1,'active'),(508,14,'B',8,1,'active'),(509,14,'B',9,1,'active'),(510,14,'B',10,1,'active'),(511,14,'C',1,1,'active'),(512,14,'C',2,1,'active'),(513,14,'C',3,1,'active'),(514,14,'C',4,1,'active'),(515,14,'C',5,1,'active'),(516,14,'C',6,1,'active'),(517,14,'C',7,1,'active'),(518,14,'C',8,1,'active'),(519,14,'C',9,1,'active'),(520,14,'C',10,1,'active'),(521,14,'D',1,1,'active'),(522,14,'D',2,1,'active'),(523,14,'D',3,1,'active'),(524,14,'D',4,1,'active'),(525,14,'D',5,1,'active'),(526,14,'D',6,1,'active'),(527,14,'D',7,1,'active'),(528,14,'D',8,1,'active'),(529,14,'D',9,1,'active'),(530,14,'D',10,1,'active'),(531,14,'E',1,2,'active'),(532,14,'E',2,2,'active'),(533,14,'E',3,2,'active'),(534,14,'E',4,2,'active'),(535,14,'E',5,2,'active'),(536,14,'E',6,2,'active'),(537,14,'E',7,2,'active'),(538,14,'E',8,2,'active'),(539,14,'E',9,2,'active'),(540,14,'E',10,2,'active'),(541,14,'F',1,2,'active'),(542,14,'F',2,2,'active'),(543,14,'F',3,2,'active'),(544,14,'F',4,2,'active'),(545,14,'F',5,2,'active'),(546,14,'F',6,2,'active'),(547,14,'F',7,2,'active'),(548,14,'F',8,2,'active'),(549,14,'F',9,2,'active'),(550,14,'F',10,2,'active'),(551,14,'G',1,2,'active'),(552,14,'G',2,2,'active'),(553,14,'G',3,2,'active'),(554,14,'G',4,2,'active'),(555,14,'G',5,2,'active'),(556,14,'G',6,2,'active'),(557,14,'G',7,2,'active'),(558,14,'G',8,2,'active'),(559,14,'G',9,2,'active'),(560,14,'G',10,2,'active'),(561,14,'H',1,3,'active'),(562,14,'H',2,3,'active'),(563,14,'H',3,3,'active'),(564,14,'H',4,3,'active'),(565,14,'H',5,3,'active'),(566,14,'H',6,3,'active'),(567,14,'H',7,3,'active'),(568,14,'H',8,3,'active'),(569,14,'H',9,3,'active'),(570,14,'H',10,3,'active'),(571,14,'J',1,3,'active'),(572,14,'J',2,3,'active'),(573,14,'J',3,3,'active'),(574,14,'J',4,3,'active'),(575,14,'J',5,3,'active'),(576,14,'J',6,3,'active'),(577,14,'J',7,3,'active'),(578,14,'J',8,3,'active'),(579,14,'J',9,3,'active'),(580,14,'J',10,3,'active'),(581,15,'A',1,1,'active'),(582,15,'A',2,1,'active'),(583,15,'A',3,1,'active'),(584,15,'A',4,1,'active'),(585,15,'A',5,1,'active'),(586,15,'A',6,1,'active'),(587,15,'A',7,1,'active'),(588,15,'A',8,1,'active'),(589,15,'A',9,1,'active'),(590,15,'A',10,1,'active'),(591,15,'B',1,1,'active'),(592,15,'B',2,1,'active'),(593,15,'B',3,1,'active'),(594,15,'B',4,1,'active'),(595,15,'B',5,1,'active'),(596,15,'B',6,1,'active'),(597,15,'B',7,1,'active'),(598,15,'B',8,1,'active'),(599,15,'B',9,1,'active'),(600,15,'B',10,1,'active'),(601,15,'C',1,1,'active'),(602,15,'C',2,1,'active'),(603,15,'C',3,1,'active'),(604,15,'C',4,1,'active'),(605,15,'C',5,1,'active'),(606,15,'C',6,1,'active'),(607,15,'C',7,1,'active'),(608,15,'C',8,1,'active'),(609,15,'C',9,1,'active'),(610,15,'C',10,1,'active'),(611,15,'D',1,1,'active'),(612,15,'D',2,1,'active'),(613,15,'D',3,1,'active'),(614,15,'D',4,1,'active'),(615,15,'D',5,1,'active'),(616,15,'D',6,1,'active'),(617,15,'D',7,1,'active'),(618,15,'D',8,1,'active'),(619,15,'D',9,1,'active'),(620,15,'D',10,1,'active'),(621,15,'E',1,1,'active'),(622,15,'E',2,1,'active'),(623,15,'E',3,1,'active'),(624,15,'E',4,1,'active'),(625,15,'E',5,1,'active'),(626,15,'E',6,1,'active'),(627,15,'E',7,1,'active'),(628,15,'E',8,1,'active'),(629,15,'E',9,1,'active'),(630,15,'E',10,1,'active'),(631,15,'F',1,1,'active'),(632,15,'F',2,1,'active'),(633,15,'F',3,1,'active'),(634,15,'F',4,1,'active'),(635,15,'F',5,1,'active'),(636,15,'F',6,1,'active'),(637,15,'F',7,1,'active'),(638,15,'F',8,1,'active'),(639,15,'F',9,1,'active'),(640,15,'F',10,1,'active'),(641,15,'G',1,2,'active'),(642,15,'G',2,2,'active'),(643,15,'G',3,2,'active'),(644,15,'G',4,2,'active'),(645,15,'G',5,2,'active'),(646,15,'G',6,2,'active'),(647,15,'G',7,2,'active'),(648,15,'G',8,2,'active'),(649,15,'G',9,2,'active'),(650,15,'G',10,2,'active'),(651,15,'H',1,2,'active'),(652,15,'H',2,2,'active'),(653,15,'H',3,2,'active'),(654,15,'H',4,2,'active'),(655,15,'H',5,2,'active'),(656,15,'H',6,2,'active'),(657,15,'H',7,2,'active'),(658,15,'H',8,2,'active'),(659,15,'H',9,2,'active'),(660,15,'H',10,2,'active'),(661,15,'J',1,3,'active'),(662,15,'J',2,3,'active'),(663,15,'J',3,3,'active'),(664,15,'J',4,3,'active'),(665,15,'J',5,3,'active'),(666,15,'J',6,3,'active'),(667,15,'J',7,3,'active'),(668,15,'J',8,3,'active'),(669,15,'J',9,3,'active'),(670,15,'J',10,3,'active'),(671,16,'A',1,1,'active'),(672,16,'A',2,1,'active'),(673,16,'A',3,1,'active'),(674,16,'A',4,1,'active'),(675,16,'A',5,1,'active'),(676,16,'A',6,1,'active'),(677,16,'A',7,1,'active'),(678,16,'A',8,1,'active'),(679,16,'A',9,1,'active'),(680,16,'A',10,1,'active'),(681,16,'B',1,1,'active'),(682,16,'B',2,1,'active'),(683,16,'B',3,1,'active'),(684,16,'B',4,1,'active'),(685,16,'B',5,1,'active'),(686,16,'B',6,1,'active'),(687,16,'B',7,1,'active'),(688,16,'B',8,1,'active'),(689,16,'B',9,1,'active'),(690,16,'B',10,1,'active'),(691,16,'C',1,1,'active'),(692,16,'C',2,1,'active'),(693,16,'C',3,1,'active'),(694,16,'C',4,1,'active'),(695,16,'C',5,1,'active'),(696,16,'C',6,1,'active'),(697,16,'C',7,1,'active'),(698,16,'C',8,1,'active'),(699,16,'C',9,1,'active'),(700,16,'C',10,1,'active'),(701,16,'D',1,1,'active'),(702,16,'D',2,1,'active'),(703,16,'D',3,1,'active'),(704,16,'D',4,1,'active'),(705,16,'D',5,1,'active'),(706,16,'D',6,1,'active'),(707,16,'D',7,1,'active'),(708,16,'D',8,1,'active'),(709,16,'D',9,1,'active'),(710,16,'D',10,1,'active'),(711,16,'E',1,1,'active'),(712,16,'E',2,1,'active'),(713,16,'E',3,1,'active'),(714,16,'E',4,1,'active'),(715,16,'E',5,1,'active'),(716,16,'E',6,1,'active'),(717,16,'E',7,1,'active'),(718,16,'E',8,1,'active'),(719,16,'E',9,1,'active'),(720,16,'E',10,1,'active'),(721,16,'F',1,1,'active'),(722,16,'F',2,1,'active'),(723,16,'F',3,1,'active'),(724,16,'F',4,1,'active'),(725,16,'F',5,1,'active'),(726,16,'F',6,1,'active'),(727,16,'F',7,1,'active'),(728,16,'F',8,1,'active'),(729,16,'F',9,1,'active'),(730,16,'F',10,1,'active'),(731,16,'G',1,2,'active'),(732,16,'G',2,2,'active'),(733,16,'G',3,2,'active'),(734,16,'G',4,2,'active'),(735,16,'G',5,2,'active'),(736,16,'G',6,2,'active'),(737,16,'G',7,2,'active'),(738,16,'G',8,2,'active'),(739,16,'G',9,2,'active'),(740,16,'G',10,2,'active'),(741,16,'H',1,2,'active'),(742,16,'H',2,2,'active'),(743,16,'H',3,2,'active'),(744,16,'H',4,2,'active'),(745,16,'H',5,2,'active'),(746,16,'H',6,2,'active'),(747,16,'H',7,2,'active'),(748,16,'H',8,2,'active'),(749,16,'H',9,2,'active'),(750,16,'H',10,2,'active'),(751,16,'J',1,3,'active'),(752,16,'J',2,3,'active'),(753,16,'J',3,3,'active'),(754,16,'J',4,3,'active'),(755,16,'J',5,3,'active'),(756,16,'J',6,3,'active'),(757,16,'J',7,3,'active'),(758,16,'J',8,3,'active'),(759,16,'J',9,3,'active'),(760,16,'J',10,3,'active'),(761,17,'A',1,1,'active'),(762,17,'A',2,1,'active'),(763,17,'A',3,1,'active'),(764,17,'A',4,1,'active'),(765,17,'A',5,1,'active'),(766,17,'A',6,1,'active'),(767,17,'A',7,1,'active'),(768,17,'A',8,1,'active'),(769,17,'A',9,1,'active'),(770,17,'A',10,1,'active'),(771,17,'B',1,1,'active'),(772,17,'B',2,1,'active'),(773,17,'B',3,1,'active'),(774,17,'B',4,1,'active'),(775,17,'B',5,1,'active'),(776,17,'B',6,1,'active'),(777,17,'B',7,1,'active'),(778,17,'B',8,1,'active'),(779,17,'B',9,1,'active'),(780,17,'B',10,1,'active'),(781,17,'C',1,1,'active'),(782,17,'C',2,1,'active'),(783,17,'C',3,1,'active'),(784,17,'C',4,1,'active'),(785,17,'C',5,1,'active'),(786,17,'C',6,1,'active'),(787,17,'C',7,1,'active'),(788,17,'C',8,1,'active'),(789,17,'C',9,1,'active'),(790,17,'C',10,1,'active'),(791,17,'D',1,1,'active'),(792,17,'D',2,1,'active'),(793,17,'D',3,1,'active'),(794,17,'D',4,1,'active'),(795,17,'D',5,1,'active'),(796,17,'D',6,1,'active'),(797,17,'D',7,1,'active'),(798,17,'D',8,1,'active'),(799,17,'D',9,1,'active'),(800,17,'D',10,1,'active'),(801,17,'E',1,1,'active'),(802,17,'E',2,1,'active'),(803,17,'E',3,1,'active'),(804,17,'E',4,1,'active'),(805,17,'E',5,1,'active'),(806,17,'E',6,1,'active'),(807,17,'E',7,1,'active'),(808,17,'E',8,1,'active'),(809,17,'E',9,1,'active'),(810,17,'E',10,1,'active'),(811,17,'F',1,1,'active'),(812,17,'F',2,1,'active'),(813,17,'F',3,1,'active'),(814,17,'F',4,1,'active'),(815,17,'F',5,1,'active'),(816,17,'F',6,1,'active'),(817,17,'F',7,1,'active'),(818,17,'F',8,1,'active'),(819,17,'F',9,1,'active'),(820,17,'F',10,1,'active'),(821,17,'G',1,2,'active'),(822,17,'G',2,2,'active'),(823,17,'G',3,2,'active'),(824,17,'G',4,2,'active'),(825,17,'G',5,2,'active'),(826,17,'G',6,2,'active'),(827,17,'G',7,2,'active'),(828,17,'G',8,2,'active'),(829,17,'G',9,2,'active'),(830,17,'G',10,2,'active'),(831,17,'H',1,2,'active'),(832,17,'H',2,2,'active'),(833,17,'H',3,2,'active'),(834,17,'H',4,2,'active'),(835,17,'H',5,2,'active'),(836,17,'H',6,2,'active'),(837,17,'H',7,2,'active'),(838,17,'H',8,2,'active'),(839,17,'H',9,2,'active'),(840,17,'H',10,2,'active'),(841,17,'J',1,3,'active'),(842,17,'J',2,3,'active'),(843,17,'J',3,3,'active'),(844,17,'J',4,3,'active'),(845,17,'J',5,3,'active'),(846,17,'J',6,3,'active'),(847,17,'J',7,3,'active'),(848,17,'J',8,3,'active'),(849,17,'J',9,3,'active'),(850,17,'J',10,3,'active'),(851,18,'A',1,1,'active'),(852,18,'A',2,1,'active'),(853,18,'A',3,1,'active'),(854,18,'A',4,1,'active'),(855,18,'A',5,1,'active'),(856,18,'A',6,1,'active'),(857,18,'A',7,1,'active'),(858,18,'A',8,1,'active'),(859,18,'A',9,1,'active'),(860,18,'A',10,1,'active'),(861,18,'B',1,1,'active'),(862,18,'B',2,1,'active'),(863,18,'B',3,1,'active'),(864,18,'B',4,1,'active'),(865,18,'B',5,1,'active'),(866,18,'B',6,1,'active'),(867,18,'B',7,1,'active'),(868,18,'B',8,1,'active'),(869,18,'B',9,1,'active'),(870,18,'B',10,1,'active'),(871,18,'C',1,1,'active'),(872,18,'C',2,1,'active'),(873,18,'C',3,1,'active'),(874,18,'C',4,1,'active'),(875,18,'C',5,1,'active'),(876,18,'C',6,1,'active'),(877,18,'C',7,1,'active'),(878,18,'C',8,1,'active'),(879,18,'C',9,1,'active'),(880,18,'C',10,1,'active'),(881,18,'D',1,1,'active'),(882,18,'D',2,1,'active'),(883,18,'D',3,1,'active'),(884,18,'D',4,1,'active'),(885,18,'D',5,1,'active'),(886,18,'D',6,1,'active'),(887,18,'D',7,1,'active'),(888,18,'D',8,1,'active'),(889,18,'D',9,1,'active'),(890,18,'D',10,1,'active'),(891,18,'E',1,1,'active'),(892,18,'E',2,1,'active'),(893,18,'E',3,1,'active'),(894,18,'E',4,1,'active'),(895,18,'E',5,1,'active'),(896,18,'E',6,1,'active'),(897,18,'E',7,1,'active'),(898,18,'E',8,1,'active'),(899,18,'E',9,1,'active'),(900,18,'E',10,1,'active'),(901,18,'F',1,1,'active'),(902,18,'F',2,1,'active'),(903,18,'F',3,1,'active'),(904,18,'F',4,1,'active'),(905,18,'F',5,1,'active'),(906,18,'F',6,1,'active'),(907,18,'F',7,1,'active'),(908,18,'F',8,1,'active'),(909,18,'F',9,1,'active'),(910,18,'F',10,1,'active'),(911,18,'G',1,2,'active'),(912,18,'G',2,2,'active'),(913,18,'G',3,2,'active'),(914,18,'G',4,2,'active'),(915,18,'G',5,2,'active'),(916,18,'G',6,2,'active'),(917,18,'G',7,2,'active'),(918,18,'G',8,2,'active'),(919,18,'G',9,2,'active'),(920,18,'G',10,2,'active'),(921,18,'H',1,2,'active'),(922,18,'H',2,2,'active'),(923,18,'H',3,2,'active'),(924,18,'H',4,2,'active'),(925,18,'H',5,2,'active'),(926,18,'H',6,2,'active'),(927,18,'H',7,2,'active'),(928,18,'H',8,2,'active'),(929,18,'H',9,2,'active'),(930,18,'H',10,2,'active'),(931,18,'J',1,3,'active'),(932,18,'J',2,3,'active'),(933,18,'J',3,3,'active'),(934,18,'J',4,3,'active'),(935,18,'J',5,3,'active'),(936,18,'J',6,3,'active'),(937,18,'J',7,3,'active'),(938,18,'J',8,3,'active'),(939,18,'J',9,3,'active'),(940,18,'J',10,3,'active'),(941,19,'A',1,1,'active'),(942,19,'A',2,1,'active'),(943,19,'A',3,1,'active'),(944,19,'A',4,1,'active'),(945,19,'A',5,1,'active'),(946,19,'A',6,1,'active'),(947,19,'A',7,1,'active'),(948,19,'A',8,1,'active'),(949,19,'A',9,1,'active'),(950,19,'A',10,1,'active'),(951,19,'B',1,1,'active'),(952,19,'B',2,1,'active'),(953,19,'B',3,1,'active'),(954,19,'B',4,1,'active'),(955,19,'B',5,1,'active'),(956,19,'B',6,1,'active'),(957,19,'B',7,1,'active'),(958,19,'B',8,1,'active'),(959,19,'B',9,1,'active'),(960,19,'B',10,1,'active'),(961,19,'C',1,1,'active'),(962,19,'C',2,1,'active'),(963,19,'C',3,1,'active'),(964,19,'C',4,1,'active'),(965,19,'C',5,1,'active'),(966,19,'C',6,1,'active'),(967,19,'C',7,1,'active'),(968,19,'C',8,1,'active'),(969,19,'C',9,1,'active'),(970,19,'C',10,1,'active'),(971,19,'D',1,1,'active'),(972,19,'D',2,1,'active'),(973,19,'D',3,1,'active'),(974,19,'D',4,1,'active'),(975,19,'D',5,1,'active'),(976,19,'D',6,1,'active'),(977,19,'D',7,1,'active'),(978,19,'D',8,1,'active'),(979,19,'D',9,1,'active'),(980,19,'D',10,1,'active'),(981,19,'E',1,1,'active'),(982,19,'E',2,1,'active'),(983,19,'E',3,1,'active'),(984,19,'E',4,1,'active'),(985,19,'E',5,1,'active'),(986,19,'E',6,1,'active'),(987,19,'E',7,1,'active'),(988,19,'E',8,1,'active'),(989,19,'E',9,1,'active'),(990,19,'E',10,1,'active'),(991,19,'F',1,1,'active'),(992,19,'F',2,1,'active'),(993,19,'F',3,1,'active'),(994,19,'F',4,1,'active'),(995,19,'F',5,1,'active'),(996,19,'F',6,1,'active'),(997,19,'F',7,1,'active'),(998,19,'F',8,1,'active'),(999,19,'F',9,1,'active'),(1000,19,'F',10,1,'active'),(1001,19,'G',1,2,'active'),(1002,19,'G',2,2,'active'),(1003,19,'G',3,2,'active'),(1004,19,'G',4,2,'active'),(1005,19,'G',5,2,'active'),(1006,19,'G',6,2,'active'),(1007,19,'G',7,2,'active'),(1008,19,'G',8,2,'active'),(1009,19,'G',9,2,'active'),(1010,19,'G',10,2,'active'),(1011,19,'H',1,2,'active'),(1012,19,'H',2,2,'active'),(1013,19,'H',3,2,'active'),(1014,19,'H',4,2,'active'),(1015,19,'H',5,2,'active'),(1016,19,'H',6,2,'active'),(1017,19,'H',7,2,'active'),(1018,19,'H',8,2,'active'),(1019,19,'H',9,2,'active'),(1020,19,'H',10,2,'active'),(1021,19,'J',1,3,'active'),(1022,19,'J',2,3,'active'),(1023,19,'J',3,3,'active'),(1024,19,'J',4,3,'active'),(1025,19,'J',5,3,'active'),(1026,19,'J',6,3,'active'),(1027,19,'J',7,3,'active'),(1028,19,'J',8,3,'active'),(1029,19,'J',9,3,'active'),(1030,19,'J',10,3,'active'),(1031,20,'A',1,1,'active'),(1032,20,'A',2,1,'active'),(1033,20,'A',3,1,'active'),(1034,20,'A',4,1,'active'),(1035,20,'A',5,1,'active'),(1036,20,'A',6,1,'active'),(1037,20,'A',7,1,'active'),(1038,20,'A',8,1,'active'),(1039,20,'A',9,1,'active'),(1040,20,'A',10,1,'active'),(1041,20,'B',1,1,'active'),(1042,20,'B',2,1,'active'),(1043,20,'B',3,1,'active'),(1044,20,'B',4,1,'active'),(1045,20,'B',5,1,'active'),(1046,20,'B',6,1,'active'),(1047,20,'B',7,1,'active'),(1048,20,'B',8,1,'active'),(1049,20,'B',9,1,'active'),(1050,20,'B',10,1,'active'),(1051,20,'C',1,1,'active'),(1052,20,'C',2,1,'active'),(1053,20,'C',3,1,'active'),(1054,20,'C',4,1,'active'),(1055,20,'C',5,1,'active'),(1056,20,'C',6,1,'active'),(1057,20,'C',7,1,'active'),(1058,20,'C',8,1,'active'),(1059,20,'C',9,1,'active'),(1060,20,'C',10,1,'active'),(1061,20,'D',1,1,'active'),(1062,20,'D',2,1,'active'),(1063,20,'D',3,1,'active'),(1064,20,'D',4,1,'active'),(1065,20,'D',5,1,'active'),(1066,20,'D',6,1,'active'),(1067,20,'D',7,1,'active'),(1068,20,'D',8,1,'active'),(1069,20,'D',9,1,'active'),(1070,20,'D',10,1,'active'),(1071,20,'E',1,1,'active'),(1072,20,'E',2,1,'active'),(1073,20,'E',3,1,'active'),(1074,20,'E',4,1,'active'),(1075,20,'E',5,1,'active'),(1076,20,'E',6,1,'active'),(1077,20,'E',7,1,'active'),(1078,20,'E',8,1,'active'),(1079,20,'E',9,1,'active'),(1080,20,'E',10,1,'active'),(1081,20,'F',1,1,'active'),(1082,20,'F',2,1,'active'),(1083,20,'F',3,1,'active'),(1084,20,'F',4,1,'active'),(1085,20,'F',5,1,'active'),(1086,20,'F',6,1,'active'),(1087,20,'F',7,1,'active'),(1088,20,'F',8,1,'active'),(1089,20,'F',9,1,'active'),(1090,20,'F',10,1,'active'),(1091,20,'G',1,2,'active'),(1092,20,'G',2,2,'active'),(1093,20,'G',3,2,'active'),(1094,20,'G',4,2,'active'),(1095,20,'G',5,2,'active'),(1096,20,'G',6,2,'active'),(1097,20,'G',7,2,'active'),(1098,20,'G',8,2,'active'),(1099,20,'G',9,2,'active'),(1100,20,'G',10,2,'active'),(1101,20,'H',1,2,'active'),(1102,20,'H',2,2,'active'),(1103,20,'H',3,2,'active'),(1104,20,'H',4,2,'active'),(1105,20,'H',5,2,'active'),(1106,20,'H',6,2,'active'),(1107,20,'H',7,2,'active'),(1108,20,'H',8,2,'active'),(1109,20,'H',9,2,'active'),(1110,20,'H',10,2,'active'),(1111,20,'J',1,3,'active'),(1112,20,'J',2,3,'active'),(1113,20,'J',3,3,'active'),(1114,20,'J',4,3,'active'),(1115,20,'J',5,3,'active'),(1116,20,'J',6,3,'active'),(1117,20,'J',7,3,'active'),(1118,20,'J',8,3,'active'),(1119,20,'J',9,3,'active'),(1120,20,'J',10,3,'active'),(1121,21,'A',1,1,'active'),(1122,21,'A',2,1,'active'),(1123,21,'A',3,1,'active'),(1124,21,'A',4,1,'active'),(1125,21,'A',5,1,'active'),(1126,21,'A',6,1,'active'),(1127,21,'A',7,1,'active'),(1128,21,'A',8,1,'active'),(1129,21,'A',9,1,'active'),(1130,21,'A',10,1,'active'),(1131,21,'B',1,1,'active'),(1132,21,'B',2,1,'active'),(1133,21,'B',3,1,'active'),(1134,21,'B',4,1,'active'),(1135,21,'B',5,1,'active'),(1136,21,'B',6,1,'active'),(1137,21,'B',7,1,'active'),(1138,21,'B',8,1,'active'),(1139,21,'B',9,1,'active'),(1140,21,'B',10,1,'active'),(1141,21,'C',1,1,'active'),(1142,21,'C',2,1,'active'),(1143,21,'C',3,1,'active'),(1144,21,'C',4,1,'active'),(1145,21,'C',5,1,'active'),(1146,21,'C',6,1,'active'),(1147,21,'C',7,1,'active'),(1148,21,'C',8,1,'active'),(1149,21,'C',9,1,'active'),(1150,21,'C',10,1,'active'),(1151,21,'D',1,1,'active'),(1152,21,'D',2,1,'active'),(1153,21,'D',3,1,'active'),(1154,21,'D',4,1,'active'),(1155,21,'D',5,1,'active'),(1156,21,'D',6,1,'active'),(1157,21,'D',7,1,'active'),(1158,21,'D',8,1,'active'),(1159,21,'D',9,1,'active'),(1160,21,'D',10,1,'active'),(1161,21,'E',1,1,'active'),(1162,21,'E',2,1,'active'),(1163,21,'E',3,1,'active'),(1164,21,'E',4,1,'active'),(1165,21,'E',5,1,'active'),(1166,21,'E',6,1,'active'),(1167,21,'E',7,1,'active'),(1168,21,'E',8,1,'active'),(1169,21,'E',9,1,'active'),(1170,21,'E',10,1,'active'),(1171,21,'F',1,1,'active'),(1172,21,'F',2,1,'active'),(1173,21,'F',3,1,'active'),(1174,21,'F',4,1,'active'),(1175,21,'F',5,1,'active'),(1176,21,'F',6,1,'active'),(1177,21,'F',7,1,'active'),(1178,21,'F',8,1,'active'),(1179,21,'F',9,1,'active'),(1180,21,'F',10,1,'active'),(1181,21,'G',1,2,'active'),(1182,21,'G',2,2,'active'),(1183,21,'G',3,2,'active'),(1184,21,'G',4,2,'active'),(1185,21,'G',5,2,'active'),(1186,21,'G',6,2,'active'),(1187,21,'G',7,2,'active'),(1188,21,'G',8,2,'active'),(1189,21,'G',9,2,'active'),(1190,21,'G',10,2,'active'),(1191,21,'H',1,2,'active'),(1192,21,'H',2,2,'active'),(1193,21,'H',3,2,'active'),(1194,21,'H',4,2,'active'),(1195,21,'H',5,2,'active'),(1196,21,'H',6,2,'active'),(1197,21,'H',7,2,'active'),(1198,21,'H',8,2,'active'),(1199,21,'H',9,2,'active'),(1200,21,'H',10,2,'active'),(1201,21,'J',1,3,'active'),(1202,21,'J',2,3,'active'),(1203,21,'J',3,3,'active'),(1204,21,'J',4,3,'active'),(1205,21,'J',5,3,'active'),(1206,21,'J',6,3,'active'),(1207,21,'J',7,3,'active'),(1208,21,'J',8,3,'active'),(1209,21,'J',9,3,'active'),(1210,21,'J',10,3,'active'),(1211,22,'A',1,1,'active'),(1212,22,'A',2,1,'active'),(1213,22,'A',3,1,'active'),(1214,22,'A',4,1,'active'),(1215,22,'A',5,1,'active'),(1216,22,'A',6,1,'active'),(1217,22,'A',7,1,'active'),(1218,22,'A',8,1,'active'),(1219,22,'A',9,1,'active'),(1220,22,'A',10,1,'active'),(1221,22,'B',1,1,'active'),(1222,22,'B',2,1,'active'),(1223,22,'B',3,1,'active'),(1224,22,'B',4,1,'active'),(1225,22,'B',5,1,'active'),(1226,22,'B',6,1,'active'),(1227,22,'B',7,1,'active'),(1228,22,'B',8,1,'active'),(1229,22,'B',9,1,'active'),(1230,22,'B',10,1,'active'),(1231,22,'C',1,1,'active'),(1232,22,'C',2,1,'active'),(1233,22,'C',3,1,'active'),(1234,22,'C',4,1,'active'),(1235,22,'C',5,1,'active'),(1236,22,'C',6,1,'active'),(1237,22,'C',7,1,'active'),(1238,22,'C',8,1,'active'),(1239,22,'C',9,1,'active'),(1240,22,'C',10,1,'active'),(1241,22,'D',1,1,'active'),(1242,22,'D',2,1,'active'),(1243,22,'D',3,1,'active'),(1244,22,'D',4,1,'active'),(1245,22,'D',5,1,'active'),(1246,22,'D',6,1,'active'),(1247,22,'D',7,1,'active'),(1248,22,'D',8,1,'active'),(1249,22,'D',9,1,'active'),(1250,22,'D',10,1,'active'),(1251,22,'E',1,1,'active'),(1252,22,'E',2,1,'active'),(1253,22,'E',3,1,'active'),(1254,22,'E',4,1,'active'),(1255,22,'E',5,1,'active'),(1256,22,'E',6,1,'active'),(1257,22,'E',7,1,'active'),(1258,22,'E',8,1,'active'),(1259,22,'E',9,1,'active'),(1260,22,'E',10,1,'active'),(1261,22,'F',1,1,'active'),(1262,22,'F',2,1,'active'),(1263,22,'F',3,1,'active'),(1264,22,'F',4,1,'active'),(1265,22,'F',5,1,'active'),(1266,22,'F',6,1,'active'),(1267,22,'F',7,1,'active'),(1268,22,'F',8,1,'active'),(1269,22,'F',9,1,'active'),(1270,22,'F',10,1,'active'),(1271,22,'G',1,2,'active'),(1272,22,'G',2,2,'active'),(1273,22,'G',3,2,'active'),(1274,22,'G',4,2,'active'),(1275,22,'G',5,2,'active'),(1276,22,'G',6,2,'active'),(1277,22,'G',7,2,'active'),(1278,22,'G',8,2,'active'),(1279,22,'G',9,2,'active'),(1280,22,'G',10,2,'active'),(1281,22,'H',1,2,'active'),(1282,22,'H',2,2,'active'),(1283,22,'H',3,2,'active'),(1284,22,'H',4,2,'active'),(1285,22,'H',5,2,'active'),(1286,22,'H',6,2,'active'),(1287,22,'H',7,2,'active'),(1288,22,'H',8,2,'active'),(1289,22,'H',9,2,'active'),(1290,22,'H',10,2,'active'),(1291,22,'J',1,3,'active'),(1292,22,'J',2,3,'active'),(1293,22,'J',3,3,'active'),(1294,22,'J',4,3,'active'),(1295,22,'J',5,3,'active'),(1296,22,'J',6,3,'active'),(1297,22,'J',7,3,'active'),(1298,22,'J',8,3,'active'),(1299,22,'J',9,3,'active'),(1300,22,'J',10,3,'active'),(1301,23,'A',1,1,'active'),(1302,23,'A',2,1,'active'),(1303,23,'A',3,1,'active'),(1304,23,'A',4,1,'active'),(1305,23,'A',5,1,'active'),(1306,23,'A',6,1,'active'),(1307,23,'A',7,1,'active'),(1308,23,'A',8,1,'active'),(1309,23,'A',9,1,'active'),(1310,23,'A',10,1,'active'),(1311,23,'B',1,1,'active'),(1312,23,'B',2,1,'active'),(1313,23,'B',3,1,'active'),(1314,23,'B',4,1,'active'),(1315,23,'B',5,1,'active'),(1316,23,'B',6,1,'active'),(1317,23,'B',7,1,'active'),(1318,23,'B',8,1,'active'),(1319,23,'B',9,1,'active'),(1320,23,'B',10,1,'active'),(1321,23,'C',1,1,'active'),(1322,23,'C',2,1,'active'),(1323,23,'C',3,1,'active'),(1324,23,'C',4,1,'active'),(1325,23,'C',5,1,'active'),(1326,23,'C',6,1,'active'),(1327,23,'C',7,1,'active'),(1328,23,'C',8,1,'active'),(1329,23,'C',9,1,'active'),(1330,23,'C',10,1,'active'),(1331,23,'D',1,1,'active'),(1332,23,'D',2,1,'active'),(1333,23,'D',3,1,'active'),(1334,23,'D',4,1,'active'),(1335,23,'D',5,1,'active'),(1336,23,'D',6,1,'active'),(1337,23,'D',7,1,'active'),(1338,23,'D',8,1,'active'),(1339,23,'D',9,1,'active'),(1340,23,'D',10,1,'active'),(1341,23,'E',1,1,'active'),(1342,23,'E',2,1,'active'),(1343,23,'E',3,1,'active'),(1344,23,'E',4,1,'active'),(1345,23,'E',5,1,'active'),(1346,23,'E',6,1,'active'),(1347,23,'E',7,1,'active'),(1348,23,'E',8,1,'active'),(1349,23,'E',9,1,'active'),(1350,23,'E',10,1,'active'),(1351,23,'F',1,1,'active'),(1352,23,'F',2,1,'active'),(1353,23,'F',3,1,'active'),(1354,23,'F',4,1,'active'),(1355,23,'F',5,1,'active'),(1356,23,'F',6,1,'active'),(1357,23,'F',7,1,'active'),(1358,23,'F',8,1,'active'),(1359,23,'F',9,1,'active'),(1360,23,'F',10,1,'active'),(1361,23,'G',1,2,'active'),(1362,23,'G',2,2,'active'),(1363,23,'G',3,2,'active'),(1364,23,'G',4,2,'active'),(1365,23,'G',5,2,'active'),(1366,23,'G',6,2,'active'),(1367,23,'G',7,2,'active'),(1368,23,'G',8,2,'active'),(1369,23,'G',9,2,'active'),(1370,23,'G',10,2,'active'),(1371,23,'H',1,2,'active'),(1372,23,'H',2,2,'active'),(1373,23,'H',3,2,'active'),(1374,23,'H',4,2,'active'),(1375,23,'H',5,2,'active'),(1376,23,'H',6,2,'active'),(1377,23,'H',7,2,'active'),(1378,23,'H',8,2,'active'),(1379,23,'H',9,2,'active'),(1380,23,'H',10,2,'active'),(1381,23,'J',1,3,'active'),(1382,23,'J',2,3,'active'),(1383,23,'J',3,3,'active'),(1384,23,'J',4,3,'active'),(1385,23,'J',5,3,'active'),(1386,23,'J',6,3,'active'),(1387,23,'J',7,3,'active'),(1388,23,'J',8,3,'active'),(1389,23,'J',9,3,'active'),(1390,23,'J',10,3,'active'),(1391,24,'A',1,1,'active'),(1392,24,'A',2,1,'active'),(1393,24,'A',3,1,'active'),(1394,24,'A',4,1,'active'),(1395,24,'A',5,1,'active'),(1396,24,'A',6,1,'active'),(1397,24,'A',7,1,'active'),(1398,24,'A',8,1,'active'),(1399,24,'A',9,1,'active'),(1400,24,'A',10,1,'active'),(1401,24,'B',1,1,'active'),(1402,24,'B',2,1,'active'),(1403,24,'B',3,1,'active'),(1404,24,'B',4,1,'active'),(1405,24,'B',5,1,'active'),(1406,24,'B',6,1,'active'),(1407,24,'B',7,1,'active'),(1408,24,'B',8,1,'active'),(1409,24,'B',9,1,'active'),(1410,24,'B',10,1,'active'),(1411,24,'C',1,1,'active'),(1412,24,'C',2,1,'active'),(1413,24,'C',3,1,'active'),(1414,24,'C',4,1,'active'),(1415,24,'C',5,1,'active'),(1416,24,'C',6,1,'active'),(1417,24,'C',7,1,'active'),(1418,24,'C',8,1,'active'),(1419,24,'C',9,1,'active'),(1420,24,'C',10,1,'active'),(1421,24,'D',1,1,'active'),(1422,24,'D',2,1,'active'),(1423,24,'D',3,1,'active'),(1424,24,'D',4,1,'active'),(1425,24,'D',5,1,'active'),(1426,24,'D',6,1,'active'),(1427,24,'D',7,1,'active'),(1428,24,'D',8,1,'active'),(1429,24,'D',9,1,'active'),(1430,24,'D',10,1,'active'),(1431,24,'E',1,1,'active'),(1432,24,'E',2,1,'active'),(1433,24,'E',3,1,'active'),(1434,24,'E',4,1,'active'),(1435,24,'E',5,1,'active'),(1436,24,'E',6,1,'active'),(1437,24,'E',7,1,'active'),(1438,24,'E',8,1,'active'),(1439,24,'E',9,1,'active'),(1440,24,'E',10,1,'active'),(1441,24,'F',1,1,'active'),(1442,24,'F',2,1,'active'),(1443,24,'F',3,1,'active'),(1444,24,'F',4,1,'active'),(1445,24,'F',5,1,'active'),(1446,24,'F',6,1,'active'),(1447,24,'F',7,1,'active'),(1448,24,'F',8,1,'active'),(1449,24,'F',9,1,'active'),(1450,24,'F',10,1,'active'),(1451,24,'G',1,2,'active'),(1452,24,'G',2,2,'active'),(1453,24,'G',3,2,'active'),(1454,24,'G',4,2,'active'),(1455,24,'G',5,2,'active'),(1456,24,'G',6,2,'active'),(1457,24,'G',7,2,'active'),(1458,24,'G',8,2,'active'),(1459,24,'G',9,2,'active'),(1460,24,'G',10,2,'active'),(1461,24,'H',1,2,'active'),(1462,24,'H',2,2,'active'),(1463,24,'H',3,2,'active'),(1464,24,'H',4,2,'active'),(1465,24,'H',5,2,'active'),(1466,24,'H',6,2,'active'),(1467,24,'H',7,2,'active'),(1468,24,'H',8,2,'active'),(1469,24,'H',9,2,'active'),(1470,24,'H',10,2,'active'),(1471,24,'J',1,3,'active'),(1472,24,'J',2,3,'active'),(1473,24,'J',3,3,'active'),(1474,24,'J',4,3,'active'),(1475,24,'J',5,3,'active'),(1476,24,'J',6,3,'active'),(1477,24,'J',7,3,'active'),(1478,24,'J',8,3,'active'),(1479,24,'J',9,3,'active'),(1480,24,'J',10,3,'active'),(1481,25,'A',1,1,'active'),(1482,25,'A',2,1,'active'),(1483,25,'A',3,1,'active'),(1484,25,'A',4,1,'active'),(1485,25,'A',5,1,'active'),(1486,25,'A',6,1,'active'),(1487,25,'A',7,1,'active'),(1488,25,'A',8,1,'active'),(1489,25,'A',9,1,'active'),(1490,25,'A',10,1,'active'),(1491,25,'B',1,1,'active'),(1492,25,'B',2,1,'active'),(1493,25,'B',3,1,'active'),(1494,25,'B',4,1,'active'),(1495,25,'B',5,1,'active'),(1496,25,'B',6,1,'active'),(1497,25,'B',7,1,'active'),(1498,25,'B',8,1,'active'),(1499,25,'B',9,1,'active'),(1500,25,'B',10,1,'active'),(1501,25,'C',1,1,'active'),(1502,25,'C',2,1,'active'),(1503,25,'C',3,1,'active'),(1504,25,'C',4,1,'active'),(1505,25,'C',5,1,'active'),(1506,25,'C',6,1,'active'),(1507,25,'C',7,1,'active'),(1508,25,'C',8,1,'active'),(1509,25,'C',9,1,'active'),(1510,25,'C',10,1,'active'),(1511,25,'D',1,1,'active'),(1512,25,'D',2,1,'active'),(1513,25,'D',3,1,'active'),(1514,25,'D',4,1,'active'),(1515,25,'D',5,1,'active'),(1516,25,'D',6,1,'active'),(1517,25,'D',7,1,'active'),(1518,25,'D',8,1,'active'),(1519,25,'D',9,1,'active'),(1520,25,'D',10,1,'active'),(1521,25,'E',1,1,'active'),(1522,25,'E',2,1,'active'),(1523,25,'E',3,1,'active'),(1524,25,'E',4,1,'active'),(1525,25,'E',5,1,'active'),(1526,25,'E',6,1,'active'),(1527,25,'E',7,1,'active'),(1528,25,'E',8,1,'active'),(1529,25,'E',9,1,'active'),(1530,25,'E',10,1,'active'),(1531,25,'F',1,1,'active'),(1532,25,'F',2,1,'active'),(1533,25,'F',3,1,'active'),(1534,25,'F',4,1,'active'),(1535,25,'F',5,1,'active'),(1536,25,'F',6,1,'active'),(1537,25,'F',7,1,'active'),(1538,25,'F',8,1,'active'),(1539,25,'F',9,1,'active'),(1540,25,'F',10,1,'active'),(1541,25,'G',1,2,'active'),(1542,25,'G',2,2,'active'),(1543,25,'G',3,2,'active'),(1544,25,'G',4,2,'active'),(1545,25,'G',5,2,'active'),(1546,25,'G',6,2,'active'),(1547,25,'G',7,2,'active'),(1548,25,'G',8,2,'active'),(1549,25,'G',9,2,'active'),(1550,25,'G',10,2,'active'),(1551,25,'H',1,2,'active'),(1552,25,'H',2,2,'active'),(1553,25,'H',3,2,'active'),(1554,25,'H',4,2,'active'),(1555,25,'H',5,2,'active'),(1556,25,'H',6,2,'active'),(1557,25,'H',7,2,'active'),(1558,25,'H',8,2,'active'),(1559,25,'H',9,2,'active'),(1560,25,'H',10,2,'active'),(1561,25,'J',1,3,'active'),(1562,25,'J',2,3,'active'),(1563,25,'J',3,3,'active'),(1564,25,'J',4,3,'active'),(1565,25,'J',5,3,'active'),(1566,25,'J',6,3,'active'),(1567,25,'J',7,3,'active'),(1568,25,'J',8,3,'active'),(1569,25,'J',9,3,'active'),(1570,25,'J',10,3,'active'),(1571,26,'A',1,1,'active'),(1572,26,'A',2,1,'active'),(1573,26,'A',3,1,'active'),(1574,26,'A',4,1,'active'),(1575,26,'A',5,1,'active'),(1576,26,'A',6,1,'active'),(1577,26,'A',7,1,'active'),(1578,26,'A',8,1,'active'),(1579,26,'A',9,1,'active'),(1580,26,'A',10,1,'active'),(1581,26,'B',1,1,'active'),(1582,26,'B',2,1,'active'),(1583,26,'B',3,1,'active'),(1584,26,'B',4,1,'active'),(1585,26,'B',5,1,'active'),(1586,26,'B',6,1,'active'),(1587,26,'B',7,1,'active'),(1588,26,'B',8,1,'active'),(1589,26,'B',9,1,'active'),(1590,26,'B',10,1,'active'),(1591,26,'C',1,1,'active'),(1592,26,'C',2,1,'active'),(1593,26,'C',3,1,'active'),(1594,26,'C',4,1,'active'),(1595,26,'C',5,1,'active'),(1596,26,'C',6,1,'active'),(1597,26,'C',7,1,'active'),(1598,26,'C',8,1,'active'),(1599,26,'C',9,1,'active'),(1600,26,'C',10,1,'active'),(1601,26,'D',1,1,'active'),(1602,26,'D',2,1,'active'),(1603,26,'D',3,1,'active'),(1604,26,'D',4,1,'active'),(1605,26,'D',5,1,'active'),(1606,26,'D',6,1,'active'),(1607,26,'D',7,1,'active'),(1608,26,'D',8,1,'active'),(1609,26,'D',9,1,'active'),(1610,26,'D',10,1,'active'),(1611,26,'E',1,1,'active'),(1612,26,'E',2,1,'active'),(1613,26,'E',3,1,'active'),(1614,26,'E',4,1,'active'),(1615,26,'E',5,1,'active'),(1616,26,'E',6,1,'active'),(1617,26,'E',7,1,'active'),(1618,26,'E',8,1,'active'),(1619,26,'E',9,1,'active'),(1620,26,'E',10,1,'active'),(1621,26,'F',1,1,'active'),(1622,26,'F',2,1,'active'),(1623,26,'F',3,1,'active'),(1624,26,'F',4,1,'active'),(1625,26,'F',5,1,'active'),(1626,26,'F',6,1,'active'),(1627,26,'F',7,1,'active'),(1628,26,'F',8,1,'active'),(1629,26,'F',9,1,'active'),(1630,26,'F',10,1,'active'),(1631,26,'G',1,2,'active'),(1632,26,'G',2,2,'active'),(1633,26,'G',3,2,'active'),(1634,26,'G',4,2,'active'),(1635,26,'G',5,2,'active'),(1636,26,'G',6,2,'active'),(1637,26,'G',7,2,'active'),(1638,26,'G',8,2,'active'),(1639,26,'G',9,2,'active'),(1640,26,'G',10,2,'active'),(1641,26,'H',1,2,'active'),(1642,26,'H',2,2,'active'),(1643,26,'H',3,2,'active'),(1644,26,'H',4,2,'active'),(1645,26,'H',5,2,'active'),(1646,26,'H',6,2,'active'),(1647,26,'H',7,2,'active'),(1648,26,'H',8,2,'active'),(1649,26,'H',9,2,'active'),(1650,26,'H',10,2,'active'),(1651,26,'J',1,3,'active'),(1652,26,'J',2,3,'active'),(1653,26,'J',3,3,'active'),(1654,26,'J',4,3,'active'),(1655,26,'J',5,3,'active'),(1656,26,'J',6,3,'active'),(1657,26,'J',7,3,'active'),(1658,26,'J',8,3,'active'),(1659,26,'J',9,3,'active'),(1660,26,'J',10,3,'active'),(1661,27,'A',1,1,'active'),(1662,27,'A',2,1,'active'),(1663,27,'A',3,1,'active'),(1664,27,'A',4,1,'active'),(1665,27,'A',5,1,'active'),(1666,27,'A',6,1,'active'),(1667,27,'A',7,1,'active'),(1668,27,'A',8,1,'active'),(1669,27,'A',9,1,'active'),(1670,27,'A',10,1,'active'),(1671,27,'B',1,1,'active'),(1672,27,'B',2,1,'active'),(1673,27,'B',3,1,'active'),(1674,27,'B',4,1,'active'),(1675,27,'B',5,1,'active'),(1676,27,'B',6,1,'active'),(1677,27,'B',7,1,'active'),(1678,27,'B',8,1,'active'),(1679,27,'B',9,1,'active'),(1680,27,'B',10,1,'active'),(1681,27,'C',1,1,'active'),(1682,27,'C',2,1,'active'),(1683,27,'C',3,1,'active'),(1684,27,'C',4,1,'active'),(1685,27,'C',5,1,'active'),(1686,27,'C',6,1,'active'),(1687,27,'C',7,1,'active'),(1688,27,'C',8,1,'active'),(1689,27,'C',9,1,'active'),(1690,27,'C',10,1,'active'),(1691,27,'D',1,1,'active'),(1692,27,'D',2,1,'active'),(1693,27,'D',3,1,'active'),(1694,27,'D',4,1,'active'),(1695,27,'D',5,1,'active'),(1696,27,'D',6,1,'active'),(1697,27,'D',7,1,'active'),(1698,27,'D',8,1,'active'),(1699,27,'D',9,1,'active'),(1700,27,'D',10,1,'active'),(1701,27,'E',1,1,'active'),(1702,27,'E',2,1,'active'),(1703,27,'E',3,1,'active'),(1704,27,'E',4,1,'active'),(1705,27,'E',5,1,'active'),(1706,27,'E',6,1,'active'),(1707,27,'E',7,1,'active'),(1708,27,'E',8,1,'active'),(1709,27,'E',9,1,'active'),(1710,27,'E',10,1,'active'),(1711,27,'F',1,1,'active'),(1712,27,'F',2,1,'active'),(1713,27,'F',3,1,'active'),(1714,27,'F',4,1,'active'),(1715,27,'F',5,1,'active'),(1716,27,'F',6,1,'active'),(1717,27,'F',7,1,'active'),(1718,27,'F',8,1,'active'),(1719,27,'F',9,1,'active'),(1720,27,'F',10,1,'active'),(1721,27,'G',1,2,'active'),(1722,27,'G',2,2,'active'),(1723,27,'G',3,2,'active'),(1724,27,'G',4,2,'active'),(1725,27,'G',5,2,'active'),(1726,27,'G',6,2,'active'),(1727,27,'G',7,2,'active'),(1728,27,'G',8,2,'active'),(1729,27,'G',9,2,'active'),(1730,27,'G',10,2,'active'),(1731,27,'H',1,2,'active'),(1732,27,'H',2,2,'active'),(1733,27,'H',3,2,'active'),(1734,27,'H',4,2,'active'),(1735,27,'H',5,2,'active'),(1736,27,'H',6,2,'active'),(1737,27,'H',7,2,'active'),(1738,27,'H',8,2,'active'),(1739,27,'H',9,2,'active'),(1740,27,'H',10,2,'active'),(1741,27,'J',1,3,'active'),(1742,27,'J',2,3,'active'),(1743,27,'J',3,3,'active'),(1744,27,'J',4,3,'active'),(1745,27,'J',5,3,'active'),(1746,27,'J',6,3,'active'),(1747,27,'J',7,3,'active'),(1748,27,'J',8,3,'active'),(1749,27,'J',9,3,'active'),(1750,27,'J',10,3,'active'),(1751,28,'A',1,1,'active'),(1752,28,'A',2,1,'active'),(1753,28,'A',3,1,'active'),(1754,28,'A',4,1,'active'),(1755,28,'A',5,1,'active'),(1756,28,'A',6,1,'active'),(1757,28,'A',7,1,'active'),(1758,28,'A',8,1,'active'),(1759,28,'A',9,1,'active'),(1760,28,'A',10,1,'active'),(1761,28,'B',1,1,'active'),(1762,28,'B',2,1,'active'),(1763,28,'B',3,1,'active'),(1764,28,'B',4,1,'active'),(1765,28,'B',5,1,'active'),(1766,28,'B',6,1,'active'),(1767,28,'B',7,1,'active'),(1768,28,'B',8,1,'active'),(1769,28,'B',9,1,'active'),(1770,28,'B',10,1,'active'),(1771,28,'C',1,1,'active'),(1772,28,'C',2,1,'active'),(1773,28,'C',3,1,'active'),(1774,28,'C',4,1,'active'),(1775,28,'C',5,1,'active'),(1776,28,'C',6,1,'active'),(1777,28,'C',7,1,'active'),(1778,28,'C',8,1,'active'),(1779,28,'C',9,1,'active'),(1780,28,'C',10,1,'active'),(1781,28,'D',1,1,'active'),(1782,28,'D',2,1,'active'),(1783,28,'D',3,1,'active'),(1784,28,'D',4,1,'active'),(1785,28,'D',5,1,'active'),(1786,28,'D',6,1,'active'),(1787,28,'D',7,1,'active'),(1788,28,'D',8,1,'active'),(1789,28,'D',9,1,'active'),(1790,28,'D',10,1,'active'),(1791,28,'E',1,1,'active'),(1792,28,'E',2,1,'active'),(1793,28,'E',3,1,'active'),(1794,28,'E',4,1,'active'),(1795,28,'E',5,1,'active'),(1796,28,'E',6,1,'active'),(1797,28,'E',7,1,'active'),(1798,28,'E',8,1,'active'),(1799,28,'E',9,1,'active'),(1800,28,'E',10,1,'active'),(1801,28,'F',1,1,'active'),(1802,28,'F',2,1,'active'),(1803,28,'F',3,1,'active'),(1804,28,'F',4,1,'active'),(1805,28,'F',5,1,'active'),(1806,28,'F',6,1,'active'),(1807,28,'F',7,1,'active'),(1808,28,'F',8,1,'active'),(1809,28,'F',9,1,'active'),(1810,28,'F',10,1,'active'),(1811,28,'G',1,2,'active'),(1812,28,'G',2,2,'active'),(1813,28,'G',3,2,'active'),(1814,28,'G',4,2,'active'),(1815,28,'G',5,2,'active'),(1816,28,'G',6,2,'active'),(1817,28,'G',7,2,'active'),(1818,28,'G',8,2,'active'),(1819,28,'G',9,2,'active'),(1820,28,'G',10,2,'active'),(1821,28,'H',1,2,'active'),(1822,28,'H',2,2,'active'),(1823,28,'H',3,2,'active'),(1824,28,'H',4,2,'active'),(1825,28,'H',5,2,'active'),(1826,28,'H',6,2,'active'),(1827,28,'H',7,2,'active'),(1828,28,'H',8,2,'active'),(1829,28,'H',9,2,'active'),(1830,28,'H',10,2,'active'),(1831,28,'J',1,3,'active'),(1832,28,'J',2,3,'active'),(1833,28,'J',3,3,'active'),(1834,28,'J',4,3,'active'),(1835,28,'J',5,3,'active'),(1836,28,'J',6,3,'active'),(1837,28,'J',7,3,'active'),(1838,28,'J',8,3,'active'),(1839,28,'J',9,3,'active'),(1840,28,'J',10,3,'active'),(1841,29,'A',1,1,'active'),(1842,29,'A',2,1,'active'),(1843,29,'A',3,1,'active'),(1844,29,'A',4,1,'active'),(1845,29,'A',5,1,'active'),(1846,29,'A',6,1,'active'),(1847,29,'A',7,1,'active'),(1848,29,'A',8,1,'active'),(1849,29,'A',9,1,'active'),(1850,29,'A',10,1,'active'),(1851,29,'B',1,1,'active'),(1852,29,'B',2,1,'active'),(1853,29,'B',3,1,'active'),(1854,29,'B',4,1,'active'),(1855,29,'B',5,1,'active'),(1856,29,'B',6,1,'active'),(1857,29,'B',7,1,'active'),(1858,29,'B',8,1,'active'),(1859,29,'B',9,1,'active'),(1860,29,'B',10,1,'active'),(1861,29,'C',1,1,'active'),(1862,29,'C',2,1,'active'),(1863,29,'C',3,1,'active'),(1864,29,'C',4,1,'active'),(1865,29,'C',5,1,'active'),(1866,29,'C',6,1,'active'),(1867,29,'C',7,1,'active'),(1868,29,'C',8,1,'active'),(1869,29,'C',9,1,'active'),(1870,29,'C',10,1,'active'),(1871,29,'D',1,1,'active'),(1872,29,'D',2,1,'active'),(1873,29,'D',3,1,'active'),(1874,29,'D',4,1,'active'),(1875,29,'D',5,1,'active'),(1876,29,'D',6,1,'active'),(1877,29,'D',7,1,'active'),(1878,29,'D',8,1,'active'),(1879,29,'D',9,1,'active'),(1880,29,'D',10,1,'active'),(1881,29,'E',1,1,'active'),(1882,29,'E',2,1,'active'),(1883,29,'E',3,1,'active'),(1884,29,'E',4,1,'active'),(1885,29,'E',5,1,'active'),(1886,29,'E',6,1,'active'),(1887,29,'E',7,1,'active'),(1888,29,'E',8,1,'active'),(1889,29,'E',9,1,'active'),(1890,29,'E',10,1,'active'),(1891,29,'F',1,1,'active'),(1892,29,'F',2,1,'active'),(1893,29,'F',3,1,'active'),(1894,29,'F',4,1,'active'),(1895,29,'F',5,1,'active'),(1896,29,'F',6,1,'active'),(1897,29,'F',7,1,'active'),(1898,29,'F',8,1,'active'),(1899,29,'F',9,1,'active'),(1900,29,'F',10,1,'active'),(1901,29,'G',1,2,'active'),(1902,29,'G',2,2,'active'),(1903,29,'G',3,2,'active'),(1904,29,'G',4,2,'active'),(1905,29,'G',5,2,'active'),(1906,29,'G',6,2,'active'),(1907,29,'G',7,2,'active'),(1908,29,'G',8,2,'active'),(1909,29,'G',9,2,'active'),(1910,29,'G',10,2,'active'),(1911,29,'H',1,2,'active'),(1912,29,'H',2,2,'active'),(1913,29,'H',3,2,'active'),(1914,29,'H',4,2,'active'),(1915,29,'H',5,2,'active'),(1916,29,'H',6,2,'active'),(1917,29,'H',7,2,'active'),(1918,29,'H',8,2,'active'),(1919,29,'H',9,2,'active'),(1920,29,'H',10,2,'active'),(1921,29,'J',1,3,'active'),(1922,29,'J',2,3,'active'),(1923,29,'J',3,3,'active'),(1924,29,'J',4,3,'active'),(1925,29,'J',5,3,'active'),(1926,29,'J',6,3,'active'),(1927,29,'J',7,3,'active'),(1928,29,'J',8,3,'active'),(1929,29,'J',9,3,'active'),(1930,29,'J',10,3,'active'),(1931,30,'A',1,1,'active'),(1932,30,'A',2,1,'active'),(1933,30,'A',3,1,'active'),(1934,30,'A',4,1,'active'),(1935,30,'A',5,1,'active'),(1936,30,'A',6,1,'active'),(1937,30,'A',7,1,'active'),(1938,30,'A',8,1,'active'),(1939,30,'A',9,1,'active'),(1940,30,'A',10,1,'active'),(1941,30,'B',1,1,'active'),(1942,30,'B',2,1,'active'),(1943,30,'B',3,1,'active'),(1944,30,'B',4,1,'active'),(1945,30,'B',5,1,'active'),(1946,30,'B',6,1,'active'),(1947,30,'B',7,1,'active'),(1948,30,'B',8,1,'active'),(1949,30,'B',9,1,'active'),(1950,30,'B',10,1,'active'),(1951,30,'C',1,1,'active'),(1952,30,'C',2,1,'active'),(1953,30,'C',3,1,'active'),(1954,30,'C',4,1,'active'),(1955,30,'C',5,1,'active'),(1956,30,'C',6,1,'active'),(1957,30,'C',7,1,'active'),(1958,30,'C',8,1,'active'),(1959,30,'C',9,1,'active'),(1960,30,'C',10,1,'active'),(1961,30,'D',1,1,'active'),(1962,30,'D',2,1,'active'),(1963,30,'D',3,1,'active'),(1964,30,'D',4,1,'active'),(1965,30,'D',5,1,'active'),(1966,30,'D',6,1,'active'),(1967,30,'D',7,1,'active'),(1968,30,'D',8,1,'active'),(1969,30,'D',9,1,'active'),(1970,30,'D',10,1,'active'),(1971,30,'E',1,1,'active'),(1972,30,'E',2,1,'active'),(1973,30,'E',3,1,'active'),(1974,30,'E',4,1,'active'),(1975,30,'E',5,1,'active'),(1976,30,'E',6,1,'active'),(1977,30,'E',7,1,'active'),(1978,30,'E',8,1,'active'),(1979,30,'E',9,1,'active'),(1980,30,'E',10,1,'active'),(1981,30,'F',1,1,'active'),(1982,30,'F',2,1,'active'),(1983,30,'F',3,1,'active'),(1984,30,'F',4,1,'active'),(1985,30,'F',5,1,'active'),(1986,30,'F',6,1,'active'),(1987,30,'F',7,1,'active'),(1988,30,'F',8,1,'active'),(1989,30,'F',9,1,'active'),(1990,30,'F',10,1,'active'),(1991,30,'G',1,2,'active'),(1992,30,'G',2,2,'active'),(1993,30,'G',3,2,'active'),(1994,30,'G',4,2,'active'),(1995,30,'G',5,2,'active'),(1996,30,'G',6,2,'active'),(1997,30,'G',7,2,'active'),(1998,30,'G',8,2,'active'),(1999,30,'G',9,2,'active'),(2000,30,'G',10,2,'active'),(2001,30,'H',1,2,'active'),(2002,30,'H',2,2,'active'),(2003,30,'H',3,2,'active'),(2004,30,'H',4,2,'active'),(2005,30,'H',5,2,'active'),(2006,30,'H',6,2,'active'),(2007,30,'H',7,2,'active'),(2008,30,'H',8,2,'active'),(2009,30,'H',9,2,'active'),(2010,30,'H',10,2,'active'),(2011,30,'J',1,3,'active'),(2012,30,'J',2,3,'active'),(2013,30,'J',3,3,'active'),(2014,30,'J',4,3,'active'),(2015,30,'J',5,3,'active'),(2016,30,'J',6,3,'active'),(2017,30,'J',7,3,'active'),(2018,30,'J',8,3,'active'),(2019,30,'J',9,3,'active'),(2020,30,'J',10,3,'active'),(2021,31,'A',1,1,'active'),(2022,31,'A',2,1,'active'),(2023,31,'A',3,1,'active'),(2024,31,'A',4,1,'active'),(2025,31,'A',5,1,'active'),(2026,31,'A',6,1,'active'),(2027,31,'A',7,1,'active'),(2028,31,'A',8,1,'active'),(2029,31,'A',9,1,'active'),(2030,31,'A',10,1,'active'),(2031,31,'B',1,1,'active'),(2032,31,'B',2,1,'active'),(2033,31,'B',3,1,'active'),(2034,31,'B',4,1,'active'),(2035,31,'B',5,1,'active'),(2036,31,'B',6,1,'active'),(2037,31,'B',7,1,'active'),(2038,31,'B',8,1,'active'),(2039,31,'B',9,1,'active'),(2040,31,'B',10,1,'active'),(2041,31,'C',1,1,'active'),(2042,31,'C',2,1,'active'),(2043,31,'C',3,1,'active'),(2044,31,'C',4,1,'active'),(2045,31,'C',5,1,'active'),(2046,31,'C',6,1,'active'),(2047,31,'C',7,1,'active'),(2048,31,'C',8,1,'active'),(2049,31,'C',9,1,'active'),(2050,31,'C',10,1,'active'),(2051,31,'D',1,1,'active'),(2052,31,'D',2,1,'active'),(2053,31,'D',3,1,'active'),(2054,31,'D',4,1,'active'),(2055,31,'D',5,1,'active'),(2056,31,'D',6,1,'active'),(2057,31,'D',7,1,'active'),(2058,31,'D',8,1,'active'),(2059,31,'D',9,1,'active'),(2060,31,'D',10,1,'active'),(2061,31,'E',1,1,'active'),(2062,31,'E',2,1,'active'),(2063,31,'E',3,1,'active'),(2064,31,'E',4,1,'active'),(2065,31,'E',5,1,'active'),(2066,31,'E',6,1,'active'),(2067,31,'E',7,1,'active'),(2068,31,'E',8,1,'active'),(2069,31,'E',9,1,'active'),(2070,31,'E',10,1,'active'),(2071,31,'F',1,1,'active'),(2072,31,'F',2,1,'active'),(2073,31,'F',3,1,'active'),(2074,31,'F',4,1,'active'),(2075,31,'F',5,1,'active'),(2076,31,'F',6,1,'active'),(2077,31,'F',7,1,'active'),(2078,31,'F',8,1,'active'),(2079,31,'F',9,1,'active'),(2080,31,'F',10,1,'active'),(2081,31,'G',1,2,'active'),(2082,31,'G',2,2,'active'),(2083,31,'G',3,2,'active'),(2084,31,'G',4,2,'active'),(2085,31,'G',5,2,'active'),(2086,31,'G',6,2,'active'),(2087,31,'G',7,2,'active'),(2088,31,'G',8,2,'active'),(2089,31,'G',9,2,'active'),(2090,31,'G',10,2,'active'),(2091,31,'H',1,2,'active'),(2092,31,'H',2,2,'active'),(2093,31,'H',3,2,'active'),(2094,31,'H',4,2,'active'),(2095,31,'H',5,2,'active'),(2096,31,'H',6,2,'active'),(2097,31,'H',7,2,'active'),(2098,31,'H',8,2,'active'),(2099,31,'H',9,2,'active'),(2100,31,'H',10,2,'active'),(2101,31,'J',1,3,'active'),(2102,31,'J',2,3,'active'),(2103,31,'J',3,3,'active'),(2104,31,'J',4,3,'active'),(2105,31,'J',5,3,'active'),(2106,31,'J',6,3,'active'),(2107,31,'J',7,3,'active'),(2108,31,'J',8,3,'active'),(2109,31,'J',9,3,'active'),(2110,31,'J',10,3,'active'),(2111,32,'A',1,1,'active'),(2112,32,'A',2,1,'active'),(2113,32,'A',3,1,'active'),(2114,32,'A',4,1,'active'),(2115,32,'A',5,1,'active'),(2116,32,'A',6,1,'active'),(2117,32,'A',7,1,'active'),(2118,32,'A',8,1,'active'),(2119,32,'A',9,1,'active'),(2120,32,'A',10,1,'active'),(2121,32,'B',1,1,'active'),(2122,32,'B',2,1,'active'),(2123,32,'B',3,1,'active'),(2124,32,'B',4,1,'active'),(2125,32,'B',5,1,'active'),(2126,32,'B',6,1,'active'),(2127,32,'B',7,1,'active'),(2128,32,'B',8,1,'active'),(2129,32,'B',9,1,'active'),(2130,32,'B',10,1,'active'),(2131,32,'C',1,1,'active'),(2132,32,'C',2,1,'active'),(2133,32,'C',3,1,'active'),(2134,32,'C',4,1,'active'),(2135,32,'C',5,1,'active'),(2136,32,'C',6,1,'active'),(2137,32,'C',7,1,'active'),(2138,32,'C',8,1,'active'),(2139,32,'C',9,1,'active'),(2140,32,'C',10,1,'active'),(2141,32,'D',1,1,'active'),(2142,32,'D',2,1,'active'),(2143,32,'D',3,1,'active'),(2144,32,'D',4,1,'active'),(2145,32,'D',5,1,'active'),(2146,32,'D',6,1,'active'),(2147,32,'D',7,1,'active'),(2148,32,'D',8,1,'active'),(2149,32,'D',9,1,'active'),(2150,32,'D',10,1,'active'),(2151,32,'E',1,1,'active'),(2152,32,'E',2,1,'active'),(2153,32,'E',3,1,'active'),(2154,32,'E',4,1,'active'),(2155,32,'E',5,1,'active'),(2156,32,'E',6,1,'active'),(2157,32,'E',7,1,'active'),(2158,32,'E',8,1,'active'),(2159,32,'E',9,1,'active'),(2160,32,'E',10,1,'active'),(2161,32,'F',1,1,'active'),(2162,32,'F',2,1,'active'),(2163,32,'F',3,1,'active'),(2164,32,'F',4,1,'active'),(2165,32,'F',5,1,'active'),(2166,32,'F',6,1,'active'),(2167,32,'F',7,1,'active'),(2168,32,'F',8,1,'active'),(2169,32,'F',9,1,'active'),(2170,32,'F',10,1,'active'),(2171,32,'G',1,2,'active'),(2172,32,'G',2,2,'active'),(2173,32,'G',3,2,'active'),(2174,32,'G',4,2,'active'),(2175,32,'G',5,2,'active'),(2176,32,'G',6,2,'active'),(2177,32,'G',7,2,'active'),(2178,32,'G',8,2,'active'),(2179,32,'G',9,2,'active'),(2180,32,'G',10,2,'active'),(2181,32,'H',1,2,'active'),(2182,32,'H',2,2,'active'),(2183,32,'H',3,2,'active'),(2184,32,'H',4,2,'active'),(2185,32,'H',5,2,'active'),(2186,32,'H',6,2,'active'),(2187,32,'H',7,2,'active'),(2188,32,'H',8,2,'active'),(2189,32,'H',9,2,'active'),(2190,32,'H',10,2,'active'),(2191,32,'J',1,3,'active'),(2192,32,'J',2,3,'active'),(2193,32,'J',3,3,'active'),(2194,32,'J',4,3,'active'),(2195,32,'J',5,3,'active'),(2196,32,'J',6,3,'active'),(2197,32,'J',7,3,'active'),(2198,32,'J',8,3,'active'),(2199,32,'J',9,3,'active'),(2200,32,'J',10,3,'active'),(2201,33,'A',1,1,'active'),(2202,33,'A',2,1,'active'),(2203,33,'A',3,1,'active'),(2204,33,'A',4,1,'active'),(2205,33,'A',5,1,'active'),(2206,33,'A',6,1,'active'),(2207,33,'A',7,1,'active'),(2208,33,'A',8,1,'active'),(2209,33,'A',9,1,'active'),(2210,33,'A',10,1,'active'),(2211,33,'B',1,1,'active'),(2212,33,'B',2,1,'active'),(2213,33,'B',3,1,'active'),(2214,33,'B',4,1,'active'),(2215,33,'B',5,1,'active'),(2216,33,'B',6,1,'active'),(2217,33,'B',7,1,'active'),(2218,33,'B',8,1,'active'),(2219,33,'B',9,1,'active'),(2220,33,'B',10,1,'active'),(2221,33,'C',1,1,'active'),(2222,33,'C',2,1,'active'),(2223,33,'C',3,1,'active'),(2224,33,'C',4,1,'active'),(2225,33,'C',5,1,'active'),(2226,33,'C',6,1,'active'),(2227,33,'C',7,1,'active'),(2228,33,'C',8,1,'active'),(2229,33,'C',9,1,'active'),(2230,33,'C',10,1,'active'),(2231,33,'D',1,1,'active'),(2232,33,'D',2,1,'active'),(2233,33,'D',3,1,'active'),(2234,33,'D',4,1,'active'),(2235,33,'D',5,1,'active'),(2236,33,'D',6,1,'active'),(2237,33,'D',7,1,'active'),(2238,33,'D',8,1,'active'),(2239,33,'D',9,1,'active'),(2240,33,'D',10,1,'active'),(2241,33,'E',1,1,'active'),(2242,33,'E',2,1,'active'),(2243,33,'E',3,1,'active'),(2244,33,'E',4,1,'active'),(2245,33,'E',5,1,'active'),(2246,33,'E',6,1,'active'),(2247,33,'E',7,1,'active'),(2248,33,'E',8,1,'active'),(2249,33,'E',9,1,'active'),(2250,33,'E',10,1,'active'),(2251,33,'F',1,1,'active'),(2252,33,'F',2,1,'active'),(2253,33,'F',3,1,'active'),(2254,33,'F',4,1,'active'),(2255,33,'F',5,1,'active'),(2256,33,'F',6,1,'active'),(2257,33,'F',7,1,'active'),(2258,33,'F',8,1,'active'),(2259,33,'F',9,1,'active'),(2260,33,'F',10,1,'active'),(2261,33,'G',1,2,'active'),(2262,33,'G',2,2,'active'),(2263,33,'G',3,2,'active'),(2264,33,'G',4,2,'active'),(2265,33,'G',5,2,'active'),(2266,33,'G',6,2,'active'),(2267,33,'G',7,2,'active'),(2268,33,'G',8,2,'active'),(2269,33,'G',9,2,'active'),(2270,33,'G',10,2,'active'),(2271,33,'H',1,2,'active'),(2272,33,'H',2,2,'active'),(2273,33,'H',3,2,'active'),(2274,33,'H',4,2,'active'),(2275,33,'H',5,2,'active'),(2276,33,'H',6,2,'active'),(2277,33,'H',7,2,'active'),(2278,33,'H',8,2,'active'),(2279,33,'H',9,2,'active'),(2280,33,'H',10,2,'active'),(2281,33,'J',1,3,'active'),(2282,33,'J',2,3,'active'),(2283,33,'J',3,3,'active'),(2284,33,'J',4,3,'active'),(2285,33,'J',5,3,'active'),(2286,33,'J',6,3,'active'),(2287,33,'J',7,3,'active'),(2288,33,'J',8,3,'active'),(2289,33,'J',9,3,'active'),(2290,33,'J',10,3,'active'),(2291,34,'A',1,1,'active'),(2292,34,'A',2,1,'active'),(2293,34,'A',3,1,'active'),(2294,34,'A',4,1,'active'),(2295,34,'A',5,1,'active'),(2296,34,'A',6,1,'active'),(2297,34,'A',7,1,'active'),(2298,34,'A',8,1,'active'),(2299,34,'A',9,1,'active'),(2300,34,'A',10,1,'active'),(2301,34,'B',1,1,'active'),(2302,34,'B',2,1,'active'),(2303,34,'B',3,1,'active'),(2304,34,'B',4,1,'active'),(2305,34,'B',5,1,'active'),(2306,34,'B',6,1,'active'),(2307,34,'B',7,1,'active'),(2308,34,'B',8,1,'active'),(2309,34,'B',9,1,'active'),(2310,34,'B',10,1,'active'),(2311,34,'C',1,1,'active'),(2312,34,'C',2,1,'active'),(2313,34,'C',3,1,'active'),(2314,34,'C',4,1,'active'),(2315,34,'C',5,1,'active'),(2316,34,'C',6,1,'active'),(2317,34,'C',7,1,'active'),(2318,34,'C',8,1,'active'),(2319,34,'C',9,1,'active'),(2320,34,'C',10,1,'active'),(2321,34,'D',1,1,'active'),(2322,34,'D',2,1,'active'),(2323,34,'D',3,1,'active'),(2324,34,'D',4,1,'active'),(2325,34,'D',5,1,'active'),(2326,34,'D',6,1,'active'),(2327,34,'D',7,1,'active'),(2328,34,'D',8,1,'active'),(2329,34,'D',9,1,'active'),(2330,34,'D',10,1,'active'),(2331,34,'E',1,1,'active'),(2332,34,'E',2,1,'active'),(2333,34,'E',3,1,'active'),(2334,34,'E',4,1,'active'),(2335,34,'E',5,1,'active'),(2336,34,'E',6,1,'active'),(2337,34,'E',7,1,'active'),(2338,34,'E',8,1,'active'),(2339,34,'E',9,1,'active'),(2340,34,'E',10,1,'active'),(2341,34,'F',1,1,'active'),(2342,34,'F',2,1,'active'),(2343,34,'F',3,1,'active'),(2344,34,'F',4,1,'active'),(2345,34,'F',5,1,'active'),(2346,34,'F',6,1,'active'),(2347,34,'F',7,1,'active'),(2348,34,'F',8,1,'active'),(2349,34,'F',9,1,'active'),(2350,34,'F',10,1,'active'),(2351,34,'G',1,2,'active'),(2352,34,'G',2,2,'active'),(2353,34,'G',3,2,'active'),(2354,34,'G',4,2,'active'),(2355,34,'G',5,2,'active'),(2356,34,'G',6,2,'active'),(2357,34,'G',7,2,'active'),(2358,34,'G',8,2,'active'),(2359,34,'G',9,2,'active'),(2360,34,'G',10,2,'active'),(2361,34,'H',1,2,'active'),(2362,34,'H',2,2,'active'),(2363,34,'H',3,2,'active'),(2364,34,'H',4,2,'active'),(2365,34,'H',5,2,'active'),(2366,34,'H',6,2,'active'),(2367,34,'H',7,2,'active'),(2368,34,'H',8,2,'active'),(2369,34,'H',9,2,'active'),(2370,34,'H',10,2,'active'),(2371,34,'J',1,3,'active'),(2372,34,'J',2,3,'active'),(2373,34,'J',3,3,'active'),(2374,34,'J',4,3,'active'),(2375,34,'J',5,3,'active'),(2376,34,'J',6,3,'active'),(2377,34,'J',7,3,'active'),(2378,34,'J',8,3,'active'),(2379,34,'J',9,3,'active'),(2380,34,'J',10,3,'active'),(2381,35,'A',1,1,'active'),(2382,35,'A',2,1,'active'),(2383,35,'A',3,1,'active'),(2384,35,'A',4,1,'active'),(2385,35,'A',5,1,'active'),(2386,35,'A',6,1,'active'),(2387,35,'A',7,1,'active'),(2388,35,'A',8,1,'active'),(2389,35,'A',9,1,'active'),(2390,35,'A',10,1,'active'),(2391,35,'B',1,1,'active'),(2392,35,'B',2,1,'active'),(2393,35,'B',3,1,'active'),(2394,35,'B',4,1,'active'),(2395,35,'B',5,1,'active'),(2396,35,'B',6,1,'active'),(2397,35,'B',7,1,'active'),(2398,35,'B',8,1,'active'),(2399,35,'B',9,1,'active'),(2400,35,'B',10,1,'active'),(2401,35,'C',1,1,'active'),(2402,35,'C',2,1,'active'),(2403,35,'C',3,1,'active'),(2404,35,'C',4,1,'active'),(2405,35,'C',5,1,'active'),(2406,35,'C',6,1,'active'),(2407,35,'C',7,1,'active'),(2408,35,'C',8,1,'active'),(2409,35,'C',9,1,'active'),(2410,35,'C',10,1,'active'),(2411,35,'D',1,1,'active'),(2412,35,'D',2,1,'active'),(2413,35,'D',3,1,'active'),(2414,35,'D',4,1,'active'),(2415,35,'D',5,1,'active'),(2416,35,'D',6,1,'active'),(2417,35,'D',7,1,'active'),(2418,35,'D',8,1,'active'),(2419,35,'D',9,1,'active'),(2420,35,'D',10,1,'active'),(2421,35,'E',1,1,'active'),(2422,35,'E',2,1,'active'),(2423,35,'E',3,1,'active'),(2424,35,'E',4,1,'active'),(2425,35,'E',5,1,'active'),(2426,35,'E',6,1,'active'),(2427,35,'E',7,1,'active'),(2428,35,'E',8,1,'active'),(2429,35,'E',9,1,'active'),(2430,35,'E',10,1,'active'),(2431,35,'F',1,1,'active'),(2432,35,'F',2,1,'active'),(2433,35,'F',3,1,'active'),(2434,35,'F',4,1,'active'),(2435,35,'F',5,1,'active'),(2436,35,'F',6,1,'active'),(2437,35,'F',7,1,'active'),(2438,35,'F',8,1,'active'),(2439,35,'F',9,1,'active'),(2440,35,'F',10,1,'active'),(2441,35,'G',1,2,'active'),(2442,35,'G',2,2,'active'),(2443,35,'G',3,2,'active'),(2444,35,'G',4,2,'active'),(2445,35,'G',5,2,'active'),(2446,35,'G',6,2,'active'),(2447,35,'G',7,2,'active'),(2448,35,'G',8,2,'active'),(2449,35,'G',9,2,'active'),(2450,35,'G',10,2,'active'),(2451,35,'H',1,2,'active'),(2452,35,'H',2,2,'active'),(2453,35,'H',3,2,'active'),(2454,35,'H',4,2,'active'),(2455,35,'H',5,2,'active'),(2456,35,'H',6,2,'active'),(2457,35,'H',7,2,'active'),(2458,35,'H',8,2,'active'),(2459,35,'H',9,2,'active'),(2460,35,'H',10,2,'active'),(2461,35,'J',1,3,'active'),(2462,35,'J',2,3,'active'),(2463,35,'J',3,3,'active'),(2464,35,'J',4,3,'active'),(2465,35,'J',5,3,'active'),(2466,35,'J',6,3,'active'),(2467,35,'J',7,3,'active'),(2468,35,'J',8,3,'active'),(2469,35,'J',9,3,'active'),(2470,35,'J',10,3,'active'),(2471,36,'A',1,1,'active'),(2472,36,'A',2,1,'active'),(2473,36,'A',3,1,'active'),(2474,36,'A',4,1,'active'),(2475,36,'A',5,1,'active'),(2476,36,'A',6,1,'active'),(2477,36,'A',7,1,'active'),(2478,36,'A',8,1,'active'),(2479,36,'A',9,1,'active'),(2480,36,'A',10,1,'active'),(2481,36,'B',1,1,'active'),(2482,36,'B',2,1,'active'),(2483,36,'B',3,1,'active'),(2484,36,'B',4,1,'active'),(2485,36,'B',5,1,'active'),(2486,36,'B',6,1,'active'),(2487,36,'B',7,1,'active'),(2488,36,'B',8,1,'active'),(2489,36,'B',9,1,'active'),(2490,36,'B',10,1,'active'),(2491,36,'C',1,1,'active'),(2492,36,'C',2,1,'active'),(2493,36,'C',3,1,'active'),(2494,36,'C',4,1,'active'),(2495,36,'C',5,1,'active'),(2496,36,'C',6,1,'active'),(2497,36,'C',7,1,'active'),(2498,36,'C',8,1,'active'),(2499,36,'C',9,1,'active'),(2500,36,'C',10,1,'active'),(2501,36,'D',1,1,'active'),(2502,36,'D',2,1,'active'),(2503,36,'D',3,1,'active'),(2504,36,'D',4,1,'active'),(2505,36,'D',5,1,'active'),(2506,36,'D',6,1,'active'),(2507,36,'D',7,1,'active'),(2508,36,'D',8,1,'active'),(2509,36,'D',9,1,'active'),(2510,36,'D',10,1,'active'),(2511,36,'E',1,1,'active'),(2512,36,'E',2,1,'active'),(2513,36,'E',3,1,'active'),(2514,36,'E',4,1,'active'),(2515,36,'E',5,1,'active'),(2516,36,'E',6,1,'active'),(2517,36,'E',7,1,'active'),(2518,36,'E',8,1,'active'),(2519,36,'E',9,1,'active'),(2520,36,'E',10,1,'active'),(2521,36,'F',1,1,'active'),(2522,36,'F',2,1,'active'),(2523,36,'F',3,1,'active'),(2524,36,'F',4,1,'active'),(2525,36,'F',5,1,'active'),(2526,36,'F',6,1,'active'),(2527,36,'F',7,1,'active'),(2528,36,'F',8,1,'active'),(2529,36,'F',9,1,'active'),(2530,36,'F',10,1,'active'),(2531,36,'G',1,2,'active'),(2532,36,'G',2,2,'active'),(2533,36,'G',3,2,'active'),(2534,36,'G',4,2,'active'),(2535,36,'G',5,2,'active'),(2536,36,'G',6,2,'active'),(2537,36,'G',7,2,'active'),(2538,36,'G',8,2,'active'),(2539,36,'G',9,2,'active'),(2540,36,'G',10,2,'active'),(2541,36,'H',1,2,'active'),(2542,36,'H',2,2,'active'),(2543,36,'H',3,2,'active'),(2544,36,'H',4,2,'active'),(2545,36,'H',5,2,'active'),(2546,36,'H',6,2,'active'),(2547,36,'H',7,2,'active'),(2548,36,'H',8,2,'active'),(2549,36,'H',9,2,'active'),(2550,36,'H',10,2,'active'),(2551,36,'J',1,3,'active'),(2552,36,'J',2,3,'active'),(2553,36,'J',3,3,'active'),(2554,36,'J',4,3,'active'),(2555,36,'J',5,3,'active'),(2556,36,'J',6,3,'active'),(2557,36,'J',7,3,'active'),(2558,36,'J',8,3,'active'),(2559,36,'J',9,3,'active'),(2560,36,'J',10,3,'active'),(2561,37,'A',1,1,'active'),(2562,37,'A',2,1,'active'),(2563,37,'A',3,1,'active'),(2564,37,'A',4,1,'active'),(2565,37,'A',5,1,'active'),(2566,37,'A',6,1,'active'),(2567,37,'A',7,1,'active'),(2568,37,'A',8,1,'active'),(2569,37,'A',9,1,'active'),(2570,37,'A',10,1,'active'),(2571,37,'B',1,1,'active'),(2572,37,'B',2,1,'active'),(2573,37,'B',3,1,'active'),(2574,37,'B',4,1,'active'),(2575,37,'B',5,1,'active'),(2576,37,'B',6,1,'active'),(2577,37,'B',7,1,'active'),(2578,37,'B',8,1,'active'),(2579,37,'B',9,1,'active'),(2580,37,'B',10,1,'active'),(2581,37,'C',1,1,'active'),(2582,37,'C',2,1,'active'),(2583,37,'C',3,1,'active'),(2584,37,'C',4,1,'active'),(2585,37,'C',5,1,'active'),(2586,37,'C',6,1,'active'),(2587,37,'C',7,1,'active'),(2588,37,'C',8,1,'active'),(2589,37,'C',9,1,'active'),(2590,37,'C',10,1,'active'),(2591,37,'D',1,1,'active'),(2592,37,'D',2,1,'active'),(2593,37,'D',3,1,'active'),(2594,37,'D',4,1,'active'),(2595,37,'D',5,1,'active'),(2596,37,'D',6,1,'active'),(2597,37,'D',7,1,'active'),(2598,37,'D',8,1,'active'),(2599,37,'D',9,1,'active'),(2600,37,'D',10,1,'active'),(2601,37,'E',1,1,'active'),(2602,37,'E',2,1,'active'),(2603,37,'E',3,1,'active'),(2604,37,'E',4,1,'active'),(2605,37,'E',5,1,'active'),(2606,37,'E',6,1,'active'),(2607,37,'E',7,1,'active'),(2608,37,'E',8,1,'active'),(2609,37,'E',9,1,'active'),(2610,37,'E',10,1,'active'),(2611,37,'F',1,1,'active'),(2612,37,'F',2,1,'active'),(2613,37,'F',3,1,'active'),(2614,37,'F',4,1,'active'),(2615,37,'F',5,1,'active'),(2616,37,'F',6,1,'active'),(2617,37,'F',7,1,'active'),(2618,37,'F',8,1,'active'),(2619,37,'F',9,1,'active'),(2620,37,'F',10,1,'active'),(2621,37,'G',1,2,'active'),(2622,37,'G',2,2,'active'),(2623,37,'G',3,2,'active'),(2624,37,'G',4,2,'active'),(2625,37,'G',5,2,'active'),(2626,37,'G',6,2,'active'),(2627,37,'G',7,2,'active'),(2628,37,'G',8,2,'active'),(2629,37,'G',9,2,'active'),(2630,37,'G',10,2,'active'),(2631,37,'H',1,2,'active'),(2632,37,'H',2,2,'active'),(2633,37,'H',3,2,'active'),(2634,37,'H',4,2,'active'),(2635,37,'H',5,2,'active'),(2636,37,'H',6,2,'active'),(2637,37,'H',7,2,'active'),(2638,37,'H',8,2,'active'),(2639,37,'H',9,2,'active'),(2640,37,'H',10,2,'active'),(2641,37,'J',1,3,'active'),(2642,37,'J',2,3,'active'),(2643,37,'J',3,3,'active'),(2644,37,'J',4,3,'active'),(2645,37,'J',5,3,'active'),(2646,37,'J',6,3,'active'),(2647,37,'J',7,3,'active'),(2648,37,'J',8,3,'active'),(2649,37,'J',9,3,'active'),(2650,37,'J',10,3,'active'),(2651,38,'A',1,1,'active'),(2652,38,'A',2,1,'active'),(2653,38,'A',3,1,'active'),(2654,38,'A',4,1,'active'),(2655,38,'A',5,1,'active'),(2656,38,'A',6,1,'active'),(2657,38,'A',7,1,'active'),(2658,38,'A',8,1,'active'),(2659,38,'A',9,1,'active'),(2660,38,'A',10,1,'active'),(2661,38,'B',1,1,'active'),(2662,38,'B',2,1,'active'),(2663,38,'B',3,1,'active'),(2664,38,'B',4,1,'active'),(2665,38,'B',5,1,'active'),(2666,38,'B',6,1,'active'),(2667,38,'B',7,1,'active'),(2668,38,'B',8,1,'active'),(2669,38,'B',9,1,'active'),(2670,38,'B',10,1,'active'),(2671,38,'C',1,1,'active'),(2672,38,'C',2,1,'active'),(2673,38,'C',3,1,'active'),(2674,38,'C',4,1,'active'),(2675,38,'C',5,1,'active'),(2676,38,'C',6,1,'active'),(2677,38,'C',7,1,'active'),(2678,38,'C',8,1,'active'),(2679,38,'C',9,1,'active'),(2680,38,'C',10,1,'active'),(2681,38,'D',1,1,'active'),(2682,38,'D',2,1,'active'),(2683,38,'D',3,1,'active'),(2684,38,'D',4,1,'active'),(2685,38,'D',5,1,'active'),(2686,38,'D',6,1,'active'),(2687,38,'D',7,1,'active'),(2688,38,'D',8,1,'active'),(2689,38,'D',9,1,'active'),(2690,38,'D',10,1,'active'),(2691,38,'E',1,1,'active'),(2692,38,'E',2,1,'active'),(2693,38,'E',3,1,'active'),(2694,38,'E',4,1,'active'),(2695,38,'E',5,1,'active'),(2696,38,'E',6,1,'active'),(2697,38,'E',7,1,'active'),(2698,38,'E',8,1,'active'),(2699,38,'E',9,1,'active'),(2700,38,'E',10,1,'active'),(2701,38,'F',1,1,'active'),(2702,38,'F',2,1,'active'),(2703,38,'F',3,1,'active'),(2704,38,'F',4,1,'active'),(2705,38,'F',5,1,'active'),(2706,38,'F',6,1,'active'),(2707,38,'F',7,1,'active'),(2708,38,'F',8,1,'active'),(2709,38,'F',9,1,'active'),(2710,38,'F',10,1,'active'),(2711,38,'G',1,2,'active'),(2712,38,'G',2,2,'active'),(2713,38,'G',3,2,'active'),(2714,38,'G',4,2,'active'),(2715,38,'G',5,2,'active'),(2716,38,'G',6,2,'active'),(2717,38,'G',7,2,'active'),(2718,38,'G',8,2,'active'),(2719,38,'G',9,2,'active'),(2720,38,'G',10,2,'active'),(2721,38,'H',1,2,'active'),(2722,38,'H',2,2,'active'),(2723,38,'H',3,2,'active'),(2724,38,'H',4,2,'active'),(2725,38,'H',5,2,'active'),(2726,38,'H',6,2,'active'),(2727,38,'H',7,2,'active'),(2728,38,'H',8,2,'active'),(2729,38,'H',9,2,'active'),(2730,38,'H',10,2,'active'),(2731,38,'J',1,3,'active'),(2732,38,'J',2,3,'active'),(2733,38,'J',3,3,'active'),(2734,38,'J',4,3,'active'),(2735,38,'J',5,3,'active'),(2736,38,'J',6,3,'active'),(2737,38,'J',7,3,'active'),(2738,38,'J',8,3,'active'),(2739,38,'J',9,3,'active'),(2740,38,'J',10,3,'active'),(2741,39,'A',1,1,'active'),(2742,39,'A',2,1,'active'),(2743,39,'A',3,1,'active'),(2744,39,'A',4,1,'active'),(2745,39,'A',5,1,'active'),(2746,39,'A',6,1,'active'),(2747,39,'A',7,1,'active'),(2748,39,'A',8,1,'active'),(2749,39,'A',9,1,'active'),(2750,39,'A',10,1,'active'),(2751,39,'B',1,1,'active'),(2752,39,'B',2,1,'active'),(2753,39,'B',3,1,'active'),(2754,39,'B',4,1,'active'),(2755,39,'B',5,1,'active'),(2756,39,'B',6,1,'active'),(2757,39,'B',7,1,'active'),(2758,39,'B',8,1,'active'),(2759,39,'B',9,1,'active'),(2760,39,'B',10,1,'active'),(2761,39,'C',1,1,'active'),(2762,39,'C',2,1,'active'),(2763,39,'C',3,1,'active'),(2764,39,'C',4,1,'active'),(2765,39,'C',5,1,'active'),(2766,39,'C',6,1,'active'),(2767,39,'C',7,1,'active'),(2768,39,'C',8,1,'active'),(2769,39,'C',9,1,'active'),(2770,39,'C',10,1,'active'),(2771,39,'D',1,1,'active'),(2772,39,'D',2,1,'active'),(2773,39,'D',3,1,'active'),(2774,39,'D',4,1,'active'),(2775,39,'D',5,1,'active'),(2776,39,'D',6,1,'active'),(2777,39,'D',7,1,'active'),(2778,39,'D',8,1,'active'),(2779,39,'D',9,1,'active'),(2780,39,'D',10,1,'active'),(2781,39,'E',1,1,'active'),(2782,39,'E',2,1,'active'),(2783,39,'E',3,1,'active'),(2784,39,'E',4,1,'active'),(2785,39,'E',5,1,'active'),(2786,39,'E',6,1,'active'),(2787,39,'E',7,1,'active'),(2788,39,'E',8,1,'active'),(2789,39,'E',9,1,'active'),(2790,39,'E',10,1,'active'),(2791,39,'F',1,1,'active'),(2792,39,'F',2,1,'active'),(2793,39,'F',3,1,'active'),(2794,39,'F',4,1,'active'),(2795,39,'F',5,1,'active'),(2796,39,'F',6,1,'active'),(2797,39,'F',7,1,'active'),(2798,39,'F',8,1,'active'),(2799,39,'F',9,1,'active'),(2800,39,'F',10,1,'active'),(2801,39,'G',1,2,'active'),(2802,39,'G',2,2,'active'),(2803,39,'G',3,2,'active'),(2804,39,'G',4,2,'active'),(2805,39,'G',5,2,'active'),(2806,39,'G',6,2,'active'),(2807,39,'G',7,2,'active'),(2808,39,'G',8,2,'active'),(2809,39,'G',9,2,'active'),(2810,39,'G',10,2,'active'),(2811,39,'H',1,2,'active'),(2812,39,'H',2,2,'active'),(2813,39,'H',3,2,'active'),(2814,39,'H',4,2,'active'),(2815,39,'H',5,2,'active'),(2816,39,'H',6,2,'active'),(2817,39,'H',7,2,'active'),(2818,39,'H',8,2,'active'),(2819,39,'H',9,2,'active'),(2820,39,'H',10,2,'active'),(2821,39,'J',1,3,'active'),(2822,39,'J',2,3,'active'),(2823,39,'J',3,3,'active'),(2824,39,'J',4,3,'active'),(2825,39,'J',5,3,'active'),(2826,39,'J',6,3,'active'),(2827,39,'J',7,3,'active'),(2828,39,'J',8,3,'active'),(2829,39,'J',9,3,'active'),(2830,39,'J',10,3,'active'),(2831,40,'A',1,1,'active'),(2832,40,'A',2,1,'active'),(2833,40,'A',3,1,'active'),(2834,40,'A',4,1,'active'),(2835,40,'A',5,1,'active'),(2836,40,'A',6,1,'active'),(2837,40,'A',7,1,'active'),(2838,40,'A',8,1,'active'),(2839,40,'A',9,1,'active'),(2840,40,'A',10,1,'active'),(2841,40,'B',1,1,'active'),(2842,40,'B',2,1,'active'),(2843,40,'B',3,1,'active'),(2844,40,'B',4,1,'active'),(2845,40,'B',5,1,'active'),(2846,40,'B',6,1,'active'),(2847,40,'B',7,1,'active'),(2848,40,'B',8,1,'active'),(2849,40,'B',9,1,'active'),(2850,40,'B',10,1,'active'),(2851,40,'C',1,1,'active'),(2852,40,'C',2,1,'active'),(2853,40,'C',3,1,'active'),(2854,40,'C',4,1,'active'),(2855,40,'C',5,1,'active'),(2856,40,'C',6,1,'active'),(2857,40,'C',7,1,'active'),(2858,40,'C',8,1,'active'),(2859,40,'C',9,1,'active'),(2860,40,'C',10,1,'active'),(2861,40,'D',1,1,'active'),(2862,40,'D',2,1,'active'),(2863,40,'D',3,1,'active'),(2864,40,'D',4,1,'active'),(2865,40,'D',5,1,'active'),(2866,40,'D',6,1,'active'),(2867,40,'D',7,1,'active'),(2868,40,'D',8,1,'active'),(2869,40,'D',9,1,'active'),(2870,40,'D',10,1,'active'),(2871,40,'E',1,1,'active'),(2872,40,'E',2,1,'active'),(2873,40,'E',3,1,'active'),(2874,40,'E',4,1,'active'),(2875,40,'E',5,1,'active'),(2876,40,'E',6,1,'active'),(2877,40,'E',7,1,'active'),(2878,40,'E',8,1,'active'),(2879,40,'E',9,1,'active'),(2880,40,'E',10,1,'active'),(2881,40,'F',1,1,'active'),(2882,40,'F',2,1,'active'),(2883,40,'F',3,1,'active'),(2884,40,'F',4,1,'active'),(2885,40,'F',5,1,'active'),(2886,40,'F',6,1,'active'),(2887,40,'F',7,1,'active'),(2888,40,'F',8,1,'active'),(2889,40,'F',9,1,'active'),(2890,40,'F',10,1,'active'),(2891,40,'G',1,2,'active'),(2892,40,'G',2,2,'active'),(2893,40,'G',3,2,'active'),(2894,40,'G',4,2,'active'),(2895,40,'G',5,2,'active'),(2896,40,'G',6,2,'active'),(2897,40,'G',7,2,'active'),(2898,40,'G',8,2,'active'),(2899,40,'G',9,2,'active'),(2900,40,'G',10,2,'active'),(2901,40,'H',1,2,'active'),(2902,40,'H',2,2,'active'),(2903,40,'H',3,2,'active'),(2904,40,'H',4,2,'active'),(2905,40,'H',5,2,'active'),(2906,40,'H',6,2,'active'),(2907,40,'H',7,2,'active'),(2908,40,'H',8,2,'active'),(2909,40,'H',9,2,'active'),(2910,40,'H',10,2,'active'),(2911,40,'J',1,3,'active'),(2912,40,'J',2,3,'active'),(2913,40,'J',3,3,'active'),(2914,40,'J',4,3,'active'),(2915,40,'J',5,3,'active'),(2916,40,'J',6,3,'active'),(2917,40,'J',7,3,'active'),(2918,40,'J',8,3,'active'),(2919,40,'J',9,3,'active'),(2920,40,'J',10,3,'active'),(2921,41,'A',1,1,'active'),(2922,41,'A',2,1,'active'),(2923,41,'A',3,1,'active'),(2924,41,'A',4,1,'active'),(2925,41,'A',5,1,'active'),(2926,41,'A',6,1,'active'),(2927,41,'A',7,1,'active'),(2928,41,'A',8,1,'active'),(2929,41,'A',9,1,'active'),(2930,41,'A',10,1,'active'),(2931,41,'B',1,1,'active'),(2932,41,'B',2,1,'active'),(2933,41,'B',3,1,'active'),(2934,41,'B',4,1,'active'),(2935,41,'B',5,1,'active'),(2936,41,'B',6,1,'active'),(2937,41,'B',7,1,'active'),(2938,41,'B',8,1,'active'),(2939,41,'B',9,1,'active'),(2940,41,'B',10,1,'active'),(2941,41,'C',1,1,'active'),(2942,41,'C',2,1,'active'),(2943,41,'C',3,1,'active'),(2944,41,'C',4,1,'active'),(2945,41,'C',5,1,'active'),(2946,41,'C',6,1,'active'),(2947,41,'C',7,1,'active'),(2948,41,'C',8,1,'active'),(2949,41,'C',9,1,'active'),(2950,41,'C',10,1,'active'),(2951,41,'D',1,1,'active'),(2952,41,'D',2,1,'active'),(2953,41,'D',3,1,'active'),(2954,41,'D',4,1,'active'),(2955,41,'D',5,1,'active'),(2956,41,'D',6,1,'active'),(2957,41,'D',7,1,'active'),(2958,41,'D',8,1,'active'),(2959,41,'D',9,1,'active'),(2960,41,'D',10,1,'active'),(2961,41,'E',1,1,'active'),(2962,41,'E',2,1,'active'),(2963,41,'E',3,1,'active'),(2964,41,'E',4,1,'active'),(2965,41,'E',5,1,'active'),(2966,41,'E',6,1,'active'),(2967,41,'E',7,1,'active'),(2968,41,'E',8,1,'active'),(2969,41,'E',9,1,'active'),(2970,41,'E',10,1,'active'),(2971,41,'F',1,1,'active'),(2972,41,'F',2,1,'active'),(2973,41,'F',3,1,'active'),(2974,41,'F',4,1,'active'),(2975,41,'F',5,1,'active'),(2976,41,'F',6,1,'active'),(2977,41,'F',7,1,'active'),(2978,41,'F',8,1,'active'),(2979,41,'F',9,1,'active'),(2980,41,'F',10,1,'active'),(2981,41,'G',1,2,'active'),(2982,41,'G',2,2,'active'),(2983,41,'G',3,2,'active'),(2984,41,'G',4,2,'active'),(2985,41,'G',5,2,'active'),(2986,41,'G',6,2,'active'),(2987,41,'G',7,2,'active'),(2988,41,'G',8,2,'active'),(2989,41,'G',9,2,'active'),(2990,41,'G',10,2,'active'),(2991,41,'H',1,2,'active'),(2992,41,'H',2,2,'active'),(2993,41,'H',3,2,'active'),(2994,41,'H',4,2,'active'),(2995,41,'H',5,2,'active'),(2996,41,'H',6,2,'active'),(2997,41,'H',7,2,'active'),(2998,41,'H',8,2,'active'),(2999,41,'H',9,2,'active'),(3000,41,'H',10,2,'active'),(3001,41,'J',1,3,'active'),(3002,41,'J',2,3,'active'),(3003,41,'J',3,3,'active'),(3004,41,'J',4,3,'active'),(3005,41,'J',5,3,'active'),(3006,41,'J',6,3,'active'),(3007,41,'J',7,3,'active'),(3008,41,'J',8,3,'active'),(3009,41,'J',9,3,'active'),(3010,41,'J',10,3,'active'),(3011,42,'A',1,1,'active'),(3012,42,'A',2,1,'active'),(3013,42,'A',3,1,'active'),(3014,42,'A',4,1,'active'),(3015,42,'A',5,1,'active'),(3016,42,'A',6,1,'active'),(3017,42,'A',7,1,'active'),(3018,42,'A',8,1,'active'),(3019,42,'A',9,1,'active'),(3020,42,'A',10,1,'active'),(3021,42,'B',1,1,'active'),(3022,42,'B',2,1,'active'),(3023,42,'B',3,1,'active'),(3024,42,'B',4,1,'active'),(3025,42,'B',5,1,'active'),(3026,42,'B',6,1,'active'),(3027,42,'B',7,1,'active'),(3028,42,'B',8,1,'active'),(3029,42,'B',9,1,'active'),(3030,42,'B',10,1,'active'),(3031,42,'C',1,1,'active'),(3032,42,'C',2,1,'active'),(3033,42,'C',3,1,'active'),(3034,42,'C',4,1,'active'),(3035,42,'C',5,1,'active'),(3036,42,'C',6,1,'active'),(3037,42,'C',7,1,'active'),(3038,42,'C',8,1,'active'),(3039,42,'C',9,1,'active'),(3040,42,'C',10,1,'active'),(3041,42,'D',1,1,'active'),(3042,42,'D',2,1,'active'),(3043,42,'D',3,1,'active'),(3044,42,'D',4,1,'active'),(3045,42,'D',5,1,'active'),(3046,42,'D',6,1,'active'),(3047,42,'D',7,1,'active'),(3048,42,'D',8,1,'active'),(3049,42,'D',9,1,'active'),(3050,42,'D',10,1,'active'),(3051,42,'E',1,1,'active'),(3052,42,'E',2,1,'active'),(3053,42,'E',3,1,'active'),(3054,42,'E',4,1,'active'),(3055,42,'E',5,1,'active'),(3056,42,'E',6,1,'active'),(3057,42,'E',7,1,'active'),(3058,42,'E',8,1,'active'),(3059,42,'E',9,1,'active'),(3060,42,'E',10,1,'active'),(3061,42,'F',1,1,'active'),(3062,42,'F',2,1,'active'),(3063,42,'F',3,1,'active'),(3064,42,'F',4,1,'active'),(3065,42,'F',5,1,'active'),(3066,42,'F',6,1,'active'),(3067,42,'F',7,1,'active'),(3068,42,'F',8,1,'active'),(3069,42,'F',9,1,'active'),(3070,42,'F',10,1,'active'),(3071,42,'G',1,2,'active'),(3072,42,'G',2,2,'active'),(3073,42,'G',3,2,'active'),(3074,42,'G',4,2,'active'),(3075,42,'G',5,2,'active'),(3076,42,'G',6,2,'active'),(3077,42,'G',7,2,'active'),(3078,42,'G',8,2,'active'),(3079,42,'G',9,2,'active'),(3080,42,'G',10,2,'active'),(3081,42,'H',1,2,'active'),(3082,42,'H',2,2,'active'),(3083,42,'H',3,2,'active'),(3084,42,'H',4,2,'active'),(3085,42,'H',5,2,'active'),(3086,42,'H',6,2,'active'),(3087,42,'H',7,2,'active'),(3088,42,'H',8,2,'active'),(3089,42,'H',9,2,'active'),(3090,42,'H',10,2,'active'),(3091,42,'J',1,3,'active'),(3092,42,'J',2,3,'active'),(3093,42,'J',3,3,'active'),(3094,42,'J',4,3,'active'),(3095,42,'J',5,3,'active'),(3096,42,'J',6,3,'active'),(3097,42,'J',7,3,'active'),(3098,42,'J',8,3,'active'),(3099,42,'J',9,3,'active'),(3100,42,'J',10,3,'active'),(3101,43,'A',1,1,'active'),(3102,43,'A',2,1,'active'),(3103,43,'A',3,1,'active'),(3104,43,'A',4,1,'active'),(3105,43,'A',5,1,'active'),(3106,43,'A',6,1,'active'),(3107,43,'A',7,1,'active'),(3108,43,'A',8,1,'active'),(3109,43,'A',9,1,'active'),(3110,43,'A',10,1,'active'),(3111,43,'B',1,1,'active'),(3112,43,'B',2,1,'active'),(3113,43,'B',3,1,'active'),(3114,43,'B',4,1,'active'),(3115,43,'B',5,1,'active'),(3116,43,'B',6,1,'active'),(3117,43,'B',7,1,'active'),(3118,43,'B',8,1,'active'),(3119,43,'B',9,1,'active'),(3120,43,'B',10,1,'active'),(3121,43,'C',1,1,'active'),(3122,43,'C',2,1,'active'),(3123,43,'C',3,1,'active'),(3124,43,'C',4,1,'active'),(3125,43,'C',5,1,'active'),(3126,43,'C',6,1,'active'),(3127,43,'C',7,1,'active'),(3128,43,'C',8,1,'active'),(3129,43,'C',9,1,'active'),(3130,43,'C',10,1,'active'),(3131,43,'D',1,1,'active'),(3132,43,'D',2,1,'active'),(3133,43,'D',3,1,'active'),(3134,43,'D',4,1,'active'),(3135,43,'D',5,1,'active'),(3136,43,'D',6,1,'active'),(3137,43,'D',7,1,'active'),(3138,43,'D',8,1,'active'),(3139,43,'D',9,1,'active'),(3140,43,'D',10,1,'active'),(3141,43,'E',1,1,'active'),(3142,43,'E',2,1,'active'),(3143,43,'E',3,1,'active'),(3144,43,'E',4,1,'active'),(3145,43,'E',5,1,'active'),(3146,43,'E',6,1,'active'),(3147,43,'E',7,1,'active'),(3148,43,'E',8,1,'active'),(3149,43,'E',9,1,'active'),(3150,43,'E',10,1,'active'),(3151,43,'F',1,1,'active'),(3152,43,'F',2,1,'active'),(3153,43,'F',3,1,'active'),(3154,43,'F',4,1,'active'),(3155,43,'F',5,1,'active'),(3156,43,'F',6,1,'active'),(3157,43,'F',7,1,'active'),(3158,43,'F',8,1,'active'),(3159,43,'F',9,1,'active'),(3160,43,'F',10,1,'active'),(3161,43,'G',1,2,'active'),(3162,43,'G',2,2,'active'),(3163,43,'G',3,2,'active'),(3164,43,'G',4,2,'active'),(3165,43,'G',5,2,'active'),(3166,43,'G',6,2,'active'),(3167,43,'G',7,2,'active'),(3168,43,'G',8,2,'active'),(3169,43,'G',9,2,'active'),(3170,43,'G',10,2,'active'),(3171,43,'H',1,2,'active'),(3172,43,'H',2,2,'active'),(3173,43,'H',3,2,'active'),(3174,43,'H',4,2,'active'),(3175,43,'H',5,2,'active'),(3176,43,'H',6,2,'active'),(3177,43,'H',7,2,'active'),(3178,43,'H',8,2,'active'),(3179,43,'H',9,2,'active'),(3180,43,'H',10,2,'active'),(3181,43,'J',1,3,'active'),(3182,43,'J',2,3,'active'),(3183,43,'J',3,3,'active'),(3184,43,'J',4,3,'active'),(3185,43,'J',5,3,'active'),(3186,43,'J',6,3,'active'),(3187,43,'J',7,3,'active'),(3188,43,'J',8,3,'active'),(3189,43,'J',9,3,'active'),(3190,43,'J',10,3,'active'),(3191,44,'A',1,1,'active'),(3192,44,'A',2,1,'active'),(3193,44,'A',3,1,'active'),(3194,44,'A',4,1,'active'),(3195,44,'A',5,1,'active'),(3196,44,'A',6,1,'active'),(3197,44,'A',7,1,'active'),(3198,44,'A',8,1,'active'),(3199,44,'A',9,1,'active'),(3200,44,'A',10,1,'active'),(3201,44,'B',1,1,'active'),(3202,44,'B',2,1,'active'),(3203,44,'B',3,1,'active'),(3204,44,'B',4,1,'active'),(3205,44,'B',5,1,'active'),(3206,44,'B',6,1,'active'),(3207,44,'B',7,1,'active'),(3208,44,'B',8,1,'active'),(3209,44,'B',9,1,'active'),(3210,44,'B',10,1,'active'),(3211,44,'C',1,1,'active'),(3212,44,'C',2,1,'active'),(3213,44,'C',3,1,'active'),(3214,44,'C',4,1,'active'),(3215,44,'C',5,1,'active'),(3216,44,'C',6,1,'active'),(3217,44,'C',7,1,'active'),(3218,44,'C',8,1,'active'),(3219,44,'C',9,1,'active'),(3220,44,'C',10,1,'active'),(3221,44,'D',1,1,'active'),(3222,44,'D',2,1,'active'),(3223,44,'D',3,1,'active'),(3224,44,'D',4,1,'active'),(3225,44,'D',5,1,'active'),(3226,44,'D',6,1,'active'),(3227,44,'D',7,1,'active'),(3228,44,'D',8,1,'active'),(3229,44,'D',9,1,'active'),(3230,44,'D',10,1,'active'),(3231,44,'E',1,1,'active'),(3232,44,'E',2,1,'active'),(3233,44,'E',3,1,'active'),(3234,44,'E',4,1,'active'),(3235,44,'E',5,1,'active'),(3236,44,'E',6,1,'active'),(3237,44,'E',7,1,'active'),(3238,44,'E',8,1,'active'),(3239,44,'E',9,1,'active'),(3240,44,'E',10,1,'active'),(3241,44,'F',1,1,'active'),(3242,44,'F',2,1,'active'),(3243,44,'F',3,1,'active'),(3244,44,'F',4,1,'active'),(3245,44,'F',5,1,'active'),(3246,44,'F',6,1,'active'),(3247,44,'F',7,1,'active'),(3248,44,'F',8,1,'active'),(3249,44,'F',9,1,'active'),(3250,44,'F',10,1,'active'),(3251,44,'G',1,2,'active'),(3252,44,'G',2,2,'active'),(3253,44,'G',3,2,'active'),(3254,44,'G',4,2,'active'),(3255,44,'G',5,2,'active'),(3256,44,'G',6,2,'active'),(3257,44,'G',7,2,'active'),(3258,44,'G',8,2,'active'),(3259,44,'G',9,2,'active'),(3260,44,'G',10,2,'active'),(3261,44,'H',1,2,'active'),(3262,44,'H',2,2,'active'),(3263,44,'H',3,2,'active'),(3264,44,'H',4,2,'active'),(3265,44,'H',5,2,'active'),(3266,44,'H',6,2,'active'),(3267,44,'H',7,2,'active'),(3268,44,'H',8,2,'active'),(3269,44,'H',9,2,'active'),(3270,44,'H',10,2,'active'),(3271,44,'J',1,3,'active'),(3272,44,'J',2,3,'active'),(3273,44,'J',3,3,'active'),(3274,44,'J',4,3,'active'),(3275,44,'J',5,3,'active'),(3276,44,'J',6,3,'active'),(3277,44,'J',7,3,'active'),(3278,44,'J',8,3,'active'),(3279,44,'J',9,3,'active'),(3280,44,'J',10,3,'active'),(3281,45,'A',1,1,'active'),(3282,45,'A',2,1,'active'),(3283,45,'A',3,1,'active'),(3284,45,'A',4,1,'active'),(3285,45,'A',5,1,'active'),(3286,45,'A',6,1,'active'),(3287,45,'A',7,1,'active'),(3288,45,'A',8,1,'active'),(3289,45,'A',9,1,'active'),(3290,45,'A',10,1,'active'),(3291,45,'B',1,1,'active'),(3292,45,'B',2,1,'active'),(3293,45,'B',3,1,'active'),(3294,45,'B',4,1,'active'),(3295,45,'B',5,1,'active'),(3296,45,'B',6,1,'active'),(3297,45,'B',7,1,'active'),(3298,45,'B',8,1,'active'),(3299,45,'B',9,1,'active'),(3300,45,'B',10,1,'active'),(3301,45,'C',1,1,'active'),(3302,45,'C',2,1,'active'),(3303,45,'C',3,1,'active'),(3304,45,'C',4,1,'active'),(3305,45,'C',5,1,'active'),(3306,45,'C',6,1,'active'),(3307,45,'C',7,1,'active'),(3308,45,'C',8,1,'active'),(3309,45,'C',9,1,'active'),(3310,45,'C',10,1,'active'),(3311,45,'D',1,1,'active'),(3312,45,'D',2,1,'active'),(3313,45,'D',3,1,'active'),(3314,45,'D',4,1,'active'),(3315,45,'D',5,1,'active'),(3316,45,'D',6,1,'active'),(3317,45,'D',7,1,'active'),(3318,45,'D',8,1,'active'),(3319,45,'D',9,1,'active'),(3320,45,'D',10,1,'active'),(3321,45,'E',1,1,'active'),(3322,45,'E',2,1,'active'),(3323,45,'E',3,1,'active'),(3324,45,'E',4,1,'active'),(3325,45,'E',5,1,'active'),(3326,45,'E',6,1,'active'),(3327,45,'E',7,1,'active'),(3328,45,'E',8,1,'active'),(3329,45,'E',9,1,'active'),(3330,45,'E',10,1,'active'),(3331,45,'F',1,1,'active'),(3332,45,'F',2,1,'active'),(3333,45,'F',3,1,'active'),(3334,45,'F',4,1,'active'),(3335,45,'F',5,1,'active'),(3336,45,'F',6,1,'active'),(3337,45,'F',7,1,'active'),(3338,45,'F',8,1,'active'),(3339,45,'F',9,1,'active'),(3340,45,'F',10,1,'active'),(3341,45,'G',1,2,'active'),(3342,45,'G',2,2,'active'),(3343,45,'G',3,2,'active'),(3344,45,'G',4,2,'active'),(3345,45,'G',5,2,'active'),(3346,45,'G',6,2,'active'),(3347,45,'G',7,2,'active'),(3348,45,'G',8,2,'active'),(3349,45,'G',9,2,'active'),(3350,45,'G',10,2,'active'),(3351,45,'H',1,2,'active'),(3352,45,'H',2,2,'active'),(3353,45,'H',3,2,'active'),(3354,45,'H',4,2,'active'),(3355,45,'H',5,2,'active'),(3356,45,'H',6,2,'active'),(3357,45,'H',7,2,'active'),(3358,45,'H',8,2,'active'),(3359,45,'H',9,2,'active'),(3360,45,'H',10,2,'active'),(3361,45,'J',1,3,'active'),(3362,45,'J',2,3,'active'),(3363,45,'J',3,3,'active'),(3364,45,'J',4,3,'active'),(3365,45,'J',5,3,'active'),(3366,45,'J',6,3,'active'),(3367,45,'J',7,3,'active'),(3368,45,'J',8,3,'active'),(3369,45,'J',9,3,'active'),(3370,45,'J',10,3,'active'),(3371,46,'A',1,1,'active'),(3372,46,'A',2,1,'active'),(3373,46,'A',3,1,'active'),(3374,46,'A',4,1,'active'),(3375,46,'A',5,1,'active'),(3376,46,'A',6,1,'active'),(3377,46,'A',7,1,'active'),(3378,46,'A',8,1,'active'),(3379,46,'A',9,1,'active'),(3380,46,'A',10,1,'active'),(3381,46,'B',1,1,'active'),(3382,46,'B',2,1,'active'),(3383,46,'B',3,1,'active'),(3384,46,'B',4,1,'active'),(3385,46,'B',5,1,'active'),(3386,46,'B',6,1,'active'),(3387,46,'B',7,1,'active'),(3388,46,'B',8,1,'active'),(3389,46,'B',9,1,'active'),(3390,46,'B',10,1,'active'),(3391,46,'C',1,1,'active'),(3392,46,'C',2,1,'active'),(3393,46,'C',3,1,'active'),(3394,46,'C',4,1,'active'),(3395,46,'C',5,1,'active'),(3396,46,'C',6,1,'active'),(3397,46,'C',7,1,'active'),(3398,46,'C',8,1,'active'),(3399,46,'C',9,1,'active'),(3400,46,'C',10,1,'active'),(3401,46,'D',1,1,'active'),(3402,46,'D',2,1,'active'),(3403,46,'D',3,1,'active'),(3404,46,'D',4,1,'active'),(3405,46,'D',5,1,'active'),(3406,46,'D',6,1,'active'),(3407,46,'D',7,1,'active'),(3408,46,'D',8,1,'active'),(3409,46,'D',9,1,'active'),(3410,46,'D',10,1,'active'),(3411,46,'E',1,1,'active'),(3412,46,'E',2,1,'active'),(3413,46,'E',3,1,'active'),(3414,46,'E',4,1,'active'),(3415,46,'E',5,1,'active'),(3416,46,'E',6,1,'active'),(3417,46,'E',7,1,'active'),(3418,46,'E',8,1,'active'),(3419,46,'E',9,1,'active'),(3420,46,'E',10,1,'active'),(3421,46,'F',1,1,'active'),(3422,46,'F',2,1,'active'),(3423,46,'F',3,1,'active'),(3424,46,'F',4,1,'active'),(3425,46,'F',5,1,'active'),(3426,46,'F',6,1,'active'),(3427,46,'F',7,1,'active'),(3428,46,'F',8,1,'active'),(3429,46,'F',9,1,'active'),(3430,46,'F',10,1,'active'),(3431,46,'G',1,2,'active'),(3432,46,'G',2,2,'active'),(3433,46,'G',3,2,'active'),(3434,46,'G',4,2,'active'),(3435,46,'G',5,2,'active'),(3436,46,'G',6,2,'active'),(3437,46,'G',7,2,'active'),(3438,46,'G',8,2,'active'),(3439,46,'G',9,2,'active'),(3440,46,'G',10,2,'active'),(3441,46,'H',1,2,'active'),(3442,46,'H',2,2,'active'),(3443,46,'H',3,2,'active'),(3444,46,'H',4,2,'active'),(3445,46,'H',5,2,'active'),(3446,46,'H',6,2,'active'),(3447,46,'H',7,2,'active'),(3448,46,'H',8,2,'active'),(3449,46,'H',9,2,'active'),(3450,46,'H',10,2,'active'),(3451,46,'J',1,3,'active'),(3452,46,'J',2,3,'active'),(3453,46,'J',3,3,'active'),(3454,46,'J',4,3,'active'),(3455,46,'J',5,3,'active'),(3456,46,'J',6,3,'active'),(3457,46,'J',7,3,'active'),(3458,46,'J',8,3,'active'),(3459,46,'J',9,3,'active'),(3460,46,'J',10,3,'active'),(3461,47,'A',1,1,'active'),(3462,47,'A',2,1,'active'),(3463,47,'A',3,1,'active'),(3464,47,'A',4,1,'active'),(3465,47,'A',5,1,'active'),(3466,47,'A',6,1,'active'),(3467,47,'A',7,1,'active'),(3468,47,'A',8,1,'active'),(3469,47,'A',9,1,'active'),(3470,47,'A',10,1,'active'),(3471,47,'B',1,1,'active'),(3472,47,'B',2,1,'active'),(3473,47,'B',3,1,'active'),(3474,47,'B',4,1,'active'),(3475,47,'B',5,1,'active'),(3476,47,'B',6,1,'active'),(3477,47,'B',7,1,'active'),(3478,47,'B',8,1,'active'),(3479,47,'B',9,1,'active'),(3480,47,'B',10,1,'active'),(3481,47,'C',1,1,'active'),(3482,47,'C',2,1,'active'),(3483,47,'C',3,1,'active'),(3484,47,'C',4,1,'active'),(3485,47,'C',5,1,'active'),(3486,47,'C',6,1,'active'),(3487,47,'C',7,1,'active'),(3488,47,'C',8,1,'active'),(3489,47,'C',9,1,'active'),(3490,47,'C',10,1,'active'),(3491,47,'D',1,1,'active'),(3492,47,'D',2,1,'active'),(3493,47,'D',3,1,'active'),(3494,47,'D',4,1,'active'),(3495,47,'D',5,1,'active'),(3496,47,'D',6,1,'active'),(3497,47,'D',7,1,'active'),(3498,47,'D',8,1,'active'),(3499,47,'D',9,1,'active'),(3500,47,'D',10,1,'active'),(3501,47,'E',1,1,'active'),(3502,47,'E',2,1,'active'),(3503,47,'E',3,1,'active'),(3504,47,'E',4,1,'active'),(3505,47,'E',5,1,'active'),(3506,47,'E',6,1,'active'),(3507,47,'E',7,1,'active'),(3508,47,'E',8,1,'active'),(3509,47,'E',9,1,'active'),(3510,47,'E',10,1,'active'),(3511,47,'F',1,1,'active'),(3512,47,'F',2,1,'active'),(3513,47,'F',3,1,'active'),(3514,47,'F',4,1,'active'),(3515,47,'F',5,1,'active'),(3516,47,'F',6,1,'active'),(3517,47,'F',7,1,'active'),(3518,47,'F',8,1,'active'),(3519,47,'F',9,1,'active'),(3520,47,'F',10,1,'active'),(3521,47,'G',1,2,'active'),(3522,47,'G',2,2,'active'),(3523,47,'G',3,2,'active'),(3524,47,'G',4,2,'active'),(3525,47,'G',5,2,'active'),(3526,47,'G',6,2,'active'),(3527,47,'G',7,2,'active'),(3528,47,'G',8,2,'active'),(3529,47,'G',9,2,'active'),(3530,47,'G',10,2,'active'),(3531,47,'H',1,2,'active'),(3532,47,'H',2,2,'active'),(3533,47,'H',3,2,'active'),(3534,47,'H',4,2,'active'),(3535,47,'H',5,2,'active'),(3536,47,'H',6,2,'active'),(3537,47,'H',7,2,'active'),(3538,47,'H',8,2,'active'),(3539,47,'H',9,2,'active'),(3540,47,'H',10,2,'active'),(3541,47,'J',1,3,'active'),(3542,47,'J',2,3,'active'),(3543,47,'J',3,3,'active'),(3544,47,'J',4,3,'active'),(3545,47,'J',5,3,'active'),(3546,47,'J',6,3,'active'),(3547,47,'J',7,3,'active'),(3548,47,'J',8,3,'active'),(3549,47,'J',9,3,'active'),(3550,47,'J',10,3,'active'),(3551,48,'A',1,1,'active'),(3552,48,'A',2,1,'active'),(3553,48,'A',3,1,'active'),(3554,48,'A',4,1,'active'),(3555,48,'A',5,1,'active'),(3556,48,'A',6,1,'active'),(3557,48,'A',7,1,'active'),(3558,48,'A',8,1,'active'),(3559,48,'A',9,1,'active'),(3560,48,'A',10,1,'active'),(3561,48,'B',1,1,'active'),(3562,48,'B',2,1,'active'),(3563,48,'B',3,1,'active'),(3564,48,'B',4,1,'active'),(3565,48,'B',5,1,'active'),(3566,48,'B',6,1,'active'),(3567,48,'B',7,1,'active'),(3568,48,'B',8,1,'active'),(3569,48,'B',9,1,'active'),(3570,48,'B',10,1,'active'),(3571,48,'C',1,1,'active'),(3572,48,'C',2,1,'active'),(3573,48,'C',3,1,'active'),(3574,48,'C',4,1,'active'),(3575,48,'C',5,1,'active'),(3576,48,'C',6,1,'active'),(3577,48,'C',7,1,'active'),(3578,48,'C',8,1,'active'),(3579,48,'C',9,1,'active'),(3580,48,'C',10,1,'active'),(3581,48,'D',1,1,'active'),(3582,48,'D',2,1,'active'),(3583,48,'D',3,1,'active'),(3584,48,'D',4,1,'active'),(3585,48,'D',5,1,'active'),(3586,48,'D',6,1,'active'),(3587,48,'D',7,1,'active'),(3588,48,'D',8,1,'active'),(3589,48,'D',9,1,'active'),(3590,48,'D',10,1,'active'),(3591,48,'E',1,1,'active'),(3592,48,'E',2,1,'active'),(3593,48,'E',3,1,'active'),(3594,48,'E',4,1,'active'),(3595,48,'E',5,1,'active'),(3596,48,'E',6,1,'active'),(3597,48,'E',7,1,'active'),(3598,48,'E',8,1,'active'),(3599,48,'E',9,1,'active'),(3600,48,'E',10,1,'active'),(3601,48,'F',1,1,'active'),(3602,48,'F',2,1,'active'),(3603,48,'F',3,1,'active'),(3604,48,'F',4,1,'active'),(3605,48,'F',5,1,'active'),(3606,48,'F',6,1,'active'),(3607,48,'F',7,1,'active'),(3608,48,'F',8,1,'active'),(3609,48,'F',9,1,'active'),(3610,48,'F',10,1,'active'),(3611,48,'G',1,2,'active'),(3612,48,'G',2,2,'active'),(3613,48,'G',3,2,'active'),(3614,48,'G',4,2,'active'),(3615,48,'G',5,2,'active'),(3616,48,'G',6,2,'active'),(3617,48,'G',7,2,'active'),(3618,48,'G',8,2,'active'),(3619,48,'G',9,2,'active'),(3620,48,'G',10,2,'active'),(3621,48,'H',1,2,'active'),(3622,48,'H',2,2,'active'),(3623,48,'H',3,2,'active'),(3624,48,'H',4,2,'active'),(3625,48,'H',5,2,'active'),(3626,48,'H',6,2,'active'),(3627,48,'H',7,2,'active'),(3628,48,'H',8,2,'active'),(3629,48,'H',9,2,'active'),(3630,48,'H',10,2,'active'),(3631,48,'J',1,3,'active'),(3632,48,'J',2,3,'active'),(3633,48,'J',3,3,'active'),(3634,48,'J',4,3,'active'),(3635,48,'J',5,3,'active'),(3636,48,'J',6,3,'active'),(3637,48,'J',7,3,'active'),(3638,48,'J',8,3,'active'),(3639,48,'J',9,3,'active'),(3640,48,'J',10,3,'active'),(3641,49,'A',1,1,'active'),(3642,49,'A',2,1,'active'),(3643,49,'A',3,1,'active'),(3644,49,'A',4,1,'active'),(3645,49,'A',5,1,'active'),(3646,49,'A',6,1,'active'),(3647,49,'A',7,1,'active'),(3648,49,'A',8,1,'active'),(3649,49,'A',9,1,'active'),(3650,49,'A',10,1,'active'),(3651,49,'B',1,1,'active'),(3652,49,'B',2,1,'active'),(3653,49,'B',3,1,'active'),(3654,49,'B',4,1,'active'),(3655,49,'B',5,1,'active'),(3656,49,'B',6,1,'active'),(3657,49,'B',7,1,'active'),(3658,49,'B',8,1,'active'),(3659,49,'B',9,1,'active'),(3660,49,'B',10,1,'active'),(3661,49,'C',1,1,'active'),(3662,49,'C',2,1,'active'),(3663,49,'C',3,1,'active'),(3664,49,'C',4,1,'active'),(3665,49,'C',5,1,'active'),(3666,49,'C',6,1,'active'),(3667,49,'C',7,1,'active'),(3668,49,'C',8,1,'active'),(3669,49,'C',9,1,'active'),(3670,49,'C',10,1,'active'),(3671,49,'D',1,1,'active'),(3672,49,'D',2,1,'active'),(3673,49,'D',3,1,'active'),(3674,49,'D',4,1,'active'),(3675,49,'D',5,1,'active'),(3676,49,'D',6,1,'active'),(3677,49,'D',7,1,'active'),(3678,49,'D',8,1,'active'),(3679,49,'D',9,1,'active'),(3680,49,'D',10,1,'active'),(3681,49,'E',1,1,'active'),(3682,49,'E',2,1,'active'),(3683,49,'E',3,1,'active'),(3684,49,'E',4,1,'active'),(3685,49,'E',5,1,'active'),(3686,49,'E',6,1,'active'),(3687,49,'E',7,1,'active'),(3688,49,'E',8,1,'active'),(3689,49,'E',9,1,'active'),(3690,49,'E',10,1,'active'),(3691,49,'F',1,1,'active'),(3692,49,'F',2,1,'active'),(3693,49,'F',3,1,'active'),(3694,49,'F',4,1,'active'),(3695,49,'F',5,1,'active'),(3696,49,'F',6,1,'active'),(3697,49,'F',7,1,'active'),(3698,49,'F',8,1,'active'),(3699,49,'F',9,1,'active'),(3700,49,'F',10,1,'active'),(3701,49,'G',1,2,'active'),(3702,49,'G',2,2,'active'),(3703,49,'G',3,2,'active'),(3704,49,'G',4,2,'active'),(3705,49,'G',5,2,'active'),(3706,49,'G',6,2,'active'),(3707,49,'G',7,2,'active'),(3708,49,'G',8,2,'active'),(3709,49,'G',9,2,'active'),(3710,49,'G',10,2,'active'),(3711,49,'H',1,2,'active'),(3712,49,'H',2,2,'active'),(3713,49,'H',3,2,'active'),(3714,49,'H',4,2,'active'),(3715,49,'H',5,2,'active'),(3716,49,'H',6,2,'active'),(3717,49,'H',7,2,'active'),(3718,49,'H',8,2,'active'),(3719,49,'H',9,2,'active'),(3720,49,'H',10,2,'active'),(3721,49,'J',1,3,'active'),(3722,49,'J',2,3,'active'),(3723,49,'J',3,3,'active'),(3724,49,'J',4,3,'active'),(3725,49,'J',5,3,'active'),(3726,49,'J',6,3,'active'),(3727,49,'J',7,3,'active'),(3728,49,'J',8,3,'active'),(3729,49,'J',9,3,'active'),(3730,49,'J',10,3,'active'),(3731,50,'A',1,1,'active'),(3732,50,'A',2,1,'active'),(3733,50,'A',3,1,'active'),(3734,50,'A',4,1,'active'),(3735,50,'A',5,1,'active'),(3736,50,'A',6,1,'active'),(3737,50,'A',7,1,'active'),(3738,50,'A',8,1,'active'),(3739,50,'A',9,1,'active'),(3740,50,'A',10,1,'active'),(3741,50,'B',1,1,'active'),(3742,50,'B',2,1,'active'),(3743,50,'B',3,1,'active'),(3744,50,'B',4,1,'active'),(3745,50,'B',5,1,'active'),(3746,50,'B',6,1,'active'),(3747,50,'B',7,1,'active'),(3748,50,'B',8,1,'active'),(3749,50,'B',9,1,'active'),(3750,50,'B',10,1,'active'),(3751,50,'C',1,1,'active'),(3752,50,'C',2,1,'active'),(3753,50,'C',3,1,'active'),(3754,50,'C',4,1,'active'),(3755,50,'C',5,1,'active'),(3756,50,'C',6,1,'active'),(3757,50,'C',7,1,'active'),(3758,50,'C',8,1,'active'),(3759,50,'C',9,1,'active'),(3760,50,'C',10,1,'active'),(3761,50,'D',1,1,'active'),(3762,50,'D',2,1,'active'),(3763,50,'D',3,1,'active'),(3764,50,'D',4,1,'active'),(3765,50,'D',5,1,'active'),(3766,50,'D',6,1,'active'),(3767,50,'D',7,1,'active'),(3768,50,'D',8,1,'active'),(3769,50,'D',9,1,'active'),(3770,50,'D',10,1,'active'),(3771,50,'E',1,1,'active'),(3772,50,'E',2,1,'active'),(3773,50,'E',3,1,'active'),(3774,50,'E',4,1,'active'),(3775,50,'E',5,1,'active'),(3776,50,'E',6,1,'active'),(3777,50,'E',7,1,'active'),(3778,50,'E',8,1,'active'),(3779,50,'E',9,1,'active'),(3780,50,'E',10,1,'active'),(3781,50,'F',1,1,'active'),(3782,50,'F',2,1,'active'),(3783,50,'F',3,1,'active'),(3784,50,'F',4,1,'active'),(3785,50,'F',5,1,'active'),(3786,50,'F',6,1,'active'),(3787,50,'F',7,1,'active'),(3788,50,'F',8,1,'active'),(3789,50,'F',9,1,'active'),(3790,50,'F',10,1,'active'),(3791,50,'G',1,2,'active'),(3792,50,'G',2,2,'active'),(3793,50,'G',3,2,'active'),(3794,50,'G',4,2,'active'),(3795,50,'G',5,2,'active'),(3796,50,'G',6,2,'active'),(3797,50,'G',7,2,'active'),(3798,50,'G',8,2,'active'),(3799,50,'G',9,2,'active'),(3800,50,'G',10,2,'active'),(3801,50,'H',1,2,'active'),(3802,50,'H',2,2,'active'),(3803,50,'H',3,2,'active'),(3804,50,'H',4,2,'active'),(3805,50,'H',5,2,'active'),(3806,50,'H',6,2,'active'),(3807,50,'H',7,2,'active'),(3808,50,'H',8,2,'active'),(3809,50,'H',9,2,'active'),(3810,50,'H',10,2,'active'),(3811,50,'J',1,3,'active'),(3812,50,'J',2,3,'active'),(3813,50,'J',3,3,'active'),(3814,50,'J',4,3,'active'),(3815,50,'J',5,3,'active'),(3816,50,'J',6,3,'active'),(3817,50,'J',7,3,'active'),(3818,50,'J',8,3,'active'),(3819,50,'J',9,3,'active'),(3820,50,'J',10,3,'active'),(3821,51,'A',1,1,'active'),(3822,51,'A',2,1,'active'),(3823,51,'A',3,1,'active'),(3824,51,'A',4,1,'active'),(3825,51,'A',5,1,'active'),(3826,51,'A',6,1,'active'),(3827,51,'A',7,1,'active'),(3828,51,'A',8,1,'active'),(3829,51,'A',9,1,'active'),(3830,51,'A',10,1,'active'),(3831,51,'B',1,1,'active'),(3832,51,'B',2,1,'active'),(3833,51,'B',3,1,'active'),(3834,51,'B',4,1,'active'),(3835,51,'B',5,1,'active'),(3836,51,'B',6,1,'active'),(3837,51,'B',7,1,'active'),(3838,51,'B',8,1,'active'),(3839,51,'B',9,1,'active'),(3840,51,'B',10,1,'active'),(3841,51,'C',1,1,'active'),(3842,51,'C',2,1,'active'),(3843,51,'C',3,1,'active'),(3844,51,'C',4,1,'active'),(3845,51,'C',5,1,'active'),(3846,51,'C',6,1,'active'),(3847,51,'C',7,1,'active'),(3848,51,'C',8,1,'active'),(3849,51,'C',9,1,'active'),(3850,51,'C',10,1,'active'),(3851,51,'D',1,1,'active'),(3852,51,'D',2,1,'active'),(3853,51,'D',3,1,'active'),(3854,51,'D',4,1,'active'),(3855,51,'D',5,1,'active'),(3856,51,'D',6,1,'active'),(3857,51,'D',7,1,'active'),(3858,51,'D',8,1,'active'),(3859,51,'D',9,1,'active'),(3860,51,'D',10,1,'active'),(3861,51,'E',1,1,'active'),(3862,51,'E',2,1,'active'),(3863,51,'E',3,1,'active'),(3864,51,'E',4,1,'active'),(3865,51,'E',5,1,'active'),(3866,51,'E',6,1,'active'),(3867,51,'E',7,1,'active'),(3868,51,'E',8,1,'active'),(3869,51,'E',9,1,'active'),(3870,51,'E',10,1,'active'),(3871,51,'F',1,1,'active'),(3872,51,'F',2,1,'active'),(3873,51,'F',3,1,'active'),(3874,51,'F',4,1,'active'),(3875,51,'F',5,1,'active'),(3876,51,'F',6,1,'active'),(3877,51,'F',7,1,'active'),(3878,51,'F',8,1,'active'),(3879,51,'F',9,1,'active'),(3880,51,'F',10,1,'active'),(3881,51,'G',1,2,'active'),(3882,51,'G',2,2,'active'),(3883,51,'G',3,2,'active'),(3884,51,'G',4,2,'active'),(3885,51,'G',5,2,'active'),(3886,51,'G',6,2,'active'),(3887,51,'G',7,2,'active'),(3888,51,'G',8,2,'active'),(3889,51,'G',9,2,'active'),(3890,51,'G',10,2,'active'),(3891,51,'H',1,2,'active'),(3892,51,'H',2,2,'active'),(3893,51,'H',3,2,'active'),(3894,51,'H',4,2,'active'),(3895,51,'H',5,2,'active'),(3896,51,'H',6,2,'active'),(3897,51,'H',7,2,'active'),(3898,51,'H',8,2,'active'),(3899,51,'H',9,2,'active'),(3900,51,'H',10,2,'active'),(3901,51,'J',1,3,'active'),(3902,51,'J',2,3,'active'),(3903,51,'J',3,3,'active'),(3904,51,'J',4,3,'active'),(3905,51,'J',5,3,'active'),(3906,51,'J',6,3,'active'),(3907,51,'J',7,3,'active'),(3908,51,'J',8,3,'active'),(3909,51,'J',9,3,'active'),(3910,51,'J',10,3,'active'),(3911,52,'A',1,1,'active'),(3912,52,'A',2,1,'active'),(3913,52,'A',3,1,'active'),(3914,52,'A',4,1,'active'),(3915,52,'A',5,1,'active'),(3916,52,'A',6,1,'active'),(3917,52,'A',7,1,'active'),(3918,52,'A',8,1,'active'),(3919,52,'A',9,1,'active'),(3920,52,'A',10,1,'active'),(3921,52,'B',1,1,'active'),(3922,52,'B',2,1,'active'),(3923,52,'B',3,1,'active'),(3924,52,'B',4,1,'active'),(3925,52,'B',5,1,'active'),(3926,52,'B',6,1,'active'),(3927,52,'B',7,1,'active'),(3928,52,'B',8,1,'active'),(3929,52,'B',9,1,'active'),(3930,52,'B',10,1,'active'),(3931,52,'C',1,1,'active'),(3932,52,'C',2,1,'active'),(3933,52,'C',3,1,'active'),(3934,52,'C',4,1,'active'),(3935,52,'C',5,1,'active'),(3936,52,'C',6,1,'active'),(3937,52,'C',7,1,'active'),(3938,52,'C',8,1,'active'),(3939,52,'C',9,1,'active'),(3940,52,'C',10,1,'active'),(3941,52,'D',1,1,'active'),(3942,52,'D',2,1,'active'),(3943,52,'D',3,1,'active'),(3944,52,'D',4,1,'active'),(3945,52,'D',5,1,'active'),(3946,52,'D',6,1,'active'),(3947,52,'D',7,1,'active'),(3948,52,'D',8,1,'active'),(3949,52,'D',9,1,'active'),(3950,52,'D',10,1,'active'),(3951,52,'E',1,1,'active'),(3952,52,'E',2,1,'active'),(3953,52,'E',3,1,'active'),(3954,52,'E',4,1,'active'),(3955,52,'E',5,1,'active'),(3956,52,'E',6,1,'active'),(3957,52,'E',7,1,'active'),(3958,52,'E',8,1,'active'),(3959,52,'E',9,1,'active'),(3960,52,'E',10,1,'active'),(3961,52,'F',1,1,'active'),(3962,52,'F',2,1,'active'),(3963,52,'F',3,1,'active'),(3964,52,'F',4,1,'active'),(3965,52,'F',5,1,'active'),(3966,52,'F',6,1,'active'),(3967,52,'F',7,1,'active'),(3968,52,'F',8,1,'active'),(3969,52,'F',9,1,'active'),(3970,52,'F',10,1,'active'),(3971,52,'G',1,2,'active'),(3972,52,'G',2,2,'active'),(3973,52,'G',3,2,'active'),(3974,52,'G',4,2,'active'),(3975,52,'G',5,2,'active'),(3976,52,'G',6,2,'active'),(3977,52,'G',7,2,'active'),(3978,52,'G',8,2,'active'),(3979,52,'G',9,2,'active'),(3980,52,'G',10,2,'active'),(3981,52,'H',1,2,'active'),(3982,52,'H',2,2,'active'),(3983,52,'H',3,2,'active'),(3984,52,'H',4,2,'active'),(3985,52,'H',5,2,'active'),(3986,52,'H',6,2,'active'),(3987,52,'H',7,2,'active'),(3988,52,'H',8,2,'active'),(3989,52,'H',9,2,'active'),(3990,52,'H',10,2,'active'),(3991,52,'J',1,3,'active'),(3992,52,'J',2,3,'active'),(3993,52,'J',3,3,'active'),(3994,52,'J',4,3,'active'),(3995,52,'J',5,3,'active'),(3996,52,'J',6,3,'active'),(3997,52,'J',7,3,'active'),(3998,52,'J',8,3,'active'),(3999,52,'J',9,3,'active'),(4000,52,'J',10,3,'active'),(4001,53,'A',1,1,'active'),(4002,53,'A',2,1,'active'),(4003,53,'A',3,1,'active'),(4004,53,'A',4,1,'active'),(4005,53,'A',5,1,'active'),(4006,53,'A',6,1,'active'),(4007,53,'A',7,1,'active'),(4008,53,'A',8,1,'active'),(4009,53,'A',9,1,'active'),(4010,53,'A',10,1,'active'),(4011,53,'B',1,1,'active'),(4012,53,'B',2,1,'active'),(4013,53,'B',3,1,'active'),(4014,53,'B',4,1,'active'),(4015,53,'B',5,1,'active'),(4016,53,'B',6,1,'active'),(4017,53,'B',7,1,'active'),(4018,53,'B',8,1,'active'),(4019,53,'B',9,1,'active'),(4020,53,'B',10,1,'active'),(4021,53,'C',1,1,'active'),(4022,53,'C',2,1,'active'),(4023,53,'C',3,1,'active'),(4024,53,'C',4,1,'active'),(4025,53,'C',5,1,'active'),(4026,53,'C',6,1,'active'),(4027,53,'C',7,1,'active'),(4028,53,'C',8,1,'active'),(4029,53,'C',9,1,'active'),(4030,53,'C',10,1,'active'),(4031,53,'D',1,1,'active'),(4032,53,'D',2,1,'active'),(4033,53,'D',3,1,'active'),(4034,53,'D',4,1,'active'),(4035,53,'D',5,1,'active'),(4036,53,'D',6,1,'active'),(4037,53,'D',7,1,'active'),(4038,53,'D',8,1,'active'),(4039,53,'D',9,1,'active'),(4040,53,'D',10,1,'active'),(4041,53,'E',1,1,'active'),(4042,53,'E',2,1,'active'),(4043,53,'E',3,1,'active'),(4044,53,'E',4,1,'active'),(4045,53,'E',5,1,'active'),(4046,53,'E',6,1,'active'),(4047,53,'E',7,1,'active'),(4048,53,'E',8,1,'active'),(4049,53,'E',9,1,'active'),(4050,53,'E',10,1,'active'),(4051,53,'F',1,1,'active'),(4052,53,'F',2,1,'active'),(4053,53,'F',3,1,'active'),(4054,53,'F',4,1,'active'),(4055,53,'F',5,1,'active'),(4056,53,'F',6,1,'active'),(4057,53,'F',7,1,'active'),(4058,53,'F',8,1,'active'),(4059,53,'F',9,1,'active'),(4060,53,'F',10,1,'active'),(4061,53,'G',1,2,'active'),(4062,53,'G',2,2,'active'),(4063,53,'G',3,2,'active'),(4064,53,'G',4,2,'active'),(4065,53,'G',5,2,'active'),(4066,53,'G',6,2,'active'),(4067,53,'G',7,2,'active'),(4068,53,'G',8,2,'active'),(4069,53,'G',9,2,'active'),(4070,53,'G',10,2,'active'),(4071,53,'H',1,2,'active'),(4072,53,'H',2,2,'active'),(4073,53,'H',3,2,'active'),(4074,53,'H',4,2,'active'),(4075,53,'H',5,2,'active'),(4076,53,'H',6,2,'active'),(4077,53,'H',7,2,'active'),(4078,53,'H',8,2,'active'),(4079,53,'H',9,2,'active'),(4080,53,'H',10,2,'active'),(4081,53,'J',1,3,'active'),(4082,53,'J',2,3,'active'),(4083,53,'J',3,3,'active'),(4084,53,'J',4,3,'active'),(4085,53,'J',5,3,'active'),(4086,53,'J',6,3,'active'),(4087,53,'J',7,3,'active'),(4088,53,'J',8,3,'active'),(4089,53,'J',9,3,'active'),(4090,53,'J',10,3,'active'),(4091,54,'A',1,1,'active'),(4092,54,'A',2,1,'active'),(4093,54,'A',3,1,'active'),(4094,54,'A',4,1,'active'),(4095,54,'A',5,1,'active'),(4096,54,'A',6,1,'active'),(4097,54,'A',7,1,'active'),(4098,54,'A',8,1,'active'),(4099,54,'A',9,1,'active'),(4100,54,'A',10,1,'active'),(4101,54,'B',1,1,'active'),(4102,54,'B',2,1,'active'),(4103,54,'B',3,1,'active'),(4104,54,'B',4,1,'active'),(4105,54,'B',5,1,'active'),(4106,54,'B',6,1,'active'),(4107,54,'B',7,1,'active'),(4108,54,'B',8,1,'active'),(4109,54,'B',9,1,'active'),(4110,54,'B',10,1,'active'),(4111,54,'C',1,1,'active'),(4112,54,'C',2,1,'active'),(4113,54,'C',3,1,'active'),(4114,54,'C',4,1,'active'),(4115,54,'C',5,1,'active'),(4116,54,'C',6,1,'active'),(4117,54,'C',7,1,'active'),(4118,54,'C',8,1,'active'),(4119,54,'C',9,1,'active'),(4120,54,'C',10,1,'active'),(4121,54,'D',1,1,'active'),(4122,54,'D',2,1,'active'),(4123,54,'D',3,1,'active'),(4124,54,'D',4,1,'active'),(4125,54,'D',5,1,'active'),(4126,54,'D',6,1,'active'),(4127,54,'D',7,1,'active'),(4128,54,'D',8,1,'active'),(4129,54,'D',9,1,'active'),(4130,54,'D',10,1,'active'),(4131,54,'E',1,1,'active'),(4132,54,'E',2,1,'active'),(4133,54,'E',3,1,'active'),(4134,54,'E',4,1,'active'),(4135,54,'E',5,1,'active'),(4136,54,'E',6,1,'active'),(4137,54,'E',7,1,'active'),(4138,54,'E',8,1,'active'),(4139,54,'E',9,1,'active'),(4140,54,'E',10,1,'active'),(4141,54,'F',1,1,'active'),(4142,54,'F',2,1,'active'),(4143,54,'F',3,1,'active'),(4144,54,'F',4,1,'active'),(4145,54,'F',5,1,'active'),(4146,54,'F',6,1,'active'),(4147,54,'F',7,1,'active'),(4148,54,'F',8,1,'active'),(4149,54,'F',9,1,'active'),(4150,54,'F',10,1,'active'),(4151,54,'G',1,2,'active'),(4152,54,'G',2,2,'active'),(4153,54,'G',3,2,'active'),(4154,54,'G',4,2,'active'),(4155,54,'G',5,2,'active'),(4156,54,'G',6,2,'active'),(4157,54,'G',7,2,'active'),(4158,54,'G',8,2,'active'),(4159,54,'G',9,2,'active'),(4160,54,'G',10,2,'active'),(4161,54,'H',1,2,'active'),(4162,54,'H',2,2,'active'),(4163,54,'H',3,2,'active'),(4164,54,'H',4,2,'active'),(4165,54,'H',5,2,'active'),(4166,54,'H',6,2,'active'),(4167,54,'H',7,2,'active'),(4168,54,'H',8,2,'active'),(4169,54,'H',9,2,'active'),(4170,54,'H',10,2,'active'),(4171,54,'J',1,3,'active'),(4172,54,'J',2,3,'active'),(4173,54,'J',3,3,'active'),(4174,54,'J',4,3,'active'),(4175,54,'J',5,3,'active'),(4176,54,'J',6,3,'active'),(4177,54,'J',7,3,'active'),(4178,54,'J',8,3,'active'),(4179,54,'J',9,3,'active'),(4180,54,'J',10,3,'active'),(4181,55,'A',1,1,'active'),(4182,55,'A',2,1,'active'),(4183,55,'A',3,1,'active'),(4184,55,'A',4,1,'active'),(4185,55,'A',5,1,'active'),(4186,55,'A',6,1,'active'),(4187,55,'A',7,1,'active'),(4188,55,'A',8,1,'active'),(4189,55,'A',9,1,'active'),(4190,55,'A',10,1,'active'),(4191,55,'B',1,1,'active'),(4192,55,'B',2,1,'active'),(4193,55,'B',3,1,'active'),(4194,55,'B',4,1,'active'),(4195,55,'B',5,1,'active'),(4196,55,'B',6,1,'active'),(4197,55,'B',7,1,'active'),(4198,55,'B',8,1,'active'),(4199,55,'B',9,1,'active'),(4200,55,'B',10,1,'active'),(4201,55,'C',1,1,'active'),(4202,55,'C',2,1,'active'),(4203,55,'C',3,1,'active'),(4204,55,'C',4,1,'active'),(4205,55,'C',5,1,'active'),(4206,55,'C',6,1,'active'),(4207,55,'C',7,1,'active'),(4208,55,'C',8,1,'active'),(4209,55,'C',9,1,'active'),(4210,55,'C',10,1,'active'),(4211,55,'D',1,1,'active'),(4212,55,'D',2,1,'active'),(4213,55,'D',3,1,'active'),(4214,55,'D',4,1,'active'),(4215,55,'D',5,1,'active'),(4216,55,'D',6,1,'active'),(4217,55,'D',7,1,'active'),(4218,55,'D',8,1,'active'),(4219,55,'D',9,1,'active'),(4220,55,'D',10,1,'active'),(4221,55,'E',1,1,'active'),(4222,55,'E',2,1,'active'),(4223,55,'E',3,1,'active'),(4224,55,'E',4,1,'active'),(4225,55,'E',5,1,'active'),(4226,55,'E',6,1,'active'),(4227,55,'E',7,1,'active'),(4228,55,'E',8,1,'active'),(4229,55,'E',9,1,'active'),(4230,55,'E',10,1,'active'),(4231,55,'F',1,1,'active'),(4232,55,'F',2,1,'active'),(4233,55,'F',3,1,'active'),(4234,55,'F',4,1,'active'),(4235,55,'F',5,1,'active'),(4236,55,'F',6,1,'active'),(4237,55,'F',7,1,'active'),(4238,55,'F',8,1,'active'),(4239,55,'F',9,1,'active'),(4240,55,'F',10,1,'active'),(4241,55,'G',1,2,'active'),(4242,55,'G',2,2,'active'),(4243,55,'G',3,2,'active'),(4244,55,'G',4,2,'active'),(4245,55,'G',5,2,'active'),(4246,55,'G',6,2,'active'),(4247,55,'G',7,2,'active'),(4248,55,'G',8,2,'active'),(4249,55,'G',9,2,'active'),(4250,55,'G',10,2,'active'),(4251,55,'H',1,2,'active'),(4252,55,'H',2,2,'active'),(4253,55,'H',3,2,'active'),(4254,55,'H',4,2,'active'),(4255,55,'H',5,2,'active'),(4256,55,'H',6,2,'active'),(4257,55,'H',7,2,'active'),(4258,55,'H',8,2,'active'),(4259,55,'H',9,2,'active'),(4260,55,'H',10,2,'active'),(4261,55,'J',1,3,'active'),(4262,55,'J',2,3,'active'),(4263,55,'J',3,3,'active'),(4264,55,'J',4,3,'active'),(4265,55,'J',5,3,'active'),(4266,55,'J',6,3,'active'),(4267,55,'J',7,3,'active'),(4268,55,'J',8,3,'active'),(4269,55,'J',9,3,'active'),(4270,55,'J',10,3,'active'),(4271,56,'A',1,1,'active'),(4272,56,'A',2,1,'active'),(4273,56,'A',3,1,'active'),(4274,56,'A',4,1,'active'),(4275,56,'A',5,1,'active'),(4276,56,'A',6,1,'active'),(4277,56,'A',7,1,'active'),(4278,56,'A',8,1,'active'),(4279,56,'A',9,1,'active'),(4280,56,'A',10,1,'active'),(4281,56,'B',1,1,'active'),(4282,56,'B',2,1,'active'),(4283,56,'B',3,1,'active'),(4284,56,'B',4,1,'active'),(4285,56,'B',5,1,'active'),(4286,56,'B',6,1,'active'),(4287,56,'B',7,1,'active'),(4288,56,'B',8,1,'active'),(4289,56,'B',9,1,'active'),(4290,56,'B',10,1,'active'),(4291,56,'C',1,1,'active'),(4292,56,'C',2,1,'active'),(4293,56,'C',3,1,'active'),(4294,56,'C',4,1,'active'),(4295,56,'C',5,1,'active'),(4296,56,'C',6,1,'active'),(4297,56,'C',7,1,'active'),(4298,56,'C',8,1,'active'),(4299,56,'C',9,1,'active'),(4300,56,'C',10,1,'active'),(4301,56,'D',1,1,'active'),(4302,56,'D',2,1,'active'),(4303,56,'D',3,1,'active'),(4304,56,'D',4,1,'active'),(4305,56,'D',5,1,'active'),(4306,56,'D',6,1,'active'),(4307,56,'D',7,1,'active'),(4308,56,'D',8,1,'active'),(4309,56,'D',9,1,'active'),(4310,56,'D',10,1,'active'),(4311,56,'E',1,1,'active'),(4312,56,'E',2,1,'active'),(4313,56,'E',3,1,'active'),(4314,56,'E',4,1,'active'),(4315,56,'E',5,1,'active'),(4316,56,'E',6,1,'active'),(4317,56,'E',7,1,'active'),(4318,56,'E',8,1,'active'),(4319,56,'E',9,1,'active'),(4320,56,'E',10,1,'active'),(4321,56,'F',1,1,'active'),(4322,56,'F',2,1,'active'),(4323,56,'F',3,1,'active'),(4324,56,'F',4,1,'active'),(4325,56,'F',5,1,'active'),(4326,56,'F',6,1,'active'),(4327,56,'F',7,1,'active'),(4328,56,'F',8,1,'active'),(4329,56,'F',9,1,'active'),(4330,56,'F',10,1,'active'),(4331,56,'G',1,2,'active'),(4332,56,'G',2,2,'active'),(4333,56,'G',3,2,'active'),(4334,56,'G',4,2,'active'),(4335,56,'G',5,2,'active'),(4336,56,'G',6,2,'active'),(4337,56,'G',7,2,'active'),(4338,56,'G',8,2,'active'),(4339,56,'G',9,2,'active'),(4340,56,'G',10,2,'active'),(4341,56,'H',1,2,'active'),(4342,56,'H',2,2,'active'),(4343,56,'H',3,2,'active'),(4344,56,'H',4,2,'active'),(4345,56,'H',5,2,'active'),(4346,56,'H',6,2,'active'),(4347,56,'H',7,2,'active'),(4348,56,'H',8,2,'active'),(4349,56,'H',9,2,'active'),(4350,56,'H',10,2,'active'),(4351,56,'J',1,3,'active'),(4352,56,'J',2,3,'active'),(4353,56,'J',3,3,'active'),(4354,56,'J',4,3,'active'),(4355,56,'J',5,3,'active'),(4356,56,'J',6,3,'active'),(4357,56,'J',7,3,'active'),(4358,56,'J',8,3,'active'),(4359,56,'J',9,3,'active'),(4360,56,'J',10,3,'active'),(4361,11,'J',1,3,'active'),(4362,11,'H',1,2,'active'),(4363,11,'G',1,2,'active'),(4364,11,'F',1,1,'active'),(4365,11,'E',1,1,'active'),(4366,11,'D',1,1,'active'),(4367,11,'C',1,1,'active'),(4368,11,'B',1,1,'active'),(4369,11,'A',1,1,'active'),(4370,11,'J',2,3,'active'),(4371,11,'H',2,2,'active'),(4372,11,'G',2,2,'active'),(4373,11,'F',2,1,'active'),(4374,11,'E',2,1,'active'),(4375,11,'D',2,1,'active'),(4376,11,'C',2,1,'active'),(4377,11,'B',2,1,'active'),(4378,11,'A',2,1,'active'),(4379,11,'J',3,3,'active'),(4380,11,'H',3,2,'active'),(4381,11,'G',3,2,'active'),(4382,11,'F',3,1,'active'),(4383,11,'E',3,1,'active'),(4384,11,'D',3,1,'active'),(4385,11,'C',3,1,'active'),(4386,11,'B',3,1,'active'),(4387,11,'A',3,1,'active'),(4388,11,'J',4,3,'active'),(4389,11,'H',4,2,'active'),(4390,11,'G',4,2,'active'),(4391,11,'F',4,1,'active'),(4392,11,'E',4,1,'active'),(4393,11,'D',4,1,'active'),(4394,11,'C',4,1,'active'),(4395,11,'B',4,1,'active'),(4396,11,'A',4,1,'active'),(4397,11,'J',5,3,'active'),(4398,11,'H',5,2,'active'),(4399,11,'G',5,2,'active'),(4400,11,'F',5,1,'active'),(4401,11,'E',5,1,'active'),(4402,11,'D',5,1,'active'),(4403,11,'C',5,1,'active'),(4404,11,'B',5,1,'active'),(4405,11,'A',5,1,'active'),(4406,11,'J',6,3,'active'),(4407,11,'H',6,2,'active'),(4408,11,'G',6,2,'active'),(4409,11,'F',6,1,'active'),(4410,11,'E',6,1,'active'),(4411,11,'D',6,1,'active'),(4412,11,'C',6,1,'active'),(4413,11,'B',6,1,'active'),(4414,11,'A',6,1,'active'),(4415,11,'J',7,3,'active'),(4416,11,'H',7,2,'active'),(4417,11,'G',7,2,'active'),(4418,11,'F',7,1,'active'),(4419,11,'E',7,1,'active'),(4420,11,'D',7,1,'active'),(4421,11,'C',7,1,'active'),(4422,11,'B',7,1,'active'),(4423,11,'A',7,1,'active'),(4424,11,'J',8,3,'active'),(4425,11,'H',8,2,'active'),(4426,11,'G',8,2,'active'),(4427,11,'F',8,1,'active'),(4428,11,'E',8,1,'active'),(4429,11,'D',8,1,'active'),(4430,11,'C',8,1,'active'),(4431,11,'B',8,1,'active'),(4432,11,'A',8,1,'active'),(4433,11,'J',9,3,'active'),(4434,11,'H',9,2,'active'),(4435,11,'G',9,2,'active'),(4436,11,'F',9,1,'active'),(4437,11,'E',9,1,'active'),(4438,11,'D',9,1,'active'),(4439,11,'C',9,1,'active'),(4440,11,'B',9,1,'active'),(4441,11,'A',9,1,'active'),(4442,11,'J',10,3,'active'),(4443,11,'H',10,2,'active'),(4444,11,'G',10,2,'active'),(4445,11,'F',10,1,'active'),(4446,11,'E',10,1,'active'),(4447,11,'D',10,1,'active'),(4448,11,'C',10,1,'active'),(4449,11,'B',10,1,'active'),(4450,11,'A',10,1,'active');
/*!40000 ALTER TABLE `seats` ENABLE KEYS */;
UNLOCK TABLES;

--
-- Table structure for table `seattypes`
--

DROP TABLE IF EXISTS `seattypes`;
/*!40101 SET @saved_cs_client     = @@character_set_client */;
/*!50503 SET character_set_client = utf8mb4 */;
CREATE TABLE `seattypes` (
  `id` int unsigned NOT NULL AUTO_INCREMENT,
  `type_name` varchar(50) CHARACTER SET utf8mb4 COLLATE utf8mb4_unicode_ci NOT NULL,
  `price_multiplier` decimal(3,2) DEFAULT '1.00',
  `description` varchar(255) CHARACTER SET utf8mb4 COLLATE utf8mb4_unicode_ci DEFAULT NULL,
  `is_deleted` tinyint(1) DEFAULT '0',
  PRIMARY KEY (`id`)
) ENGINE=InnoDB AUTO_INCREMENT=4 DEFAULT CHARSET=utf8mb4 COLLATE=utf8mb4_unicode_ci;
/*!40101 SET character_set_client = @saved_cs_client */;

--
-- Dumping data for table `seattypes`
--

LOCK TABLES `seattypes` WRITE;
/*!40000 ALTER TABLE `seattypes` DISABLE KEYS */;
INSERT INTO `seattypes` VALUES (1,'Standard',1.00,'Ghế thường',0),(2,'VIP',1.20,'Ghế VIP',0),(3,'Couple',1.50,'Ghế đôi',0);
/*!40000 ALTER TABLE `seattypes` ENABLE KEYS */;
UNLOCK TABLES;

--
-- Table structure for table `setting_system`
--

DROP TABLE IF EXISTS `setting_system`;
/*!40101 SET @saved_cs_client     = @@character_set_client */;
/*!50503 SET character_set_client = utf8mb4 */;
CREATE TABLE `setting_system` (
  `id` int NOT NULL AUTO_INCREMENT,
  `create_at` datetime DEFAULT NULL,
  `config_data` json NOT NULL,
  `type` varchar(100) CHARACTER SET utf8mb4 COLLATE utf8mb4_unicode_ci NOT NULL,
  PRIMARY KEY (`id`),
  UNIQUE KEY `type` (`type`)
) ENGINE=InnoDB AUTO_INCREMENT=2 DEFAULT CHARSET=utf8mb4 COLLATE=utf8mb4_unicode_ci;
/*!40101 SET character_set_client = @saved_cs_client */;

--
-- Dumping data for table `setting_system`
--

LOCK TABLES `setting_system` WRITE;
/*!40000 ALTER TABLE `setting_system` DISABLE KEYS */;
INSERT INTO `setting_system` VALUES (1,'2026-03-08 17:55:03','{\"weekdayPrice\": 80000, \"weekendPrice\": 120000}','ticket_price');
/*!40000 ALTER TABLE `setting_system` ENABLE KEYS */;
UNLOCK TABLES;

--
-- Table structure for table `slots`
--

DROP TABLE IF EXISTS `slots`;
/*!40101 SET @saved_cs_client     = @@character_set_client */;
/*!50503 SET character_set_client = utf8mb4 */;
CREATE TABLE `slots` (
  `id` int unsigned NOT NULL AUTO_INCREMENT,
  `movie_id` int unsigned NOT NULL,
  `room_id` int unsigned DEFAULT NULL,
  `show_time` datetime NOT NULL,
  `end_time` datetime NOT NULL,
  `price` decimal(10,2) NOT NULL,
  `empty_seats` int NOT NULL,
  `create_at` datetime DEFAULT NULL,
  `is_deleted` tinyint(1) DEFAULT '0',
  `couple_price` decimal(10,2) DEFAULT NULL,
  `vip_price` decimal(10,2) DEFAULT NULL,
  PRIMARY KEY (`id`),
  KEY `movie_id` (`movie_id`),
  KEY `room_id` (`room_id`),
  CONSTRAINT `slots_ibfk_1` FOREIGN KEY (`movie_id`) REFERENCES `movies` (`id`),
  CONSTRAINT `slots_ibfk_2` FOREIGN KEY (`room_id`) REFERENCES `rooms` (`id`)
) ENGINE=InnoDB AUTO_INCREMENT=933 DEFAULT CHARSET=utf8mb4 COLLATE=utf8mb4_unicode_ci;
/*!40101 SET character_set_client = @saved_cs_client */;

--
-- Dumping data for table `slots`
--

LOCK TABLES `slots` WRITE;
/*!40000 ALTER TABLE `slots` DISABLE KEYS */;
INSERT INTO `slots` VALUES (1,10,1,'2026-03-09 08:00:00','2026-03-09 16:59:00',80000.00,12,'2026-03-09 00:35:05',0,NULL,NULL),(2,10,1,'2026-03-09 10:00:00','2026-03-09 16:59:00',80000.00,12,'2026-03-09 00:35:34',0,NULL,NULL),(3,10,1,'2026-03-08 23:00:00','2026-03-08 23:01:00',80000.00,12,'2026-03-09 00:36:27',0,NULL,NULL),(4,10,1,'2026-03-09 09:00:00','2026-03-09 16:59:00',80000.00,12,'2026-03-09 00:37:09',0,NULL,NULL),(5,10,2,'2026-03-09 08:00:00','2026-03-09 16:59:00',80000.00,16,'2026-03-09 00:38:42',0,NULL,NULL),(6,10,2,'2026-03-09 11:00:00','2026-03-09 16:59:00',80000.00,16,'2026-03-09 00:39:16',0,NULL,NULL),(7,10,3,'2026-03-09 11:00:00','2026-03-09 16:59:00',80000.00,25,'2026-03-09 00:39:50',0,NULL,NULL),(8,10,3,'2026-03-09 13:00:00','2026-03-09 16:59:00',80000.00,25,'2026-03-09 00:40:21',0,NULL,NULL),(9,10,5,'2026-03-09 11:00:00','2026-03-09 16:59:00',80000.00,18,'2026-03-09 00:41:12',0,NULL,NULL),(10,10,5,'2026-03-09 13:00:00','2026-03-09 16:59:00',80000.00,18,'2026-03-09 00:41:43',0,NULL,NULL),(11,9,5,'2026-03-09 14:00:00','2026-03-09 16:59:00',80000.00,18,'2026-03-09 00:44:01',0,NULL,NULL),(12,9,2,'2026-05-21 08:00:00','2026-05-21 11:00:00',80000.00,16,'2026-05-21 02:11:49',0,NULL,NULL),(13,9,1,'2026-05-23 08:00:00','2026-05-23 11:00:00',120000.00,12,'2026-05-21 21:54:49',0,NULL,NULL),(14,18,3,'2026-05-23 09:46:00','2026-05-23 11:35:00',120000.00,25,'2026-05-22 09:46:24',0,NULL,NULL),(15,9,6,'2026-05-24 00:45:00','2026-05-23 02:39:00',120000.00,30,'2026-05-23 00:45:46',0,NULL,NULL),(16,3,7,'2026-05-25 22:25:00','2026-05-25 00:12:00',80000.00,40,'2026-05-24 22:25:38',0,NULL,NULL),(17,9,1,'2026-05-28 08:00:00','2026-05-28 11:00:00',80000.00,24,'2026-05-27 07:08:23',0,NULL,NULL),(18,1,1,'2024-10-10 10:00:00','2024-10-10 12:00:00',80000.00,30,'2026-05-28 19:28:48',0,NULL,NULL),(19,1,1,'2024-10-10 10:00:00','2024-10-10 12:00:00',80000.00,30,'2026-05-28 19:32:35',0,NULL,NULL),(20,1,1,'2024-10-10 10:00:00','2024-10-10 12:00:00',80000.00,30,'2026-05-28 20:22:09',0,NULL,NULL),(21,18,1,'2026-05-29 20:28:00','2026-05-29 22:17:00',80000.00,29,'2026-05-28 20:28:50',0,NULL,NULL),(22,18,6,'2026-05-29 20:30:00','2026-05-29 22:19:00',80000.00,28,'2026-05-28 20:30:16',0,NULL,NULL),(30,1,1,'2026-03-15 18:00:00','2026-03-15 21:00:00',80000.00,13,'2026-03-10 10:00:00',0,NULL,NULL),(31,2,2,'2026-03-15 19:00:00','2026-03-15 21:30:00',80000.00,16,'2026-03-10 10:00:00',0,NULL,NULL),(32,3,3,'2026-03-16 09:00:00','2026-03-16 11:00:00',80000.00,25,'2026-03-10 10:00:00',0,NULL,NULL),(33,4,4,'2026-03-16 14:00:00','2026-03-16 16:00:00',80000.00,10,'2026-03-10 10:00:00',0,NULL,NULL),(34,5,5,'2026-03-17 10:00:00','2026-03-17 12:00:00',80000.00,18,'2026-03-10 10:00:00',0,NULL,NULL),(35,6,8,'2026-05-30 20:12:00','2026-05-30 22:19:00',120000.00,0,'2026-05-29 20:12:11',0,NULL,NULL),(36,9,1,'2026-05-30 08:00:00','2026-05-30 11:00:00',120000.00,29,'2026-05-29 20:28:21',0,NULL,NULL),(37,6,8,'2026-05-30 03:24:00','2026-05-29 05:31:00',120000.00,50,'2026-05-30 01:24:13',0,NULL,NULL),(38,6,6,'2026-05-31 09:11:00','2026-05-31 11:18:00',120000.00,22,'2026-05-30 09:11:21',0,NULL,NULL),(39,3,1,'2026-05-31 16:30:00','2026-05-31 18:17:00',120000.00,30,'2026-05-31 15:30:49',0,NULL,NULL),(40,9,1,'2026-05-31 08:00:00','2026-05-31 11:00:00',120000.00,29,'2026-05-31 16:14:47',0,NULL,NULL),(41,10,1,'2026-05-31 08:00:00','2026-05-31 11:00:00',120000.00,30,'2026-05-31 16:14:56',0,NULL,NULL),(42,11,2,'2026-05-31 08:00:00','2026-05-31 11:00:00',120000.00,16,'2026-05-31 16:18:40',0,NULL,NULL),(43,3,9,'2026-05-31 21:19:00','2026-05-31 23:06:00',120000.00,10,'2026-05-31 21:19:56',0,NULL,NULL),(44,6,8,'2026-06-02 10:36:00','2026-06-02 12:43:00',80000.00,58,'2026-06-01 10:37:03',0,NULL,NULL),(45,7,1,'2026-06-06 11:03:00','2026-06-06 13:20:00',120000.00,26,'2026-06-01 11:03:41',0,NULL,NULL),(46,20,5,'2026-06-03 21:50:00','2026-06-03 23:27:00',80000.00,18,'2026-06-02 15:50:42',0,NULL,NULL),(47,20,5,'2026-06-03 22:50:00','2026-06-03 00:27:00',80000.00,18,'2026-06-02 15:54:10',1,NULL,NULL),(48,20,5,'2026-06-03 21:50:00','2026-06-03 23:27:00',80000.00,18,'2026-06-02 15:55:03',0,NULL,NULL),(50,3,12,'2026-06-05 17:43:00','2026-06-05 19:30:00',80000.00,128,'2026-06-02 16:43:09',0,NULL,NULL),(51,12,8,'2026-06-04 10:43:00','2026-06-04 12:49:00',80000.00,57,'2026-06-03 10:43:14',0,NULL,NULL),(52,15,4,'2026-06-05 17:29:00','2026-06-05 19:45:00',80000.00,10,'2026-06-04 16:30:01',0,NULL,NULL),(53,7,2,'2026-06-06 00:14:00','2026-06-05 02:31:00',75000.00,16,'2026-06-05 00:29:04',0,200000.00,110000.00),(54,6,1,'2026-06-06 00:29:00','2026-06-05 02:36:00',75000.00,30,'2026-06-05 00:29:48',0,200000.00,110000.00),(55,18,1,'2026-06-06 06:30:00','2026-06-06 08:19:00',75000.00,30,'2026-06-05 00:30:51',0,200000.00,110000.00),(56,20,1,'2026-06-07 00:52:00','2026-06-06 02:29:00',75000.00,30,'2026-06-05 00:51:43',0,200000.00,110000.00),(57,18,1,'2026-06-10 00:52:00','2026-06-09 02:41:00',75000.00,30,'2026-06-05 00:53:02',0,200000.00,110000.00),(295,1,55,'2026-06-15 09:00:00','2026-06-15 11:30:00',80000.00,90,'2026-06-12 07:53:55',0,160000.00,110000.00),(296,1,30,'2026-06-15 09:00:00','2026-06-15 11:30:00',80000.00,90,'2026-06-12 07:53:55',0,160000.00,110000.00),(297,1,1,'2026-06-15 09:00:00','2026-06-15 11:30:00',80000.00,90,'2026-06-12 07:53:55',0,160000.00,110000.00),(298,2,45,'2026-06-15 09:00:00','2026-06-15 11:30:00',80000.00,90,'2026-06-12 07:53:55',0,160000.00,110000.00),(299,2,14,'2026-06-15 09:00:00','2026-06-15 11:30:00',80000.00,90,'2026-06-12 07:53:55',0,160000.00,110000.00),(300,3,56,'2026-06-15 09:00:00','2026-06-15 11:30:00',80000.00,90,'2026-06-12 07:53:55',0,160000.00,110000.00),(301,3,31,'2026-06-15 09:00:00','2026-06-15 11:30:00',80000.00,90,'2026-06-12 07:53:55',0,160000.00,110000.00),(302,3,2,'2026-06-15 09:00:00','2026-06-15 11:30:00',80000.00,90,'2026-06-12 07:53:55',0,160000.00,110000.00),(303,4,46,'2026-06-15 09:00:00','2026-06-15 11:30:00',80000.00,90,'2026-06-12 07:53:55',0,160000.00,110000.00),(304,4,15,'2026-06-15 09:00:00','2026-06-15 11:30:00',80000.00,90,'2026-06-12 07:53:55',0,160000.00,110000.00),(305,5,36,'2026-06-15 09:00:00','2026-06-15 11:30:00',80000.00,90,'2026-06-12 07:53:55',0,160000.00,110000.00),(306,5,3,'2026-06-15 09:00:00','2026-06-15 11:30:00',80000.00,90,'2026-06-12 07:53:55',0,160000.00,110000.00),(307,6,47,'2026-06-15 09:00:00','2026-06-15 11:30:00',80000.00,90,'2026-06-12 07:53:55',0,160000.00,110000.00),(308,6,16,'2026-06-15 09:00:00','2026-06-15 11:30:00',80000.00,90,'2026-06-12 07:53:55',0,160000.00,110000.00),(309,7,37,'2026-06-15 09:00:00','2026-06-15 11:30:00',80000.00,90,'2026-06-12 07:53:55',0,160000.00,110000.00),(310,7,4,'2026-06-15 09:00:00','2026-06-15 11:30:00',80000.00,90,'2026-06-12 07:53:55',0,160000.00,110000.00),(311,8,48,'2026-06-15 09:00:00','2026-06-15 11:30:00',80000.00,90,'2026-06-12 07:53:55',0,160000.00,110000.00),(312,8,17,'2026-06-15 09:00:00','2026-06-15 11:30:00',80000.00,90,'2026-06-12 07:53:55',0,160000.00,110000.00),(313,9,38,'2026-06-15 09:00:00','2026-06-15 11:30:00',80000.00,90,'2026-06-12 07:53:55',0,160000.00,110000.00),(314,9,5,'2026-06-15 09:00:00','2026-06-15 11:30:00',80000.00,90,'2026-06-12 07:53:55',0,160000.00,110000.00),(315,10,49,'2026-06-15 09:00:00','2026-06-15 11:30:00',80000.00,90,'2026-06-12 07:53:55',0,160000.00,110000.00),(316,10,18,'2026-06-15 09:00:00','2026-06-15 11:30:00',80000.00,90,'2026-06-12 07:53:55',0,160000.00,110000.00),(317,11,39,'2026-06-15 09:00:00','2026-06-15 11:30:00',80000.00,90,'2026-06-12 07:53:55',0,160000.00,110000.00),(318,11,6,'2026-06-15 09:00:00','2026-06-15 11:30:00',80000.00,90,'2026-06-12 07:53:55',0,160000.00,110000.00),(319,12,50,'2026-06-15 09:00:00','2026-06-15 11:30:00',80000.00,90,'2026-06-12 07:53:55',0,160000.00,110000.00),(320,12,19,'2026-06-15 09:00:00','2026-06-15 11:30:00',80000.00,90,'2026-06-12 07:53:55',0,160000.00,110000.00),(321,13,40,'2026-06-15 09:00:00','2026-06-15 11:30:00',80000.00,90,'2026-06-12 07:53:55',0,160000.00,110000.00),(322,13,7,'2026-06-15 09:00:00','2026-06-15 11:30:00',80000.00,90,'2026-06-12 07:53:55',0,160000.00,110000.00),(323,14,51,'2026-06-15 09:00:00','2026-06-15 11:30:00',80000.00,90,'2026-06-12 07:53:55',0,160000.00,110000.00),(324,14,26,'2026-06-15 09:00:00','2026-06-15 11:30:00',80000.00,90,'2026-06-12 07:53:55',0,160000.00,110000.00),(325,15,41,'2026-06-15 09:00:00','2026-06-15 11:30:00',80000.00,90,'2026-06-12 07:53:55',0,160000.00,110000.00),(326,15,8,'2026-06-15 09:00:00','2026-06-15 11:30:00',80000.00,90,'2026-06-12 07:53:55',0,160000.00,110000.00),(327,16,52,'2026-06-15 09:00:00','2026-06-15 11:30:00',80000.00,90,'2026-06-12 07:53:55',0,160000.00,110000.00),(328,16,27,'2026-06-15 09:00:00','2026-06-15 11:30:00',80000.00,90,'2026-06-12 07:53:55',0,160000.00,110000.00),(329,17,42,'2026-06-15 09:00:00','2026-06-15 11:30:00',80000.00,90,'2026-06-12 07:53:55',0,160000.00,110000.00),(330,17,11,'2026-06-15 09:00:00','2026-06-15 11:30:00',80000.00,90,'2026-06-12 07:53:55',0,160000.00,110000.00),(331,18,53,'2026-06-15 09:00:00','2026-06-15 11:30:00',80000.00,90,'2026-06-12 07:53:55',0,160000.00,110000.00),(332,18,28,'2026-06-15 09:00:00','2026-06-15 11:30:00',80000.00,90,'2026-06-12 07:53:55',0,160000.00,110000.00),(333,19,43,'2026-06-15 09:00:00','2026-06-15 11:30:00',80000.00,90,'2026-06-12 07:53:55',0,160000.00,110000.00),(334,19,12,'2026-06-15 09:00:00','2026-06-15 11:30:00',80000.00,90,'2026-06-12 07:53:55',0,160000.00,110000.00),(335,20,54,'2026-06-15 09:00:00','2026-06-15 11:30:00',80000.00,90,'2026-06-12 07:53:55',0,160000.00,110000.00),(336,20,29,'2026-06-15 09:00:00','2026-06-15 11:30:00',80000.00,90,'2026-06-12 07:53:55',0,160000.00,110000.00),(337,21,44,'2026-06-15 09:00:00','2026-06-15 11:30:00',80000.00,90,'2026-06-12 07:53:55',0,160000.00,110000.00),(338,21,13,'2026-06-15 09:00:00','2026-06-15 11:30:00',80000.00,90,'2026-06-12 07:53:55',0,160000.00,110000.00),(339,1,44,'2026-06-15 14:00:00','2026-06-15 16:30:00',80000.00,90,'2026-06-12 07:53:55',0,160000.00,110000.00),(340,1,13,'2026-06-15 14:00:00','2026-06-15 16:30:00',80000.00,90,'2026-06-12 07:53:55',0,160000.00,110000.00),(341,2,55,'2026-06-15 14:00:00','2026-06-15 16:30:00',80000.00,90,'2026-06-12 07:53:55',0,160000.00,110000.00),(342,2,30,'2026-06-15 14:00:00','2026-06-15 16:30:00',80000.00,90,'2026-06-12 07:53:55',0,160000.00,110000.00),(343,2,1,'2026-06-15 14:00:00','2026-06-15 16:30:00',80000.00,90,'2026-06-12 07:53:55',0,160000.00,110000.00),(344,3,45,'2026-06-15 14:00:00','2026-06-15 16:30:00',80000.00,90,'2026-06-12 07:53:55',0,160000.00,110000.00),(345,3,14,'2026-06-15 14:00:00','2026-06-15 16:30:00',80000.00,90,'2026-06-12 07:53:55',0,160000.00,110000.00),(346,4,56,'2026-06-15 14:00:00','2026-06-15 16:30:00',80000.00,90,'2026-06-12 07:53:55',0,160000.00,110000.00),(347,4,31,'2026-06-15 14:00:00','2026-06-15 16:30:00',80000.00,90,'2026-06-12 07:53:55',0,160000.00,110000.00),(348,4,2,'2026-06-15 14:00:00','2026-06-15 16:30:00',80000.00,90,'2026-06-12 07:53:55',0,160000.00,110000.00),(349,5,46,'2026-06-15 14:00:00','2026-06-15 16:30:00',80000.00,90,'2026-06-12 07:53:55',0,160000.00,110000.00),(350,5,15,'2026-06-15 14:00:00','2026-06-15 16:30:00',80000.00,90,'2026-06-12 07:53:55',0,160000.00,110000.00),(351,6,36,'2026-06-15 14:00:00','2026-06-15 16:30:00',80000.00,90,'2026-06-12 07:53:55',0,160000.00,110000.00),(352,6,3,'2026-06-15 14:00:00','2026-06-15 16:30:00',80000.00,90,'2026-06-12 07:53:55',0,160000.00,110000.00),(353,7,47,'2026-06-15 14:00:00','2026-06-15 16:30:00',80000.00,90,'2026-06-12 07:53:55',0,160000.00,110000.00),(354,7,16,'2026-06-15 14:00:00','2026-06-15 16:30:00',80000.00,90,'2026-06-12 07:53:55',0,160000.00,110000.00),(355,8,37,'2026-06-15 14:00:00','2026-06-15 16:30:00',80000.00,90,'2026-06-12 07:53:55',0,160000.00,110000.00),(356,8,4,'2026-06-15 14:00:00','2026-06-15 16:30:00',80000.00,90,'2026-06-12 07:53:55',0,160000.00,110000.00),(357,9,48,'2026-06-15 14:00:00','2026-06-15 16:30:00',80000.00,90,'2026-06-12 07:53:55',0,160000.00,110000.00),(358,9,17,'2026-06-15 14:00:00','2026-06-15 16:30:00',80000.00,90,'2026-06-12 07:53:55',0,160000.00,110000.00),(359,10,38,'2026-06-15 14:00:00','2026-06-15 16:30:00',80000.00,90,'2026-06-12 07:53:55',0,160000.00,110000.00),(360,10,5,'2026-06-15 14:00:00','2026-06-15 16:30:00',80000.00,90,'2026-06-12 07:53:55',0,160000.00,110000.00),(361,11,49,'2026-06-15 14:00:00','2026-06-15 16:30:00',80000.00,90,'2026-06-12 07:53:55',0,160000.00,110000.00),(362,11,18,'2026-06-15 14:00:00','2026-06-15 16:30:00',80000.00,90,'2026-06-12 07:53:55',0,160000.00,110000.00),(363,12,39,'2026-06-15 14:00:00','2026-06-15 16:30:00',80000.00,90,'2026-06-12 07:53:55',0,160000.00,110000.00),(364,12,6,'2026-06-15 14:00:00','2026-06-15 16:30:00',80000.00,90,'2026-06-12 07:53:55',0,160000.00,110000.00),(365,13,50,'2026-06-15 14:00:00','2026-06-15 16:30:00',80000.00,90,'2026-06-12 07:53:55',0,160000.00,110000.00),(366,13,19,'2026-06-15 14:00:00','2026-06-15 16:30:00',80000.00,90,'2026-06-12 07:53:55',0,160000.00,110000.00),(367,14,40,'2026-06-15 14:00:00','2026-06-15 16:30:00',80000.00,90,'2026-06-12 07:53:55',0,160000.00,110000.00),(368,14,7,'2026-06-15 14:00:00','2026-06-15 16:30:00',80000.00,90,'2026-06-12 07:53:55',0,160000.00,110000.00),(369,15,51,'2026-06-15 14:00:00','2026-06-15 16:30:00',80000.00,90,'2026-06-12 07:53:55',0,160000.00,110000.00),(370,15,26,'2026-06-15 14:00:00','2026-06-15 16:30:00',80000.00,90,'2026-06-12 07:53:55',0,160000.00,110000.00),(371,16,41,'2026-06-15 14:00:00','2026-06-15 16:30:00',80000.00,90,'2026-06-12 07:53:55',0,160000.00,110000.00),(372,16,8,'2026-06-15 14:00:00','2026-06-15 16:30:00',80000.00,90,'2026-06-12 07:53:55',0,160000.00,110000.00),(373,17,52,'2026-06-15 14:00:00','2026-06-15 16:30:00',80000.00,90,'2026-06-12 07:53:55',0,160000.00,110000.00),(374,17,27,'2026-06-15 14:00:00','2026-06-15 16:30:00',80000.00,90,'2026-06-12 07:53:55',0,160000.00,110000.00),(375,18,42,'2026-06-15 14:00:00','2026-06-15 16:30:00',80000.00,90,'2026-06-12 07:53:55',0,160000.00,110000.00),(376,18,11,'2026-06-15 14:00:00','2026-06-15 16:30:00',80000.00,90,'2026-06-12 07:53:55',0,160000.00,110000.00),(377,19,53,'2026-06-15 14:00:00','2026-06-15 16:30:00',80000.00,90,'2026-06-12 07:53:55',0,160000.00,110000.00),(378,19,28,'2026-06-15 14:00:00','2026-06-15 16:30:00',80000.00,90,'2026-06-12 07:53:55',0,160000.00,110000.00),(379,20,43,'2026-06-15 14:00:00','2026-06-15 16:30:00',80000.00,90,'2026-06-12 07:53:55',0,160000.00,110000.00),(380,20,12,'2026-06-15 14:00:00','2026-06-15 16:30:00',80000.00,90,'2026-06-12 07:53:55',0,160000.00,110000.00),(381,21,54,'2026-06-15 14:00:00','2026-06-15 16:30:00',80000.00,90,'2026-06-12 07:53:55',0,160000.00,110000.00),(382,21,29,'2026-06-15 14:00:00','2026-06-15 16:30:00',80000.00,90,'2026-06-12 07:53:55',0,160000.00,110000.00),(422,1,55,'2026-06-20 09:00:00','2026-06-20 11:30:00',80000.00,90,'2026-06-12 08:02:21',0,160000.00,110000.00),(423,1,55,'2026-06-19 09:00:00','2026-06-19 11:30:00',80000.00,90,'2026-06-12 08:02:21',0,160000.00,110000.00),(424,1,55,'2026-06-18 09:00:00','2026-06-18 11:30:00',80000.00,90,'2026-06-12 08:02:21',0,160000.00,110000.00),(425,1,55,'2026-06-17 09:00:00','2026-06-17 11:30:00',80000.00,90,'2026-06-12 08:02:21',0,160000.00,110000.00),(426,1,55,'2026-06-16 09:00:00','2026-06-16 11:30:00',80000.00,90,'2026-06-12 08:02:21',0,160000.00,110000.00),(427,1,30,'2026-06-20 09:00:00','2026-06-20 11:30:00',80000.00,90,'2026-06-12 08:02:21',0,160000.00,110000.00),(428,1,30,'2026-06-19 09:00:00','2026-06-19 11:30:00',80000.00,90,'2026-06-12 08:02:21',0,160000.00,110000.00),(429,1,30,'2026-06-18 09:00:00','2026-06-18 11:30:00',80000.00,90,'2026-06-12 08:02:21',0,160000.00,110000.00),(430,1,30,'2026-06-17 09:00:00','2026-06-17 11:30:00',80000.00,90,'2026-06-12 08:02:21',0,160000.00,110000.00),(431,1,30,'2026-06-16 09:00:00','2026-06-16 11:30:00',80000.00,90,'2026-06-12 08:02:21',0,160000.00,110000.00),(432,1,1,'2026-06-20 09:00:00','2026-06-20 11:30:00',80000.00,90,'2026-06-12 08:02:21',0,160000.00,110000.00),(433,1,1,'2026-06-19 09:00:00','2026-06-19 11:30:00',80000.00,90,'2026-06-12 08:02:21',0,160000.00,110000.00),(434,1,1,'2026-06-18 09:00:00','2026-06-18 11:30:00',80000.00,90,'2026-06-12 08:02:21',0,160000.00,110000.00),(435,1,1,'2026-06-17 09:00:00','2026-06-17 11:30:00',80000.00,90,'2026-06-12 08:02:21',0,160000.00,110000.00),(436,1,1,'2026-06-16 09:00:00','2026-06-16 11:30:00',80000.00,90,'2026-06-12 08:02:21',0,160000.00,110000.00),(437,2,45,'2026-06-20 09:00:00','2026-06-20 11:30:00',80000.00,90,'2026-06-12 08:02:21',0,160000.00,110000.00),(438,2,45,'2026-06-19 09:00:00','2026-06-19 11:30:00',80000.00,90,'2026-06-12 08:02:21',0,160000.00,110000.00),(439,2,45,'2026-06-18 09:00:00','2026-06-18 11:30:00',80000.00,90,'2026-06-12 08:02:21',0,160000.00,110000.00),(440,2,45,'2026-06-17 09:00:00','2026-06-17 11:30:00',80000.00,90,'2026-06-12 08:02:21',0,160000.00,110000.00),(441,2,45,'2026-06-16 09:00:00','2026-06-16 11:30:00',80000.00,90,'2026-06-12 08:02:21',0,160000.00,110000.00),(442,2,14,'2026-06-20 09:00:00','2026-06-20 11:30:00',80000.00,90,'2026-06-12 08:02:21',0,160000.00,110000.00),(443,2,14,'2026-06-19 09:00:00','2026-06-19 11:30:00',80000.00,90,'2026-06-12 08:02:21',0,160000.00,110000.00),(444,2,14,'2026-06-18 09:00:00','2026-06-18 11:30:00',80000.00,90,'2026-06-12 08:02:21',0,160000.00,110000.00),(445,2,14,'2026-06-17 09:00:00','2026-06-17 11:30:00',80000.00,90,'2026-06-12 08:02:21',0,160000.00,110000.00),(446,2,14,'2026-06-16 09:00:00','2026-06-16 11:30:00',80000.00,90,'2026-06-12 08:02:21',0,160000.00,110000.00),(447,3,56,'2026-06-20 09:00:00','2026-06-20 11:30:00',80000.00,90,'2026-06-12 08:02:21',0,160000.00,110000.00),(448,3,56,'2026-06-19 09:00:00','2026-06-19 11:30:00',80000.00,90,'2026-06-12 08:02:21',0,160000.00,110000.00),(449,3,56,'2026-06-18 09:00:00','2026-06-18 11:30:00',80000.00,90,'2026-06-12 08:02:21',0,160000.00,110000.00),(450,3,56,'2026-06-17 09:00:00','2026-06-17 11:30:00',80000.00,90,'2026-06-12 08:02:21',0,160000.00,110000.00),(451,3,56,'2026-06-16 09:00:00','2026-06-16 11:30:00',80000.00,90,'2026-06-12 08:02:21',0,160000.00,110000.00),(452,3,31,'2026-06-20 09:00:00','2026-06-20 11:30:00',80000.00,90,'2026-06-12 08:02:21',0,160000.00,110000.00),(453,3,31,'2026-06-19 09:00:00','2026-06-19 11:30:00',80000.00,90,'2026-06-12 08:02:21',0,160000.00,110000.00),(454,3,31,'2026-06-18 09:00:00','2026-06-18 11:30:00',80000.00,90,'2026-06-12 08:02:21',0,160000.00,110000.00),(455,3,31,'2026-06-17 09:00:00','2026-06-17 11:30:00',80000.00,90,'2026-06-12 08:02:21',0,160000.00,110000.00),(456,3,31,'2026-06-16 09:00:00','2026-06-16 11:30:00',80000.00,90,'2026-06-12 08:02:21',0,160000.00,110000.00),(457,3,2,'2026-06-20 09:00:00','2026-06-20 11:30:00',80000.00,90,'2026-06-12 08:02:21',0,160000.00,110000.00),(458,3,2,'2026-06-19 09:00:00','2026-06-19 11:30:00',80000.00,90,'2026-06-12 08:02:21',0,160000.00,110000.00),(459,3,2,'2026-06-18 09:00:00','2026-06-18 11:30:00',80000.00,90,'2026-06-12 08:02:21',0,160000.00,110000.00),(460,3,2,'2026-06-17 09:00:00','2026-06-17 11:30:00',80000.00,90,'2026-06-12 08:02:21',0,160000.00,110000.00),(461,3,2,'2026-06-16 09:00:00','2026-06-16 11:30:00',80000.00,90,'2026-06-12 08:02:21',0,160000.00,110000.00),(462,4,46,'2026-06-20 09:00:00','2026-06-20 11:30:00',80000.00,90,'2026-06-12 08:02:21',0,160000.00,110000.00),(463,4,46,'2026-06-19 09:00:00','2026-06-19 11:30:00',80000.00,90,'2026-06-12 08:02:21',0,160000.00,110000.00),(464,4,46,'2026-06-18 09:00:00','2026-06-18 11:30:00',80000.00,90,'2026-06-12 08:02:21',0,160000.00,110000.00),(465,4,46,'2026-06-17 09:00:00','2026-06-17 11:30:00',80000.00,90,'2026-06-12 08:02:21',0,160000.00,110000.00),(466,4,46,'2026-06-16 09:00:00','2026-06-16 11:30:00',80000.00,90,'2026-06-12 08:02:21',0,160000.00,110000.00),(467,4,15,'2026-06-20 09:00:00','2026-06-20 11:30:00',80000.00,90,'2026-06-12 08:02:21',0,160000.00,110000.00),(468,4,15,'2026-06-19 09:00:00','2026-06-19 11:30:00',80000.00,90,'2026-06-12 08:02:21',0,160000.00,110000.00),(469,4,15,'2026-06-18 09:00:00','2026-06-18 11:30:00',80000.00,90,'2026-06-12 08:02:21',0,160000.00,110000.00),(470,4,15,'2026-06-17 09:00:00','2026-06-17 11:30:00',80000.00,90,'2026-06-12 08:02:21',0,160000.00,110000.00),(471,4,15,'2026-06-16 09:00:00','2026-06-16 11:30:00',80000.00,90,'2026-06-12 08:02:21',0,160000.00,110000.00),(472,5,36,'2026-06-20 09:00:00','2026-06-20 11:30:00',80000.00,90,'2026-06-12 08:02:21',0,160000.00,110000.00),(473,5,36,'2026-06-19 09:00:00','2026-06-19 11:30:00',80000.00,90,'2026-06-12 08:02:21',0,160000.00,110000.00),(474,5,36,'2026-06-18 09:00:00','2026-06-18 11:30:00',80000.00,90,'2026-06-12 08:02:21',0,160000.00,110000.00),(475,5,36,'2026-06-17 09:00:00','2026-06-17 11:30:00',80000.00,90,'2026-06-12 08:02:21',0,160000.00,110000.00),(476,5,36,'2026-06-16 09:00:00','2026-06-16 11:30:00',80000.00,90,'2026-06-12 08:02:21',0,160000.00,110000.00),(477,5,3,'2026-06-20 09:00:00','2026-06-20 11:30:00',80000.00,90,'2026-06-12 08:02:21',0,160000.00,110000.00),(478,5,3,'2026-06-19 09:00:00','2026-06-19 11:30:00',80000.00,90,'2026-06-12 08:02:21',0,160000.00,110000.00),(479,5,3,'2026-06-18 09:00:00','2026-06-18 11:30:00',80000.00,90,'2026-06-12 08:02:21',0,160000.00,110000.00),(480,5,3,'2026-06-17 09:00:00','2026-06-17 11:30:00',80000.00,90,'2026-06-12 08:02:21',0,160000.00,110000.00),(481,5,3,'2026-06-16 09:00:00','2026-06-16 11:30:00',80000.00,90,'2026-06-12 08:02:21',0,160000.00,110000.00),(482,6,47,'2026-06-20 09:00:00','2026-06-20 11:30:00',80000.00,90,'2026-06-12 08:02:21',0,160000.00,110000.00),(483,6,47,'2026-06-19 09:00:00','2026-06-19 11:30:00',80000.00,90,'2026-06-12 08:02:21',0,160000.00,110000.00),(484,6,47,'2026-06-18 09:00:00','2026-06-18 11:30:00',80000.00,90,'2026-06-12 08:02:21',0,160000.00,110000.00),(485,6,47,'2026-06-17 09:00:00','2026-06-17 11:30:00',80000.00,90,'2026-06-12 08:02:21',0,160000.00,110000.00),(486,6,47,'2026-06-16 09:00:00','2026-06-16 11:30:00',80000.00,90,'2026-06-12 08:02:21',0,160000.00,110000.00),(487,6,16,'2026-06-20 09:00:00','2026-06-20 11:30:00',80000.00,90,'2026-06-12 08:02:21',0,160000.00,110000.00),(488,6,16,'2026-06-19 09:00:00','2026-06-19 11:30:00',80000.00,90,'2026-06-12 08:02:21',0,160000.00,110000.00),(489,6,16,'2026-06-18 09:00:00','2026-06-18 11:30:00',80000.00,90,'2026-06-12 08:02:21',0,160000.00,110000.00),(490,6,16,'2026-06-17 09:00:00','2026-06-17 11:30:00',80000.00,90,'2026-06-12 08:02:21',0,160000.00,110000.00),(491,6,16,'2026-06-16 09:00:00','2026-06-16 11:30:00',80000.00,90,'2026-06-12 08:02:21',0,160000.00,110000.00),(492,7,37,'2026-06-20 09:00:00','2026-06-20 11:30:00',80000.00,90,'2026-06-12 08:02:21',0,160000.00,110000.00),(493,7,37,'2026-06-19 09:00:00','2026-06-19 11:30:00',80000.00,90,'2026-06-12 08:02:21',0,160000.00,110000.00),(494,7,37,'2026-06-18 09:00:00','2026-06-18 11:30:00',80000.00,90,'2026-06-12 08:02:21',0,160000.00,110000.00),(495,7,37,'2026-06-17 09:00:00','2026-06-17 11:30:00',80000.00,90,'2026-06-12 08:02:21',0,160000.00,110000.00),(496,7,37,'2026-06-16 09:00:00','2026-06-16 11:30:00',80000.00,90,'2026-06-12 08:02:21',0,160000.00,110000.00),(497,7,4,'2026-06-20 09:00:00','2026-06-20 11:30:00',80000.00,90,'2026-06-12 08:02:21',0,160000.00,110000.00),(498,7,4,'2026-06-19 09:00:00','2026-06-19 11:30:00',80000.00,90,'2026-06-12 08:02:21',0,160000.00,110000.00),(499,7,4,'2026-06-18 09:00:00','2026-06-18 11:30:00',80000.00,90,'2026-06-12 08:02:21',0,160000.00,110000.00),(500,7,4,'2026-06-17 09:00:00','2026-06-17 11:30:00',80000.00,90,'2026-06-12 08:02:21',0,160000.00,110000.00),(501,7,4,'2026-06-16 09:00:00','2026-06-16 11:30:00',80000.00,90,'2026-06-12 08:02:21',0,160000.00,110000.00),(502,8,48,'2026-06-20 09:00:00','2026-06-20 11:30:00',80000.00,90,'2026-06-12 08:02:21',0,160000.00,110000.00),(503,8,48,'2026-06-19 09:00:00','2026-06-19 11:30:00',80000.00,90,'2026-06-12 08:02:21',0,160000.00,110000.00),(504,8,48,'2026-06-18 09:00:00','2026-06-18 11:30:00',80000.00,90,'2026-06-12 08:02:21',0,160000.00,110000.00),(505,8,48,'2026-06-17 09:00:00','2026-06-17 11:30:00',80000.00,90,'2026-06-12 08:02:21',0,160000.00,110000.00),(506,8,48,'2026-06-16 09:00:00','2026-06-16 11:30:00',80000.00,90,'2026-06-12 08:02:21',0,160000.00,110000.00),(507,8,17,'2026-06-20 09:00:00','2026-06-20 11:30:00',80000.00,90,'2026-06-12 08:02:21',0,160000.00,110000.00),(508,8,17,'2026-06-19 09:00:00','2026-06-19 11:30:00',80000.00,90,'2026-06-12 08:02:21',0,160000.00,110000.00),(509,8,17,'2026-06-18 09:00:00','2026-06-18 11:30:00',80000.00,90,'2026-06-12 08:02:21',0,160000.00,110000.00),(510,8,17,'2026-06-17 09:00:00','2026-06-17 11:30:00',80000.00,90,'2026-06-12 08:02:21',0,160000.00,110000.00),(511,8,17,'2026-06-16 09:00:00','2026-06-16 11:30:00',80000.00,90,'2026-06-12 08:02:21',0,160000.00,110000.00),(512,9,38,'2026-06-20 09:00:00','2026-06-20 11:30:00',80000.00,90,'2026-06-12 08:02:21',0,160000.00,110000.00),(513,9,38,'2026-06-19 09:00:00','2026-06-19 11:30:00',80000.00,90,'2026-06-12 08:02:21',0,160000.00,110000.00),(514,9,38,'2026-06-18 09:00:00','2026-06-18 11:30:00',80000.00,90,'2026-06-12 08:02:21',0,160000.00,110000.00),(515,9,38,'2026-06-17 09:00:00','2026-06-17 11:30:00',80000.00,90,'2026-06-12 08:02:21',0,160000.00,110000.00),(516,9,38,'2026-06-16 09:00:00','2026-06-16 11:30:00',80000.00,90,'2026-06-12 08:02:21',0,160000.00,110000.00),(517,9,5,'2026-06-20 09:00:00','2026-06-20 11:30:00',80000.00,90,'2026-06-12 08:02:21',0,160000.00,110000.00),(518,9,5,'2026-06-19 09:00:00','2026-06-19 11:30:00',80000.00,90,'2026-06-12 08:02:21',0,160000.00,110000.00),(519,9,5,'2026-06-18 09:00:00','2026-06-18 11:30:00',80000.00,90,'2026-06-12 08:02:21',0,160000.00,110000.00),(520,9,5,'2026-06-17 09:00:00','2026-06-17 11:30:00',80000.00,90,'2026-06-12 08:02:21',0,160000.00,110000.00),(521,9,5,'2026-06-16 09:00:00','2026-06-16 11:30:00',80000.00,90,'2026-06-12 08:02:21',0,160000.00,110000.00),(522,10,49,'2026-06-20 09:00:00','2026-06-20 11:30:00',80000.00,90,'2026-06-12 08:02:21',0,160000.00,110000.00),(523,10,49,'2026-06-19 09:00:00','2026-06-19 11:30:00',80000.00,90,'2026-06-12 08:02:21',0,160000.00,110000.00),(524,10,49,'2026-06-18 09:00:00','2026-06-18 11:30:00',80000.00,90,'2026-06-12 08:02:21',0,160000.00,110000.00),(525,10,49,'2026-06-17 09:00:00','2026-06-17 11:30:00',80000.00,90,'2026-06-12 08:02:21',0,160000.00,110000.00),(526,10,49,'2026-06-16 09:00:00','2026-06-16 11:30:00',80000.00,90,'2026-06-12 08:02:21',0,160000.00,110000.00),(527,10,18,'2026-06-20 09:00:00','2026-06-20 11:30:00',80000.00,90,'2026-06-12 08:02:21',0,160000.00,110000.00),(528,10,18,'2026-06-19 09:00:00','2026-06-19 11:30:00',80000.00,90,'2026-06-12 08:02:21',0,160000.00,110000.00),(529,10,18,'2026-06-18 09:00:00','2026-06-18 11:30:00',80000.00,90,'2026-06-12 08:02:21',0,160000.00,110000.00),(530,10,18,'2026-06-17 09:00:00','2026-06-17 11:30:00',80000.00,90,'2026-06-12 08:02:21',0,160000.00,110000.00),(531,10,18,'2026-06-16 09:00:00','2026-06-16 11:30:00',80000.00,90,'2026-06-12 08:02:21',0,160000.00,110000.00),(532,11,39,'2026-06-20 09:00:00','2026-06-20 11:30:00',80000.00,90,'2026-06-12 08:02:21',0,160000.00,110000.00),(533,11,39,'2026-06-19 09:00:00','2026-06-19 11:30:00',80000.00,90,'2026-06-12 08:02:21',0,160000.00,110000.00),(534,11,39,'2026-06-18 09:00:00','2026-06-18 11:30:00',80000.00,90,'2026-06-12 08:02:21',0,160000.00,110000.00),(535,11,39,'2026-06-17 09:00:00','2026-06-17 11:30:00',80000.00,90,'2026-06-12 08:02:21',0,160000.00,110000.00),(536,11,39,'2026-06-16 09:00:00','2026-06-16 11:30:00',80000.00,90,'2026-06-12 08:02:21',0,160000.00,110000.00),(537,11,6,'2026-06-20 09:00:00','2026-06-20 11:30:00',80000.00,90,'2026-06-12 08:02:21',0,160000.00,110000.00),(538,11,6,'2026-06-19 09:00:00','2026-06-19 11:30:00',80000.00,90,'2026-06-12 08:02:21',0,160000.00,110000.00),(539,11,6,'2026-06-18 09:00:00','2026-06-18 11:30:00',80000.00,90,'2026-06-12 08:02:21',0,160000.00,110000.00),(540,11,6,'2026-06-17 09:00:00','2026-06-17 11:30:00',80000.00,90,'2026-06-12 08:02:21',0,160000.00,110000.00),(541,11,6,'2026-06-16 09:00:00','2026-06-16 11:30:00',80000.00,90,'2026-06-12 08:02:21',0,160000.00,110000.00),(542,12,50,'2026-06-20 09:00:00','2026-06-20 11:30:00',80000.00,90,'2026-06-12 08:02:21',0,160000.00,110000.00),(543,12,50,'2026-06-19 09:00:00','2026-06-19 11:30:00',80000.00,90,'2026-06-12 08:02:21',0,160000.00,110000.00),(544,12,50,'2026-06-18 09:00:00','2026-06-18 11:30:00',80000.00,90,'2026-06-12 08:02:21',0,160000.00,110000.00),(545,12,50,'2026-06-17 09:00:00','2026-06-17 11:30:00',80000.00,90,'2026-06-12 08:02:21',0,160000.00,110000.00),(546,12,50,'2026-06-16 09:00:00','2026-06-16 11:30:00',80000.00,90,'2026-06-12 08:02:21',0,160000.00,110000.00),(547,12,19,'2026-06-20 09:00:00','2026-06-20 11:30:00',80000.00,90,'2026-06-12 08:02:21',0,160000.00,110000.00),(548,12,19,'2026-06-19 09:00:00','2026-06-19 11:30:00',80000.00,90,'2026-06-12 08:02:21',0,160000.00,110000.00),(549,12,19,'2026-06-18 09:00:00','2026-06-18 11:30:00',80000.00,90,'2026-06-12 08:02:21',0,160000.00,110000.00),(550,12,19,'2026-06-17 09:00:00','2026-06-17 11:30:00',80000.00,90,'2026-06-12 08:02:21',0,160000.00,110000.00),(551,12,19,'2026-06-16 09:00:00','2026-06-16 11:30:00',80000.00,90,'2026-06-12 08:02:21',0,160000.00,110000.00),(552,13,40,'2026-06-20 09:00:00','2026-06-20 11:30:00',80000.00,90,'2026-06-12 08:02:21',0,160000.00,110000.00),(553,13,40,'2026-06-19 09:00:00','2026-06-19 11:30:00',80000.00,90,'2026-06-12 08:02:21',0,160000.00,110000.00),(554,13,40,'2026-06-18 09:00:00','2026-06-18 11:30:00',80000.00,90,'2026-06-12 08:02:21',0,160000.00,110000.00),(555,13,40,'2026-06-17 09:00:00','2026-06-17 11:30:00',80000.00,90,'2026-06-12 08:02:21',0,160000.00,110000.00),(556,13,40,'2026-06-16 09:00:00','2026-06-16 11:30:00',80000.00,90,'2026-06-12 08:02:21',0,160000.00,110000.00),(557,13,7,'2026-06-20 09:00:00','2026-06-20 11:30:00',80000.00,90,'2026-06-12 08:02:21',0,160000.00,110000.00),(558,13,7,'2026-06-19 09:00:00','2026-06-19 11:30:00',80000.00,90,'2026-06-12 08:02:21',0,160000.00,110000.00),(559,13,7,'2026-06-18 09:00:00','2026-06-18 11:30:00',80000.00,90,'2026-06-12 08:02:21',0,160000.00,110000.00),(560,13,7,'2026-06-17 09:00:00','2026-06-17 11:30:00',80000.00,90,'2026-06-12 08:02:21',0,160000.00,110000.00),(561,13,7,'2026-06-16 09:00:00','2026-06-16 11:30:00',80000.00,90,'2026-06-12 08:02:21',0,160000.00,110000.00),(562,14,51,'2026-06-20 09:00:00','2026-06-20 11:30:00',80000.00,90,'2026-06-12 08:02:21',0,160000.00,110000.00),(563,14,51,'2026-06-19 09:00:00','2026-06-19 11:30:00',80000.00,90,'2026-06-12 08:02:21',0,160000.00,110000.00),(564,14,51,'2026-06-18 09:00:00','2026-06-18 11:30:00',80000.00,90,'2026-06-12 08:02:21',0,160000.00,110000.00),(565,14,51,'2026-06-17 09:00:00','2026-06-17 11:30:00',80000.00,90,'2026-06-12 08:02:21',0,160000.00,110000.00),(566,14,51,'2026-06-16 09:00:00','2026-06-16 11:30:00',80000.00,90,'2026-06-12 08:02:21',0,160000.00,110000.00),(567,14,26,'2026-06-20 09:00:00','2026-06-20 11:30:00',80000.00,90,'2026-06-12 08:02:21',0,160000.00,110000.00),(568,14,26,'2026-06-19 09:00:00','2026-06-19 11:30:00',80000.00,90,'2026-06-12 08:02:21',0,160000.00,110000.00),(569,14,26,'2026-06-18 09:00:00','2026-06-18 11:30:00',80000.00,90,'2026-06-12 08:02:21',0,160000.00,110000.00),(570,14,26,'2026-06-17 09:00:00','2026-06-17 11:30:00',80000.00,90,'2026-06-12 08:02:21',0,160000.00,110000.00),(571,14,26,'2026-06-16 09:00:00','2026-06-16 11:30:00',80000.00,90,'2026-06-12 08:02:21',0,160000.00,110000.00),(572,15,41,'2026-06-20 09:00:00','2026-06-20 11:30:00',80000.00,90,'2026-06-12 08:02:21',0,160000.00,110000.00),(573,15,41,'2026-06-19 09:00:00','2026-06-19 11:30:00',80000.00,90,'2026-06-12 08:02:21',0,160000.00,110000.00),(574,15,41,'2026-06-18 09:00:00','2026-06-18 11:30:00',80000.00,90,'2026-06-12 08:02:21',0,160000.00,110000.00),(575,15,41,'2026-06-17 09:00:00','2026-06-17 11:30:00',80000.00,90,'2026-06-12 08:02:21',0,160000.00,110000.00),(576,15,41,'2026-06-16 09:00:00','2026-06-16 11:30:00',80000.00,90,'2026-06-12 08:02:21',0,160000.00,110000.00),(577,15,8,'2026-06-20 09:00:00','2026-06-20 11:30:00',80000.00,90,'2026-06-12 08:02:21',0,160000.00,110000.00),(578,15,8,'2026-06-19 09:00:00','2026-06-19 11:30:00',80000.00,90,'2026-06-12 08:02:21',0,160000.00,110000.00),(579,15,8,'2026-06-18 09:00:00','2026-06-18 11:30:00',80000.00,90,'2026-06-12 08:02:21',0,160000.00,110000.00),(580,15,8,'2026-06-17 09:00:00','2026-06-17 11:30:00',80000.00,90,'2026-06-12 08:02:21',0,160000.00,110000.00),(581,15,8,'2026-06-16 09:00:00','2026-06-16 11:30:00',80000.00,90,'2026-06-12 08:02:21',0,160000.00,110000.00),(582,16,52,'2026-06-20 09:00:00','2026-06-20 11:30:00',80000.00,90,'2026-06-12 08:02:21',0,160000.00,110000.00),(583,16,52,'2026-06-19 09:00:00','2026-06-19 11:30:00',80000.00,90,'2026-06-12 08:02:21',0,160000.00,110000.00),(584,16,52,'2026-06-18 09:00:00','2026-06-18 11:30:00',80000.00,90,'2026-06-12 08:02:21',0,160000.00,110000.00),(585,16,52,'2026-06-17 09:00:00','2026-06-17 11:30:00',80000.00,90,'2026-06-12 08:02:21',0,160000.00,110000.00),(586,16,52,'2026-06-16 09:00:00','2026-06-16 11:30:00',80000.00,90,'2026-06-12 08:02:21',0,160000.00,110000.00),(587,16,27,'2026-06-20 09:00:00','2026-06-20 11:30:00',80000.00,90,'2026-06-12 08:02:21',0,160000.00,110000.00),(588,16,27,'2026-06-19 09:00:00','2026-06-19 11:30:00',80000.00,90,'2026-06-12 08:02:21',0,160000.00,110000.00),(589,16,27,'2026-06-18 09:00:00','2026-06-18 11:30:00',80000.00,90,'2026-06-12 08:02:21',0,160000.00,110000.00),(590,16,27,'2026-06-17 09:00:00','2026-06-17 11:30:00',80000.00,90,'2026-06-12 08:02:21',0,160000.00,110000.00),(591,16,27,'2026-06-16 09:00:00','2026-06-16 11:30:00',80000.00,90,'2026-06-12 08:02:21',0,160000.00,110000.00),(592,17,42,'2026-06-20 09:00:00','2026-06-20 11:30:00',80000.00,90,'2026-06-12 08:02:21',0,160000.00,110000.00),(593,17,42,'2026-06-19 09:00:00','2026-06-19 11:30:00',80000.00,90,'2026-06-12 08:02:21',0,160000.00,110000.00),(594,17,42,'2026-06-18 09:00:00','2026-06-18 11:30:00',80000.00,90,'2026-06-12 08:02:21',0,160000.00,110000.00),(595,17,42,'2026-06-17 09:00:00','2026-06-17 11:30:00',80000.00,90,'2026-06-12 08:02:21',0,160000.00,110000.00),(596,17,42,'2026-06-16 09:00:00','2026-06-16 11:30:00',80000.00,90,'2026-06-12 08:02:21',0,160000.00,110000.00),(597,17,11,'2026-06-20 09:00:00','2026-06-20 11:30:00',80000.00,90,'2026-06-12 08:02:21',0,160000.00,110000.00),(598,17,11,'2026-06-19 09:00:00','2026-06-19 11:30:00',80000.00,90,'2026-06-12 08:02:21',0,160000.00,110000.00),(599,17,11,'2026-06-18 09:00:00','2026-06-18 11:30:00',80000.00,90,'2026-06-12 08:02:21',0,160000.00,110000.00),(600,17,11,'2026-06-17 09:00:00','2026-06-17 11:30:00',80000.00,90,'2026-06-12 08:02:21',0,160000.00,110000.00),(601,17,11,'2026-06-16 09:00:00','2026-06-16 11:30:00',80000.00,90,'2026-06-12 08:02:21',0,160000.00,110000.00),(602,18,53,'2026-06-20 09:00:00','2026-06-20 11:30:00',80000.00,90,'2026-06-12 08:02:21',0,160000.00,110000.00),(603,18,53,'2026-06-19 09:00:00','2026-06-19 11:30:00',80000.00,90,'2026-06-12 08:02:21',0,160000.00,110000.00),(604,18,53,'2026-06-18 09:00:00','2026-06-18 11:30:00',80000.00,90,'2026-06-12 08:02:21',0,160000.00,110000.00),(605,18,53,'2026-06-17 09:00:00','2026-06-17 11:30:00',80000.00,90,'2026-06-12 08:02:21',0,160000.00,110000.00),(606,18,53,'2026-06-16 09:00:00','2026-06-16 11:30:00',80000.00,90,'2026-06-12 08:02:21',0,160000.00,110000.00),(607,18,28,'2026-06-20 09:00:00','2026-06-20 11:30:00',80000.00,90,'2026-06-12 08:02:21',0,160000.00,110000.00),(608,18,28,'2026-06-19 09:00:00','2026-06-19 11:30:00',80000.00,90,'2026-06-12 08:02:21',0,160000.00,110000.00),(609,18,28,'2026-06-18 09:00:00','2026-06-18 11:30:00',80000.00,90,'2026-06-12 08:02:21',0,160000.00,110000.00),(610,18,28,'2026-06-17 09:00:00','2026-06-17 11:30:00',80000.00,90,'2026-06-12 08:02:21',0,160000.00,110000.00),(611,18,28,'2026-06-16 09:00:00','2026-06-16 11:30:00',80000.00,90,'2026-06-12 08:02:21',0,160000.00,110000.00),(612,19,43,'2026-06-20 09:00:00','2026-06-20 11:30:00',80000.00,90,'2026-06-12 08:02:21',0,160000.00,110000.00),(613,19,43,'2026-06-19 09:00:00','2026-06-19 11:30:00',80000.00,90,'2026-06-12 08:02:21',0,160000.00,110000.00),(614,19,43,'2026-06-18 09:00:00','2026-06-18 11:30:00',80000.00,90,'2026-06-12 08:02:21',0,160000.00,110000.00),(615,19,43,'2026-06-17 09:00:00','2026-06-17 11:30:00',80000.00,90,'2026-06-12 08:02:21',0,160000.00,110000.00),(616,19,43,'2026-06-16 09:00:00','2026-06-16 11:30:00',80000.00,90,'2026-06-12 08:02:21',0,160000.00,110000.00),(617,19,12,'2026-06-20 09:00:00','2026-06-20 11:30:00',80000.00,90,'2026-06-12 08:02:21',0,160000.00,110000.00),(618,19,12,'2026-06-19 09:00:00','2026-06-19 11:30:00',80000.00,90,'2026-06-12 08:02:21',0,160000.00,110000.00),(619,19,12,'2026-06-18 09:00:00','2026-06-18 11:30:00',80000.00,90,'2026-06-12 08:02:21',0,160000.00,110000.00),(620,19,12,'2026-06-17 09:00:00','2026-06-17 11:30:00',80000.00,90,'2026-06-12 08:02:21',0,160000.00,110000.00),(621,19,12,'2026-06-16 09:00:00','2026-06-16 11:30:00',80000.00,90,'2026-06-12 08:02:21',0,160000.00,110000.00),(622,20,54,'2026-06-20 09:00:00','2026-06-20 11:30:00',80000.00,90,'2026-06-12 08:02:21',0,160000.00,110000.00),(623,20,54,'2026-06-19 09:00:00','2026-06-19 11:30:00',80000.00,90,'2026-06-12 08:02:21',0,160000.00,110000.00),(624,20,54,'2026-06-18 09:00:00','2026-06-18 11:30:00',80000.00,90,'2026-06-12 08:02:21',0,160000.00,110000.00),(625,20,54,'2026-06-17 09:00:00','2026-06-17 11:30:00',80000.00,90,'2026-06-12 08:02:21',0,160000.00,110000.00),(626,20,54,'2026-06-16 09:00:00','2026-06-16 11:30:00',80000.00,90,'2026-06-12 08:02:21',0,160000.00,110000.00),(627,20,29,'2026-06-20 09:00:00','2026-06-20 11:30:00',80000.00,90,'2026-06-12 08:02:21',0,160000.00,110000.00),(628,20,29,'2026-06-19 09:00:00','2026-06-19 11:30:00',80000.00,90,'2026-06-12 08:02:21',0,160000.00,110000.00),(629,20,29,'2026-06-18 09:00:00','2026-06-18 11:30:00',80000.00,90,'2026-06-12 08:02:21',0,160000.00,110000.00),(630,20,29,'2026-06-17 09:00:00','2026-06-17 11:30:00',80000.00,90,'2026-06-12 08:02:21',0,160000.00,110000.00),(631,20,29,'2026-06-16 09:00:00','2026-06-16 11:30:00',80000.00,90,'2026-06-12 08:02:21',0,160000.00,110000.00),(632,21,44,'2026-06-20 09:00:00','2026-06-20 11:30:00',80000.00,90,'2026-06-12 08:02:21',0,160000.00,110000.00),(633,21,44,'2026-06-19 09:00:00','2026-06-19 11:30:00',80000.00,90,'2026-06-12 08:02:21',0,160000.00,110000.00),(634,21,44,'2026-06-18 09:00:00','2026-06-18 11:30:00',80000.00,90,'2026-06-12 08:02:21',0,160000.00,110000.00),(635,21,44,'2026-06-17 09:00:00','2026-06-17 11:30:00',80000.00,90,'2026-06-12 08:02:21',0,160000.00,110000.00),(636,21,44,'2026-06-16 09:00:00','2026-06-16 11:30:00',80000.00,90,'2026-06-12 08:02:21',0,160000.00,110000.00),(637,21,13,'2026-06-20 09:00:00','2026-06-20 11:30:00',80000.00,90,'2026-06-12 08:02:21',0,160000.00,110000.00),(638,21,13,'2026-06-19 09:00:00','2026-06-19 11:30:00',80000.00,90,'2026-06-12 08:02:21',0,160000.00,110000.00),(639,21,13,'2026-06-18 09:00:00','2026-06-18 11:30:00',80000.00,90,'2026-06-12 08:02:21',0,160000.00,110000.00),(640,21,13,'2026-06-17 09:00:00','2026-06-17 11:30:00',80000.00,90,'2026-06-12 08:02:21',0,160000.00,110000.00),(641,21,13,'2026-06-16 09:00:00','2026-06-16 11:30:00',80000.00,90,'2026-06-12 08:02:21',0,160000.00,110000.00),(642,1,44,'2026-06-20 14:00:00','2026-06-20 16:30:00',80000.00,90,'2026-06-12 08:02:21',0,160000.00,110000.00),(643,1,44,'2026-06-19 14:00:00','2026-06-19 16:30:00',80000.00,90,'2026-06-12 08:02:21',0,160000.00,110000.00),(644,1,44,'2026-06-18 14:00:00','2026-06-18 16:30:00',80000.00,90,'2026-06-12 08:02:21',0,160000.00,110000.00),(645,1,44,'2026-06-17 14:00:00','2026-06-17 16:30:00',80000.00,90,'2026-06-12 08:02:21',0,160000.00,110000.00),(646,1,44,'2026-06-16 14:00:00','2026-06-16 16:30:00',80000.00,90,'2026-06-12 08:02:21',0,160000.00,110000.00),(647,1,13,'2026-06-20 14:00:00','2026-06-20 16:30:00',80000.00,90,'2026-06-12 08:02:21',0,160000.00,110000.00),(648,1,13,'2026-06-19 14:00:00','2026-06-19 16:30:00',80000.00,90,'2026-06-12 08:02:21',0,160000.00,110000.00),(649,1,13,'2026-06-18 14:00:00','2026-06-18 16:30:00',80000.00,90,'2026-06-12 08:02:21',0,160000.00,110000.00),(650,1,13,'2026-06-17 14:00:00','2026-06-17 16:30:00',80000.00,90,'2026-06-12 08:02:21',0,160000.00,110000.00),(651,1,13,'2026-06-16 14:00:00','2026-06-16 16:30:00',80000.00,90,'2026-06-12 08:02:21',0,160000.00,110000.00),(652,2,55,'2026-06-20 14:00:00','2026-06-20 16:30:00',80000.00,90,'2026-06-12 08:02:21',0,160000.00,110000.00),(653,2,55,'2026-06-19 14:00:00','2026-06-19 16:30:00',80000.00,90,'2026-06-12 08:02:21',0,160000.00,110000.00),(654,2,55,'2026-06-18 14:00:00','2026-06-18 16:30:00',80000.00,90,'2026-06-12 08:02:21',0,160000.00,110000.00),(655,2,55,'2026-06-17 14:00:00','2026-06-17 16:30:00',80000.00,90,'2026-06-12 08:02:21',0,160000.00,110000.00),(656,2,55,'2026-06-16 14:00:00','2026-06-16 16:30:00',80000.00,90,'2026-06-12 08:02:21',0,160000.00,110000.00),(657,2,30,'2026-06-20 14:00:00','2026-06-20 16:30:00',80000.00,90,'2026-06-12 08:02:21',0,160000.00,110000.00),(658,2,30,'2026-06-19 14:00:00','2026-06-19 16:30:00',80000.00,90,'2026-06-12 08:02:21',0,160000.00,110000.00),(659,2,30,'2026-06-18 14:00:00','2026-06-18 16:30:00',80000.00,90,'2026-06-12 08:02:21',0,160000.00,110000.00),(660,2,30,'2026-06-17 14:00:00','2026-06-17 16:30:00',80000.00,90,'2026-06-12 08:02:21',0,160000.00,110000.00),(661,2,30,'2026-06-16 14:00:00','2026-06-16 16:30:00',80000.00,90,'2026-06-12 08:02:21',0,160000.00,110000.00),(662,2,1,'2026-06-20 14:00:00','2026-06-20 16:30:00',80000.00,90,'2026-06-12 08:02:21',0,160000.00,110000.00),(663,2,1,'2026-06-19 14:00:00','2026-06-19 16:30:00',80000.00,90,'2026-06-12 08:02:21',0,160000.00,110000.00),(664,2,1,'2026-06-18 14:00:00','2026-06-18 16:30:00',80000.00,90,'2026-06-12 08:02:21',0,160000.00,110000.00),(665,2,1,'2026-06-17 14:00:00','2026-06-17 16:30:00',80000.00,90,'2026-06-12 08:02:21',0,160000.00,110000.00),(666,2,1,'2026-06-16 14:00:00','2026-06-16 16:30:00',80000.00,90,'2026-06-12 08:02:21',0,160000.00,110000.00),(667,3,45,'2026-06-20 14:00:00','2026-06-20 16:30:00',80000.00,90,'2026-06-12 08:02:21',0,160000.00,110000.00),(668,3,45,'2026-06-19 14:00:00','2026-06-19 16:30:00',80000.00,90,'2026-06-12 08:02:21',0,160000.00,110000.00),(669,3,45,'2026-06-18 14:00:00','2026-06-18 16:30:00',80000.00,90,'2026-06-12 08:02:21',0,160000.00,110000.00),(670,3,45,'2026-06-17 14:00:00','2026-06-17 16:30:00',80000.00,90,'2026-06-12 08:02:21',0,160000.00,110000.00),(671,3,45,'2026-06-16 14:00:00','2026-06-16 16:30:00',80000.00,90,'2026-06-12 08:02:21',0,160000.00,110000.00),(672,3,14,'2026-06-20 14:00:00','2026-06-20 16:30:00',80000.00,90,'2026-06-12 08:02:21',0,160000.00,110000.00),(673,3,14,'2026-06-19 14:00:00','2026-06-19 16:30:00',80000.00,90,'2026-06-12 08:02:21',0,160000.00,110000.00),(674,3,14,'2026-06-18 14:00:00','2026-06-18 16:30:00',80000.00,90,'2026-06-12 08:02:21',0,160000.00,110000.00),(675,3,14,'2026-06-17 14:00:00','2026-06-17 16:30:00',80000.00,90,'2026-06-12 08:02:21',0,160000.00,110000.00),(676,3,14,'2026-06-16 14:00:00','2026-06-16 16:30:00',80000.00,90,'2026-06-12 08:02:21',0,160000.00,110000.00),(677,4,56,'2026-06-20 14:00:00','2026-06-20 16:30:00',80000.00,90,'2026-06-12 08:02:21',0,160000.00,110000.00),(678,4,56,'2026-06-19 14:00:00','2026-06-19 16:30:00',80000.00,90,'2026-06-12 08:02:21',0,160000.00,110000.00),(679,4,56,'2026-06-18 14:00:00','2026-06-18 16:30:00',80000.00,90,'2026-06-12 08:02:21',0,160000.00,110000.00),(680,4,56,'2026-06-17 14:00:00','2026-06-17 16:30:00',80000.00,90,'2026-06-12 08:02:21',0,160000.00,110000.00),(681,4,56,'2026-06-16 14:00:00','2026-06-16 16:30:00',80000.00,90,'2026-06-12 08:02:21',0,160000.00,110000.00),(682,4,31,'2026-06-20 14:00:00','2026-06-20 16:30:00',80000.00,90,'2026-06-12 08:02:21',0,160000.00,110000.00),(683,4,31,'2026-06-19 14:00:00','2026-06-19 16:30:00',80000.00,90,'2026-06-12 08:02:21',0,160000.00,110000.00),(684,4,31,'2026-06-18 14:00:00','2026-06-18 16:30:00',80000.00,90,'2026-06-12 08:02:21',0,160000.00,110000.00),(685,4,31,'2026-06-17 14:00:00','2026-06-17 16:30:00',80000.00,90,'2026-06-12 08:02:21',0,160000.00,110000.00),(686,4,31,'2026-06-16 14:00:00','2026-06-16 16:30:00',80000.00,90,'2026-06-12 08:02:21',0,160000.00,110000.00),(687,4,2,'2026-06-20 14:00:00','2026-06-20 16:30:00',80000.00,90,'2026-06-12 08:02:21',0,160000.00,110000.00),(688,4,2,'2026-06-19 14:00:00','2026-06-19 16:30:00',80000.00,90,'2026-06-12 08:02:21',0,160000.00,110000.00),(689,4,2,'2026-06-18 14:00:00','2026-06-18 16:30:00',80000.00,90,'2026-06-12 08:02:21',0,160000.00,110000.00),(690,4,2,'2026-06-17 14:00:00','2026-06-17 16:30:00',80000.00,90,'2026-06-12 08:02:21',0,160000.00,110000.00),(691,4,2,'2026-06-16 14:00:00','2026-06-16 16:30:00',80000.00,90,'2026-06-12 08:02:21',0,160000.00,110000.00),(692,5,46,'2026-06-20 14:00:00','2026-06-20 16:30:00',80000.00,90,'2026-06-12 08:02:21',0,160000.00,110000.00),(693,5,46,'2026-06-19 14:00:00','2026-06-19 16:30:00',80000.00,90,'2026-06-12 08:02:21',0,160000.00,110000.00),(694,5,46,'2026-06-18 14:00:00','2026-06-18 16:30:00',80000.00,90,'2026-06-12 08:02:21',0,160000.00,110000.00),(695,5,46,'2026-06-17 14:00:00','2026-06-17 16:30:00',80000.00,90,'2026-06-12 08:02:21',0,160000.00,110000.00),(696,5,46,'2026-06-16 14:00:00','2026-06-16 16:30:00',80000.00,90,'2026-06-12 08:02:21',0,160000.00,110000.00),(697,5,15,'2026-06-20 14:00:00','2026-06-20 16:30:00',80000.00,90,'2026-06-12 08:02:21',0,160000.00,110000.00),(698,5,15,'2026-06-19 14:00:00','2026-06-19 16:30:00',80000.00,90,'2026-06-12 08:02:21',0,160000.00,110000.00),(699,5,15,'2026-06-18 14:00:00','2026-06-18 16:30:00',80000.00,90,'2026-06-12 08:02:21',0,160000.00,110000.00),(700,5,15,'2026-06-17 14:00:00','2026-06-17 16:30:00',80000.00,90,'2026-06-12 08:02:21',0,160000.00,110000.00),(701,5,15,'2026-06-16 14:00:00','2026-06-16 16:30:00',80000.00,90,'2026-06-12 08:02:21',0,160000.00,110000.00),(702,6,36,'2026-06-20 14:00:00','2026-06-20 16:30:00',80000.00,90,'2026-06-12 08:02:21',0,160000.00,110000.00),(703,6,36,'2026-06-19 14:00:00','2026-06-19 16:30:00',80000.00,90,'2026-06-12 08:02:21',0,160000.00,110000.00),(704,6,36,'2026-06-18 14:00:00','2026-06-18 16:30:00',80000.00,90,'2026-06-12 08:02:21',0,160000.00,110000.00),(705,6,36,'2026-06-17 14:00:00','2026-06-17 16:30:00',80000.00,90,'2026-06-12 08:02:21',0,160000.00,110000.00),(706,6,36,'2026-06-16 14:00:00','2026-06-16 16:30:00',80000.00,90,'2026-06-12 08:02:21',0,160000.00,110000.00),(707,6,3,'2026-06-20 14:00:00','2026-06-20 16:30:00',80000.00,90,'2026-06-12 08:02:21',0,160000.00,110000.00),(708,6,3,'2026-06-19 14:00:00','2026-06-19 16:30:00',80000.00,90,'2026-06-12 08:02:21',0,160000.00,110000.00),(709,6,3,'2026-06-18 14:00:00','2026-06-18 16:30:00',80000.00,90,'2026-06-12 08:02:21',0,160000.00,110000.00),(710,6,3,'2026-06-17 14:00:00','2026-06-17 16:30:00',80000.00,90,'2026-06-12 08:02:21',0,160000.00,110000.00),(711,6,3,'2026-06-16 14:00:00','2026-06-16 16:30:00',80000.00,90,'2026-06-12 08:02:21',0,160000.00,110000.00),(712,7,47,'2026-06-20 14:00:00','2026-06-20 16:30:00',80000.00,90,'2026-06-12 08:02:21',0,160000.00,110000.00),(713,7,47,'2026-06-19 14:00:00','2026-06-19 16:30:00',80000.00,90,'2026-06-12 08:02:21',0,160000.00,110000.00),(714,7,47,'2026-06-18 14:00:00','2026-06-18 16:30:00',80000.00,90,'2026-06-12 08:02:21',0,160000.00,110000.00),(715,7,47,'2026-06-17 14:00:00','2026-06-17 16:30:00',80000.00,90,'2026-06-12 08:02:21',0,160000.00,110000.00),(716,7,47,'2026-06-16 14:00:00','2026-06-16 16:30:00',80000.00,90,'2026-06-12 08:02:21',0,160000.00,110000.00),(717,7,16,'2026-06-20 14:00:00','2026-06-20 16:30:00',80000.00,90,'2026-06-12 08:02:21',0,160000.00,110000.00),(718,7,16,'2026-06-19 14:00:00','2026-06-19 16:30:00',80000.00,90,'2026-06-12 08:02:21',0,160000.00,110000.00),(719,7,16,'2026-06-18 14:00:00','2026-06-18 16:30:00',80000.00,90,'2026-06-12 08:02:21',0,160000.00,110000.00),(720,7,16,'2026-06-17 14:00:00','2026-06-17 16:30:00',80000.00,90,'2026-06-12 08:02:21',0,160000.00,110000.00),(721,7,16,'2026-06-16 14:00:00','2026-06-16 16:30:00',80000.00,90,'2026-06-12 08:02:21',0,160000.00,110000.00),(722,8,37,'2026-06-20 14:00:00','2026-06-20 16:30:00',80000.00,90,'2026-06-12 08:02:21',0,160000.00,110000.00),(723,8,37,'2026-06-19 14:00:00','2026-06-19 16:30:00',80000.00,90,'2026-06-12 08:02:21',0,160000.00,110000.00),(724,8,37,'2026-06-18 14:00:00','2026-06-18 16:30:00',80000.00,90,'2026-06-12 08:02:21',0,160000.00,110000.00),(725,8,37,'2026-06-17 14:00:00','2026-06-17 16:30:00',80000.00,90,'2026-06-12 08:02:21',0,160000.00,110000.00),(726,8,37,'2026-06-16 14:00:00','2026-06-16 16:30:00',80000.00,90,'2026-06-12 08:02:21',0,160000.00,110000.00),(727,8,4,'2026-06-20 14:00:00','2026-06-20 16:30:00',80000.00,90,'2026-06-12 08:02:21',0,160000.00,110000.00),(728,8,4,'2026-06-19 14:00:00','2026-06-19 16:30:00',80000.00,90,'2026-06-12 08:02:21',0,160000.00,110000.00),(729,8,4,'2026-06-18 14:00:00','2026-06-18 16:30:00',80000.00,90,'2026-06-12 08:02:21',0,160000.00,110000.00),(730,8,4,'2026-06-17 14:00:00','2026-06-17 16:30:00',80000.00,90,'2026-06-12 08:02:21',0,160000.00,110000.00),(731,8,4,'2026-06-16 14:00:00','2026-06-16 16:30:00',80000.00,90,'2026-06-12 08:02:21',0,160000.00,110000.00),(732,9,48,'2026-06-20 14:00:00','2026-06-20 16:30:00',80000.00,90,'2026-06-12 08:02:21',0,160000.00,110000.00),(733,9,48,'2026-06-19 14:00:00','2026-06-19 16:30:00',80000.00,90,'2026-06-12 08:02:21',0,160000.00,110000.00),(734,9,48,'2026-06-18 14:00:00','2026-06-18 16:30:00',80000.00,90,'2026-06-12 08:02:21',0,160000.00,110000.00),(735,9,48,'2026-06-17 14:00:00','2026-06-17 16:30:00',80000.00,90,'2026-06-12 08:02:21',0,160000.00,110000.00),(736,9,48,'2026-06-16 14:00:00','2026-06-16 16:30:00',80000.00,90,'2026-06-12 08:02:21',0,160000.00,110000.00),(737,9,17,'2026-06-20 14:00:00','2026-06-20 16:30:00',80000.00,90,'2026-06-12 08:02:21',0,160000.00,110000.00),(738,9,17,'2026-06-19 14:00:00','2026-06-19 16:30:00',80000.00,90,'2026-06-12 08:02:21',0,160000.00,110000.00),(739,9,17,'2026-06-18 14:00:00','2026-06-18 16:30:00',80000.00,90,'2026-06-12 08:02:21',0,160000.00,110000.00),(740,9,17,'2026-06-17 14:00:00','2026-06-17 16:30:00',80000.00,90,'2026-06-12 08:02:21',0,160000.00,110000.00),(741,9,17,'2026-06-16 14:00:00','2026-06-16 16:30:00',80000.00,90,'2026-06-12 08:02:21',0,160000.00,110000.00),(742,10,38,'2026-06-20 14:00:00','2026-06-20 16:30:00',80000.00,90,'2026-06-12 08:02:21',0,160000.00,110000.00),(743,10,38,'2026-06-19 14:00:00','2026-06-19 16:30:00',80000.00,90,'2026-06-12 08:02:21',0,160000.00,110000.00),(744,10,38,'2026-06-18 14:00:00','2026-06-18 16:30:00',80000.00,90,'2026-06-12 08:02:21',0,160000.00,110000.00),(745,10,38,'2026-06-17 14:00:00','2026-06-17 16:30:00',80000.00,90,'2026-06-12 08:02:21',0,160000.00,110000.00),(746,10,38,'2026-06-16 14:00:00','2026-06-16 16:30:00',80000.00,90,'2026-06-12 08:02:21',0,160000.00,110000.00),(747,10,5,'2026-06-20 14:00:00','2026-06-20 16:30:00',80000.00,90,'2026-06-12 08:02:21',0,160000.00,110000.00),(748,10,5,'2026-06-19 14:00:00','2026-06-19 16:30:00',80000.00,90,'2026-06-12 08:02:21',0,160000.00,110000.00),(749,10,5,'2026-06-18 14:00:00','2026-06-18 16:30:00',80000.00,90,'2026-06-12 08:02:21',0,160000.00,110000.00),(750,10,5,'2026-06-17 14:00:00','2026-06-17 16:30:00',80000.00,90,'2026-06-12 08:02:21',0,160000.00,110000.00),(751,10,5,'2026-06-16 14:00:00','2026-06-16 16:30:00',80000.00,90,'2026-06-12 08:02:21',0,160000.00,110000.00),(752,11,49,'2026-06-20 14:00:00','2026-06-20 16:30:00',80000.00,90,'2026-06-12 08:02:21',0,160000.00,110000.00),(753,11,49,'2026-06-19 14:00:00','2026-06-19 16:30:00',80000.00,90,'2026-06-12 08:02:21',0,160000.00,110000.00),(754,11,49,'2026-06-18 14:00:00','2026-06-18 16:30:00',80000.00,90,'2026-06-12 08:02:21',0,160000.00,110000.00),(755,11,49,'2026-06-17 14:00:00','2026-06-17 16:30:00',80000.00,90,'2026-06-12 08:02:21',0,160000.00,110000.00),(756,11,49,'2026-06-16 14:00:00','2026-06-16 16:30:00',80000.00,90,'2026-06-12 08:02:21',0,160000.00,110000.00),(757,11,18,'2026-06-20 14:00:00','2026-06-20 16:30:00',80000.00,90,'2026-06-12 08:02:21',0,160000.00,110000.00),(758,11,18,'2026-06-19 14:00:00','2026-06-19 16:30:00',80000.00,90,'2026-06-12 08:02:21',0,160000.00,110000.00),(759,11,18,'2026-06-18 14:00:00','2026-06-18 16:30:00',80000.00,90,'2026-06-12 08:02:21',0,160000.00,110000.00),(760,11,18,'2026-06-17 14:00:00','2026-06-17 16:30:00',80000.00,90,'2026-06-12 08:02:21',0,160000.00,110000.00),(761,11,18,'2026-06-16 14:00:00','2026-06-16 16:30:00',80000.00,90,'2026-06-12 08:02:21',0,160000.00,110000.00),(762,12,39,'2026-06-20 14:00:00','2026-06-20 16:30:00',80000.00,90,'2026-06-12 08:02:21',0,160000.00,110000.00),(763,12,39,'2026-06-19 14:00:00','2026-06-19 16:30:00',80000.00,90,'2026-06-12 08:02:21',0,160000.00,110000.00),(764,12,39,'2026-06-18 14:00:00','2026-06-18 16:30:00',80000.00,90,'2026-06-12 08:02:21',0,160000.00,110000.00),(765,12,39,'2026-06-17 14:00:00','2026-06-17 16:30:00',80000.00,90,'2026-06-12 08:02:21',0,160000.00,110000.00),(766,12,39,'2026-06-16 14:00:00','2026-06-16 16:30:00',80000.00,90,'2026-06-12 08:02:21',0,160000.00,110000.00),(767,12,6,'2026-06-20 14:00:00','2026-06-20 16:30:00',80000.00,90,'2026-06-12 08:02:21',0,160000.00,110000.00),(768,12,6,'2026-06-19 14:00:00','2026-06-19 16:30:00',80000.00,90,'2026-06-12 08:02:21',0,160000.00,110000.00),(769,12,6,'2026-06-18 14:00:00','2026-06-18 16:30:00',80000.00,90,'2026-06-12 08:02:21',0,160000.00,110000.00),(770,12,6,'2026-06-17 14:00:00','2026-06-17 16:30:00',80000.00,90,'2026-06-12 08:02:21',0,160000.00,110000.00),(771,12,6,'2026-06-16 14:00:00','2026-06-16 16:30:00',80000.00,90,'2026-06-12 08:02:21',0,160000.00,110000.00),(772,13,50,'2026-06-20 14:00:00','2026-06-20 16:30:00',80000.00,90,'2026-06-12 08:02:21',0,160000.00,110000.00),(773,13,50,'2026-06-19 14:00:00','2026-06-19 16:30:00',80000.00,90,'2026-06-12 08:02:21',0,160000.00,110000.00),(774,13,50,'2026-06-18 14:00:00','2026-06-18 16:30:00',80000.00,90,'2026-06-12 08:02:21',0,160000.00,110000.00),(775,13,50,'2026-06-17 14:00:00','2026-06-17 16:30:00',80000.00,90,'2026-06-12 08:02:21',0,160000.00,110000.00),(776,13,50,'2026-06-16 14:00:00','2026-06-16 16:30:00',80000.00,90,'2026-06-12 08:02:21',0,160000.00,110000.00),(777,13,19,'2026-06-20 14:00:00','2026-06-20 16:30:00',80000.00,90,'2026-06-12 08:02:21',0,160000.00,110000.00),(778,13,19,'2026-06-19 14:00:00','2026-06-19 16:30:00',80000.00,90,'2026-06-12 08:02:21',0,160000.00,110000.00),(779,13,19,'2026-06-18 14:00:00','2026-06-18 16:30:00',80000.00,90,'2026-06-12 08:02:21',0,160000.00,110000.00),(780,13,19,'2026-06-17 14:00:00','2026-06-17 16:30:00',80000.00,90,'2026-06-12 08:02:21',0,160000.00,110000.00),(781,13,19,'2026-06-16 14:00:00','2026-06-16 16:30:00',80000.00,90,'2026-06-12 08:02:21',0,160000.00,110000.00),(782,14,40,'2026-06-20 14:00:00','2026-06-20 16:30:00',80000.00,90,'2026-06-12 08:02:21',0,160000.00,110000.00),(783,14,40,'2026-06-19 14:00:00','2026-06-19 16:30:00',80000.00,90,'2026-06-12 08:02:21',0,160000.00,110000.00),(784,14,40,'2026-06-18 14:00:00','2026-06-18 16:30:00',80000.00,90,'2026-06-12 08:02:21',0,160000.00,110000.00),(785,14,40,'2026-06-17 14:00:00','2026-06-17 16:30:00',80000.00,90,'2026-06-12 08:02:21',0,160000.00,110000.00),(786,14,40,'2026-06-16 14:00:00','2026-06-16 16:30:00',80000.00,90,'2026-06-12 08:02:21',0,160000.00,110000.00),(787,14,7,'2026-06-20 14:00:00','2026-06-20 16:30:00',80000.00,90,'2026-06-12 08:02:21',0,160000.00,110000.00),(788,14,7,'2026-06-19 14:00:00','2026-06-19 16:30:00',80000.00,90,'2026-06-12 08:02:21',0,160000.00,110000.00),(789,14,7,'2026-06-18 14:00:00','2026-06-18 16:30:00',80000.00,90,'2026-06-12 08:02:21',0,160000.00,110000.00),(790,14,7,'2026-06-17 14:00:00','2026-06-17 16:30:00',80000.00,90,'2026-06-12 08:02:21',0,160000.00,110000.00),(791,14,7,'2026-06-16 14:00:00','2026-06-16 16:30:00',80000.00,90,'2026-06-12 08:02:21',0,160000.00,110000.00),(792,15,51,'2026-06-20 14:00:00','2026-06-20 16:30:00',80000.00,90,'2026-06-12 08:02:21',0,160000.00,110000.00),(793,15,51,'2026-06-19 14:00:00','2026-06-19 16:30:00',80000.00,90,'2026-06-12 08:02:21',0,160000.00,110000.00),(794,15,51,'2026-06-18 14:00:00','2026-06-18 16:30:00',80000.00,90,'2026-06-12 08:02:21',0,160000.00,110000.00),(795,15,51,'2026-06-17 14:00:00','2026-06-17 16:30:00',80000.00,90,'2026-06-12 08:02:21',0,160000.00,110000.00),(796,15,51,'2026-06-16 14:00:00','2026-06-16 16:30:00',80000.00,90,'2026-06-12 08:02:21',0,160000.00,110000.00),(797,15,26,'2026-06-20 14:00:00','2026-06-20 16:30:00',80000.00,90,'2026-06-12 08:02:21',0,160000.00,110000.00),(798,15,26,'2026-06-19 14:00:00','2026-06-19 16:30:00',80000.00,90,'2026-06-12 08:02:21',0,160000.00,110000.00),(799,15,26,'2026-06-18 14:00:00','2026-06-18 16:30:00',80000.00,90,'2026-06-12 08:02:21',0,160000.00,110000.00),(800,15,26,'2026-06-17 14:00:00','2026-06-17 16:30:00',80000.00,90,'2026-06-12 08:02:21',0,160000.00,110000.00),(801,15,26,'2026-06-16 14:00:00','2026-06-16 16:30:00',80000.00,90,'2026-06-12 08:02:21',0,160000.00,110000.00),(802,16,41,'2026-06-20 14:00:00','2026-06-20 16:30:00',80000.00,90,'2026-06-12 08:02:21',0,160000.00,110000.00),(803,16,41,'2026-06-19 14:00:00','2026-06-19 16:30:00',80000.00,90,'2026-06-12 08:02:21',0,160000.00,110000.00),(804,16,41,'2026-06-18 14:00:00','2026-06-18 16:30:00',80000.00,90,'2026-06-12 08:02:21',0,160000.00,110000.00),(805,16,41,'2026-06-17 14:00:00','2026-06-17 16:30:00',80000.00,90,'2026-06-12 08:02:21',0,160000.00,110000.00),(806,16,41,'2026-06-16 14:00:00','2026-06-16 16:30:00',80000.00,90,'2026-06-12 08:02:21',0,160000.00,110000.00),(807,16,8,'2026-06-20 14:00:00','2026-06-20 16:30:00',80000.00,90,'2026-06-12 08:02:21',0,160000.00,110000.00),(808,16,8,'2026-06-19 14:00:00','2026-06-19 16:30:00',80000.00,90,'2026-06-12 08:02:21',0,160000.00,110000.00),(809,16,8,'2026-06-18 14:00:00','2026-06-18 16:30:00',80000.00,90,'2026-06-12 08:02:21',0,160000.00,110000.00),(810,16,8,'2026-06-17 14:00:00','2026-06-17 16:30:00',80000.00,90,'2026-06-12 08:02:21',0,160000.00,110000.00),(811,16,8,'2026-06-16 14:00:00','2026-06-16 16:30:00',80000.00,90,'2026-06-12 08:02:21',0,160000.00,110000.00),(812,17,52,'2026-06-20 14:00:00','2026-06-20 16:30:00',80000.00,90,'2026-06-12 08:02:21',0,160000.00,110000.00),(813,17,52,'2026-06-19 14:00:00','2026-06-19 16:30:00',80000.00,90,'2026-06-12 08:02:21',0,160000.00,110000.00),(814,17,52,'2026-06-18 14:00:00','2026-06-18 16:30:00',80000.00,90,'2026-06-12 08:02:21',0,160000.00,110000.00),(815,17,52,'2026-06-17 14:00:00','2026-06-17 16:30:00',80000.00,90,'2026-06-12 08:02:21',0,160000.00,110000.00),(816,17,52,'2026-06-16 14:00:00','2026-06-16 16:30:00',80000.00,90,'2026-06-12 08:02:21',0,160000.00,110000.00),(817,17,27,'2026-06-20 14:00:00','2026-06-20 16:30:00',80000.00,90,'2026-06-12 08:02:21',0,160000.00,110000.00),(818,17,27,'2026-06-19 14:00:00','2026-06-19 16:30:00',80000.00,90,'2026-06-12 08:02:21',0,160000.00,110000.00),(819,17,27,'2026-06-18 14:00:00','2026-06-18 16:30:00',80000.00,90,'2026-06-12 08:02:21',0,160000.00,110000.00),(820,17,27,'2026-06-17 14:00:00','2026-06-17 16:30:00',80000.00,90,'2026-06-12 08:02:21',0,160000.00,110000.00),(821,17,27,'2026-06-16 14:00:00','2026-06-16 16:30:00',80000.00,90,'2026-06-12 08:02:21',0,160000.00,110000.00),(822,18,42,'2026-06-20 14:00:00','2026-06-20 16:30:00',80000.00,90,'2026-06-12 08:02:21',0,160000.00,110000.00),(823,18,42,'2026-06-19 14:00:00','2026-06-19 16:30:00',80000.00,90,'2026-06-12 08:02:21',0,160000.00,110000.00),(824,18,42,'2026-06-18 14:00:00','2026-06-18 16:30:00',80000.00,90,'2026-06-12 08:02:21',0,160000.00,110000.00),(825,18,42,'2026-06-17 14:00:00','2026-06-17 16:30:00',80000.00,90,'2026-06-12 08:02:21',0,160000.00,110000.00),(826,18,42,'2026-06-16 14:00:00','2026-06-16 16:30:00',80000.00,90,'2026-06-12 08:02:21',0,160000.00,110000.00),(827,18,11,'2026-06-20 14:00:00','2026-06-20 16:30:00',80000.00,90,'2026-06-12 08:02:21',0,160000.00,110000.00),(828,18,11,'2026-06-19 14:00:00','2026-06-19 16:30:00',80000.00,90,'2026-06-12 08:02:21',0,160000.00,110000.00),(829,18,11,'2026-06-18 14:00:00','2026-06-18 16:30:00',80000.00,90,'2026-06-12 08:02:21',0,160000.00,110000.00),(830,18,11,'2026-06-17 14:00:00','2026-06-17 16:30:00',80000.00,90,'2026-06-12 08:02:21',0,160000.00,110000.00),(831,18,11,'2026-06-16 14:00:00','2026-06-16 16:30:00',80000.00,90,'2026-06-12 08:02:21',0,160000.00,110000.00),(832,19,53,'2026-06-20 14:00:00','2026-06-20 16:30:00',80000.00,90,'2026-06-12 08:02:21',0,160000.00,110000.00),(833,19,53,'2026-06-19 14:00:00','2026-06-19 16:30:00',80000.00,90,'2026-06-12 08:02:21',0,160000.00,110000.00),(834,19,53,'2026-06-18 14:00:00','2026-06-18 16:30:00',80000.00,90,'2026-06-12 08:02:21',0,160000.00,110000.00),(835,19,53,'2026-06-17 14:00:00','2026-06-17 16:30:00',80000.00,90,'2026-06-12 08:02:21',0,160000.00,110000.00),(836,19,53,'2026-06-16 14:00:00','2026-06-16 16:30:00',80000.00,90,'2026-06-12 08:02:21',0,160000.00,110000.00),(837,19,28,'2026-06-20 14:00:00','2026-06-20 16:30:00',80000.00,90,'2026-06-12 08:02:21',0,160000.00,110000.00),(838,19,28,'2026-06-19 14:00:00','2026-06-19 16:30:00',80000.00,90,'2026-06-12 08:02:21',0,160000.00,110000.00),(839,19,28,'2026-06-18 14:00:00','2026-06-18 16:30:00',80000.00,90,'2026-06-12 08:02:21',0,160000.00,110000.00),(840,19,28,'2026-06-17 14:00:00','2026-06-17 16:30:00',80000.00,90,'2026-06-12 08:02:21',0,160000.00,110000.00),(841,19,28,'2026-06-16 14:00:00','2026-06-16 16:30:00',80000.00,90,'2026-06-12 08:02:21',0,160000.00,110000.00),(842,20,43,'2026-06-20 14:00:00','2026-06-20 16:30:00',80000.00,90,'2026-06-12 08:02:21',0,160000.00,110000.00),(843,20,43,'2026-06-19 14:00:00','2026-06-19 16:30:00',80000.00,90,'2026-06-12 08:02:21',0,160000.00,110000.00),(844,20,43,'2026-06-18 14:00:00','2026-06-18 16:30:00',80000.00,90,'2026-06-12 08:02:21',0,160000.00,110000.00),(845,20,43,'2026-06-17 14:00:00','2026-06-17 16:30:00',80000.00,90,'2026-06-12 08:02:21',0,160000.00,110000.00),(846,20,43,'2026-06-16 14:00:00','2026-06-16 16:30:00',80000.00,90,'2026-06-12 08:02:21',0,160000.00,110000.00),(847,20,12,'2026-06-20 14:00:00','2026-06-20 16:30:00',80000.00,90,'2026-06-12 08:02:21',0,160000.00,110000.00),(848,20,12,'2026-06-19 14:00:00','2026-06-19 16:30:00',80000.00,90,'2026-06-12 08:02:21',0,160000.00,110000.00),(849,20,12,'2026-06-18 14:00:00','2026-06-18 16:30:00',80000.00,90,'2026-06-12 08:02:21',0,160000.00,110000.00),(850,20,12,'2026-06-17 14:00:00','2026-06-17 16:30:00',80000.00,90,'2026-06-12 08:02:21',0,160000.00,110000.00),(851,20,12,'2026-06-16 14:00:00','2026-06-16 16:30:00',80000.00,90,'2026-06-12 08:02:21',0,160000.00,110000.00),(852,21,54,'2026-06-20 14:00:00','2026-06-20 16:30:00',80000.00,90,'2026-06-12 08:02:21',0,160000.00,110000.00),(853,21,54,'2026-06-19 14:00:00','2026-06-19 16:30:00',80000.00,90,'2026-06-12 08:02:21',0,160000.00,110000.00),(854,21,54,'2026-06-18 14:00:00','2026-06-18 16:30:00',80000.00,90,'2026-06-12 08:02:21',0,160000.00,110000.00),(855,21,54,'2026-06-17 14:00:00','2026-06-17 16:30:00',80000.00,90,'2026-06-12 08:02:21',0,160000.00,110000.00),(856,21,54,'2026-06-16 14:00:00','2026-06-16 16:30:00',80000.00,90,'2026-06-12 08:02:21',0,160000.00,110000.00),(857,21,29,'2026-06-20 14:00:00','2026-06-20 16:30:00',80000.00,90,'2026-06-12 08:02:21',0,160000.00,110000.00),(858,21,29,'2026-06-19 14:00:00','2026-06-19 16:30:00',80000.00,90,'2026-06-12 08:02:21',0,160000.00,110000.00),(859,21,29,'2026-06-18 14:00:00','2026-06-18 16:30:00',80000.00,90,'2026-06-12 08:02:21',0,160000.00,110000.00),(860,21,29,'2026-06-17 14:00:00','2026-06-17 16:30:00',80000.00,90,'2026-06-12 08:02:21',0,160000.00,110000.00),(861,21,29,'2026-06-16 14:00:00','2026-06-16 16:30:00',80000.00,90,'2026-06-12 08:02:21',0,160000.00,110000.00);
/*!40000 ALTER TABLE `slots` ENABLE KEYS */;
UNLOCK TABLES;

--
-- Table structure for table `tickets`
--

DROP TABLE IF EXISTS `tickets`;
/*!40101 SET @saved_cs_client     = @@character_set_client */;
/*!50503 SET character_set_client = utf8mb4 */;
CREATE TABLE `tickets` (
  `id` int unsigned NOT NULL AUTO_INCREMENT,
  `account_id` int unsigned NOT NULL,
  `slot_id` int unsigned NOT NULL,
  `tickets_code` varchar(20) CHARACTER SET utf8mb4 COLLATE utf8mb4_unicode_ci NOT NULL,
  `qr_code_url` varchar(255) CHARACTER SET utf8mb4 COLLATE utf8mb4_unicode_ci DEFAULT NULL,
  `qr_code_data` varchar(255) COLLATE utf8mb4_unicode_ci DEFAULT NULL,
  `tickets_date` datetime DEFAULT NULL,
  `total_amount` decimal(10,2) NOT NULL DEFAULT '0.00',
  `discount_amount` decimal(38,2) DEFAULT NULL,
  `final_amount` decimal(38,2) NOT NULL,
  `payment_status` varchar(255) COLLATE utf8mb4_unicode_ci NOT NULL,
  `status` varchar(255) COLLATE utf8mb4_unicode_ci DEFAULT NULL,
  `note` varchar(255) COLLATE utf8mb4_unicode_ci DEFAULT NULL,
  `is_deleted` tinyint(1) DEFAULT '0',
  `promotion_id` int unsigned DEFAULT NULL,
  `promotion_code` varchar(50) CHARACTER SET utf8mb4 COLLATE utf8mb4_unicode_ci DEFAULT NULL,
  PRIMARY KEY (`id`),
  UNIQUE KEY `tickets_code` (`tickets_code`),
  KEY `account_id` (`account_id`),
  KEY `slot_id` (`slot_id`),
  KEY `idx_tickets_promotion_id` (`promotion_id`),
  CONSTRAINT `tickets_ibfk_1` FOREIGN KEY (`account_id`) REFERENCES `accounts` (`id`),
  CONSTRAINT `tickets_ibfk_2` FOREIGN KEY (`slot_id`) REFERENCES `slots` (`id`),
  CONSTRAINT `tickets_promotion_id_fkey` FOREIGN KEY (`promotion_id`) REFERENCES `promotions` (`id`) ON DELETE SET NULL ON UPDATE CASCADE
) ENGINE=InnoDB AUTO_INCREMENT=426 DEFAULT CHARSET=utf8mb4 COLLATE=utf8mb4_unicode_ci;
/*!40101 SET character_set_client = @saved_cs_client */;

--
-- Dumping data for table `tickets`
--

LOCK TABLES `tickets` WRITE;
/*!40000 ALTER TABLE `tickets` DISABLE KEYS */;
INSERT INTO `tickets` VALUES (1,3,10,'CGV1773017700438497',NULL,NULL,'2026-03-09 00:55:00',146000.00,0.00,146000.00,'paid','confirmed','Đặt vé thành công qua hệ thống CGV',0,NULL,NULL),(2,3,11,'CGV1773017957638259',NULL,NULL,'2026-03-09 00:59:18',80000.00,0.00,80000.00,'paid','confirmed','Đặt vé thành công qua hệ thống CGV',0,NULL,NULL),(3,3,3,'CGV1773018015247750',NULL,NULL,'2026-03-09 01:00:15',120000.00,0.00,120000.00,'unpaid','cancelled','Đặt vé thành công qua hệ thống CGV',0,NULL,NULL),(4,3,2,'CGV1773037880838228',NULL,NULL,'2026-03-09 06:31:21',120000.00,0.00,120000.00,'paid','confirmed','Đặt vé thành công qua hệ thống CGV',0,NULL,NULL),(5,5,15,'CGV1779489731689','/qr/CGV1779489731689.png','{\"code\":\"CGV1779489731689\",\"slot\":15,\"seats\":[A1,A2]}','2026-05-23 05:42:12',240000.00,20000.00,220000.00,'paid','confirmed','Khách hàng mua qua app, ko áp dụng mã giảm giá 20k',0,NULL,NULL),(6,5,15,'CGV1779490600850','/qr/CGV1779490600850.png','{\"code\":\"CGV1779490600850\",\"slot\":15,\"seats\":[A3,A4]}','2026-05-23 05:56:41',240000.00,20000.00,220000.00,'unpaid','cancelled','Khách hàng mua qua app, ko áp dụng mã giảm giá 20k',0,NULL,NULL),(7,5,15,'CGV1779493923824','/qr/CGV1779493923824.png','{\"code\":\"CGV1779493923824\",\"slot\":15,\"seats\":[A5]}','2026-05-23 06:52:04',120000.00,20000.00,100000.00,'unpaid','cancelled','Khách hàng mua qua app, ko áp dụng mã giảm giá 20k',0,NULL,NULL),(8,5,15,'CGV1779494368692','/qr/CGV1779494368692.png','{\"code\":\"CGV1779494368692\",\"slot\":15,\"seats\":[A6]}','2026-05-23 06:59:29',120000.00,20000.00,100000.00,'unpaid','cancelled','Khách hàng mua qua app, ko áp dụng mã giảm giá 20k',0,NULL,NULL),(9,5,15,'CGV1779494949948','/qr/CGV1779494949948.png','{\"code\":\"CGV1779494949948\",\"slot\":15,\"seats\":[A7]}','2026-05-23 07:09:10',120000.00,20000.00,100000.00,'unpaid','cancelled','Khách hàng mua qua app, ko áp dụng mã giảm giá 20k',0,NULL,NULL),(10,5,15,'CGV1779495739064','/qr/CGV1779495739064.png','{\"code\":\"CGV1779495739064\",\"slot\":15,\"seats\":[A8]}','2026-05-23 07:22:19',120000.00,20000.00,100000.00,'unpaid','cancelled','Khách hàng mua qua app, ko áp dụng mã giảm giá 20k',0,NULL,NULL),(11,5,15,'CGV1779496065847','/qr/CGV1779496065847.png','{\"code\":\"CGV1779496065847\",\"slot\":15,\"seats\":[A9]}','2026-05-23 07:27:46',120000.00,20000.00,100000.00,'unpaid','cancelled','Khách hàng mua qua app, ko áp dụng mã giảm giá 20k',0,NULL,NULL),(12,5,15,'CGV1779496811871','/qr/CGV1779496811871.png','{\"code\":\"CGV1779496811871\",\"slot\":15,\"seats\":[A10]}','2026-05-23 07:40:12',120000.00,20000.00,100000.00,'unpaid','cancelled','Khách hàng mua qua app, ko áp dụng mã giảm giá 20k',0,NULL,NULL),(13,5,15,'CGV1779498548422','/qr/CGV1779498548422.png','{\"code\":\"CGV1779498548422\",\"slot\":15,\"seats\":[B1]}','2026-05-23 08:09:08',120000.00,20000.00,100000.00,'unpaid','cancelled','Khách hàng mua qua app, ko áp dụng mã giảm giá 20k',0,NULL,NULL),(14,5,15,'CGV1779502325400','/qr/CGV1779502325400.png','{\"code\":\"CGV1779502325400\",\"slot\":15,\"seats\":[B2]}','2026-05-23 09:12:05',120000.00,20000.00,100000.00,'unpaid','cancelled','Khách hàng mua qua app, ko áp dụng mã giảm giá 20k',0,NULL,NULL),(15,5,16,'CGV1779667124426','/qr/CGV1779667124426.png','{\"code\":\"CGV1779667124426\",\"slot\":16,\"seats\":[D8]}','2026-05-25 06:58:44',80000.00,0.00,80000.00,'unpaid','cancelled','Doraemon: Nobita and the Sky Utopia',0,NULL,NULL),(16,5,16,'CGV1779669754019','/qr/CGV1779669754019.png','{\"code\":\"CGV1779669754019\",\"slot\":16,\"seats\":[B7]}','2026-05-25 07:42:34',80000.00,0.00,80000.00,'unpaid','cancelled','Doraemon: Nobita and the Sky Utopia',0,NULL,NULL),(17,5,16,'CGV1779681465414','/qr/CGV1779681465414.png','{\"code\":\"CGV1779681465414\",\"slot\":16,\"seats\":[D9]}','2026-05-25 10:57:45',80000.00,0.00,80000.00,'unpaid','cancelled','Doraemon: Nobita and the Sky Utopia',0,NULL,NULL),(18,5,16,'CGV1779682121796','/qr/CGV1779682121796.png','{\"code\":\"CGV1779682121796\",\"slot\":16,\"seats\":[E10]}','2026-05-25 11:08:42',396000.00,0.00,396000.00,'unpaid','cancelled','Doraemon: Nobita and the Sky Utopia',0,NULL,NULL),(19,5,17,'CGV1779844348767','/qr/CGV1779844348767.png','{\"code\":\"CGV1779844348767\",\"slot\":17,\"seats\":[A1]}','2026-05-27 08:12:29',80000.00,20000.00,60000.00,'unpaid','cancelled','Khách hàng mua qua app, ko áp dụng mã giảm giá 20k',0,NULL,NULL),(20,5,17,'CGV1779844832075','/qr/CGV1779844832075.png','{\"code\":\"CGV1779844832075\",\"slot\":17,\"seats\":[A2]}','2026-05-27 08:20:33',80000.00,20000.00,60000.00,'paid','confirmed','Khách hàng mua qua app, ko áp dụng mã giảm giá 20k',0,NULL,NULL),(21,5,17,'CGV1779845718141','/qr/CGV1779845718141.png','{\"code\":\"CGV1779845718141\",\"slot\":17,\"seats\":[A3]}','2026-05-27 08:35:18',80000.00,20000.00,60000.00,'paid','confirmed','Khách hàng mua qua app',0,NULL,NULL),(22,5,17,'CGV1779846769437','/qr/CGV1779846769437.png','{\"code\":\"CGV1779846769437\",\"slot\":17,\"seats\":[A5]}','2026-05-27 08:52:49',80000.00,0.00,80000.00,'paid','confirmed','Thanh toán vé KHÔNG CÒN CHÚNG TA qua PayOS',0,NULL,NULL),(23,5,17,'CGV1779851710007','/qr/CGV1779851710007.png','{\"code\":\"CGV1779851710007\",\"slot\":17,\"seats\":[B10]}','2026-05-27 10:15:10',80000.00,0.00,80000.00,'paid','confirmed','Thanh toán vé KHÔNG CÒN CHÚNG TA qua PayOS',0,NULL,NULL),(24,5,17,'CGV1779851888983','/qr/CGV1779851888983.png','{\"code\":\"CGV1779851888983\",\"slot\":17,\"seats\":[B9]}','2026-05-27 10:18:09',130000.00,0.00,130000.00,'paid','confirmed','Thanh toán vé KHÔNG CÒN CHÚNG TA qua PayOS',0,NULL,NULL),(25,5,17,'CGV1779852105224','/qr/CGV1779852105224.png','{\"code\":\"CGV1779852105224\",\"slot\":17,\"seats\":[C8]}','2026-05-27 10:21:45',260000.00,0.00,260000.00,'paid','confirmed','Thanh toán vé KHÔNG CÒN CHÚNG TA qua PayOS',0,NULL,NULL),(26,5,22,'CGV1779975087457','/qr/CGV1779975087457.png','{\"code\":\"CGV1779975087457\",\"slot\":22,\"seats\":[C7]}','2026-05-28 20:31:27',120000.00,0.00,120000.00,'paid','confirmed','Thanh toán vé ĐỘI THÁM TỬ CỪU qua PayOS',0,NULL,NULL),(27,5,22,'CGV1779975860992','/qr/CGV1779975860992.png','{\"code\":\"CGV1779975860992\",\"slot\":22,\"seats\":[B9]}','2026-05-28 20:44:21',80000.00,0.00,80000.00,'paid','confirmed','Thanh toán vé ĐỘI THÁM TỬ CỪU qua PayOS',0,NULL,NULL),(28,5,21,'CGV1779981494919','/qr/CGV1779981494919.png','{\"code\":\"CGV1779981494919\",\"slot\":21,\"seats\":[A6]}','2026-05-28 22:18:15',130000.00,0.00,130000.00,'paid','confirmed','Thanh toán vé ĐỘI THÁM TỬ CỪU qua PayOS',0,NULL,NULL),(100,16,30,'CGV2026031200001',NULL,NULL,'2026-03-12 08:05:00',80000.00,0.00,80000.00,'paid','confirmed',NULL,0,NULL,NULL),(101,17,30,'CGV2026031200002',NULL,NULL,'2026-03-12 08:20:00',250000.00,0.00,250000.00,'paid','confirmed',NULL,0,NULL,NULL),(102,18,30,'CGV2026031200003',NULL,NULL,'2026-03-12 08:35:00',120000.00,0.00,120000.00,'paid','confirmed',NULL,0,NULL,NULL),(103,19,31,'CGV2026031200004',NULL,NULL,'2026-03-12 09:05:00',146000.00,0.00,146000.00,'paid','confirmed',NULL,0,NULL,NULL),(104,20,31,'CGV2026031200005',NULL,NULL,'2026-03-12 09:25:00',252000.00,0.00,252000.00,'paid','confirmed',NULL,0,NULL,NULL),(105,21,31,'CGV2026031200006',NULL,NULL,'2026-03-12 09:50:00',120000.00,0.00,120000.00,'paid','confirmed',NULL,0,NULL,NULL),(106,22,32,'CGV2026031200007',NULL,NULL,'2026-03-12 10:05:00',80000.00,0.00,80000.00,'paid','confirmed',NULL,0,NULL,NULL),(107,23,32,'CGV2026031200008',NULL,NULL,'2026-03-12 10:20:00',186000.00,0.00,186000.00,'paid','confirmed',NULL,0,NULL,NULL),(108,24,32,'CGV2026031200009',NULL,NULL,'2026-03-12 10:35:00',180000.00,0.00,180000.00,'paid','confirmed',NULL,0,NULL,NULL),(109,25,33,'CGV2026031200010',NULL,NULL,'2026-03-12 11:05:00',96000.00,0.00,96000.00,'paid','confirmed',NULL,0,NULL,NULL),(110,26,33,'CGV2026031200011',NULL,NULL,'2026-03-12 14:05:00',186000.00,0.00,186000.00,'paid','confirmed',NULL,0,NULL,NULL),(111,27,33,'CGV2026031200012',NULL,NULL,'2026-03-12 14:35:00',96000.00,0.00,96000.00,'paid','confirmed',NULL,0,NULL,NULL),(112,28,34,'CGV2026031200013',NULL,NULL,'2026-03-12 15:05:00',130000.00,0.00,130000.00,'paid','confirmed',NULL,0,NULL,NULL),(113,29,34,'CGV2026031200014',NULL,NULL,'2026-03-12 15:35:00',80000.00,0.00,80000.00,'paid','confirmed',NULL,0,NULL,NULL),(114,30,34,'CGV2026031200015',NULL,NULL,'2026-03-12 16:00:00',80000.00,0.00,80000.00,'paid','confirmed',NULL,0,NULL,NULL),(115,31,30,'CGV2026031200016',NULL,NULL,'2026-03-12 16:30:00',80000.00,0.00,80000.00,'unpaid','cancelled',NULL,0,NULL,NULL),(116,32,31,'CGV2026031200017',NULL,NULL,'2026-03-12 17:00:00',96000.00,0.00,96000.00,'unpaid','cancelled',NULL,0,NULL,NULL),(117,33,32,'CGV2026031200018',NULL,NULL,'2026-03-12 17:30:00',96000.00,0.00,96000.00,'paid','confirmed',NULL,0,NULL,NULL),(118,34,33,'CGV2026031200019',NULL,NULL,'2026-03-12 18:00:00',96000.00,0.00,96000.00,'paid','confirmed',NULL,0,NULL,NULL),(119,35,34,'CGV2026031200020',NULL,NULL,'2026-03-12 18:30:00',80000.00,0.00,80000.00,'paid','confirmed',NULL,0,NULL,NULL),(120,5,36,'CGV1780061390581','/qr/CGV1780061390581.png','{\"code\":\"CGV1780061390581\",\"slot\":36,\"seats\":[A1,A2]}','2026-05-29 20:29:51',290000.00,0.00,290000.00,'unpaid','cancelled','Test gửi mail đặt vé',0,NULL,NULL),(121,5,37,'CGV1780079079792','/qr/CGV1780079079792.png','{\"code\":\"CGV1780079079792\",\"slot\":37,\"seats\":[A8]}','2026-05-30 01:24:40',144000.00,0.00,144000.00,'unpaid','cancelled','Thanh toán vé THỎ ƠI!! qua PayOS',0,NULL,NULL),(122,5,37,'CGV1780080891591','/qr/CGV1780080891591.png','{\"code\":\"CGV1780080891591\",\"slot\":37,\"seats\":[C4]}','2026-05-30 01:54:52',144000.00,0.00,144000.00,'unpaid','cancelled','Thanh toán vé THỎ ƠI!! qua PayOS',0,NULL,NULL),(123,5,37,'CGV1780081435373','/qr/CGV1780081435373.png','{\"code\":\"CGV1780081435373\",\"slot\":37,\"seats\":[C8]}','2026-05-30 02:03:55',144000.00,0.00,144000.00,'unpaid','cancelled','Thanh toán vé THỎ ƠI!! qua PayOS',0,NULL,NULL),(124,5,37,'CGV1780081992134','/qr/CGV1780081992134.png','{\"code\":\"CGV1780081992134\",\"slot\":37,\"seats\":[E10]}','2026-05-30 02:13:12',180000.00,0.00,180000.00,'unpaid','cancelled','Thanh toán vé THỎ ƠI!! qua PayOS',0,NULL,NULL),(125,5,38,'CGV1780107113750','/qr/CGV1780107113750.png','{\"code\":\"CGV1780107113750\",\"slot\":38,\"seats\":[C7]}','2026-05-30 09:11:54',180000.00,0.00,180000.00,'unpaid','cancelled','Thanh toán vé THỎ ƠI!! qua PayOS',0,NULL,NULL),(126,5,38,'CGV1780107635948','/qr/CGV1780107635948.png','{\"code\":\"CGV1780107635948\",\"slot\":38,\"seats\":[C10]}','2026-05-30 09:20:36',180000.00,0.00,180000.00,'unpaid','cancelled','Thanh toán vé THỎ ƠI!! qua PayOS',0,NULL,NULL),(127,5,38,'CGV1780128667645','/qr/CGV1780128667645.png','{\"code\":\"CGV1780128667645\",\"slot\":38,\"seats\":[B10]}','2026-05-30 15:11:08',120000.00,0.00,120000.00,'paid','confirmed','Thanh toán vé THỎ ƠI!! qua PayOS',0,NULL,NULL),(128,5,38,'CGV1780128854129','/qr/CGV1780128854129.png','{\"code\":\"CGV1780128854129\",\"slot\":38,\"seats\":[B8]}','2026-05-30 15:14:14',120000.00,0.00,120000.00,'paid','confirmed','Thanh toán vé THỎ ƠI!! qua PayOS',0,NULL,NULL),(129,5,38,'CGV1780129133065','/qr/CGV1780129133065.png','{\"code\":\"CGV1780129133065\",\"slot\":38,\"seats\":[B1]}','2026-05-30 15:18:53',120000.00,0.00,120000.00,'paid','confirmed','Thanh toán vé THỎ ƠI!! qua PayOS',0,NULL,NULL),(130,5,38,'CGV1780129879164','/qr/CGV1780129879164.png','{\"code\":\"CGV1780129879164\",\"slot\":38,\"seats\":[B6]}','2026-05-30 15:31:20',120000.00,0.00,120000.00,'paid','confirmed','Thanh toán vé THỎ ƠI!! qua PayOS',0,NULL,NULL),(131,5,38,'CGV1780130174115','/qr/CGV1780130174115.png','{\"code\":\"CGV1780130174115\",\"slot\":38,\"seats\":[B5]}','2026-05-30 15:36:14',120000.00,0.00,120000.00,'paid','confirmed','Thanh toán vé THỎ ƠI!! qua PayOS',0,NULL,NULL),(132,5,38,'CGV1780134765854','/qr/CGV1780134765854.png','{\"code\":\"CGV1780134765854\",\"slot\":38,\"seats\":[B3]}','2026-05-30 16:52:46',170000.00,0.00,170000.00,'unpaid','cancelled','Thanh toán vé THỎ ƠI!! qua PayOS',0,NULL,NULL),(133,5,36,'CGV1780151169742','/qr/CGV1780151169742.png','{\"code\":\"CGV1780151169742\",\"slot\":36,\"seats\":[B10]}','2026-05-30 21:26:10',120000.00,0.00,120000.00,'paid','confirmed','Thanh toán vé KHÔNG CÒN CHÚNG TA qua PayOS',0,NULL,NULL),(134,5,38,'CGV1780167431753','/qr/CGV1780167431753.png','{\"code\":\"CGV1780167431753\",\"slot\":38,\"seats\":[B4]}','2026-05-31 01:57:12',120000.00,0.00,120000.00,'paid','confirmed','Thanh toán vé THỎ ƠI!! qua PayOS',0,NULL,NULL),(135,5,38,'CGV1780215651623','/qr/CGV1780215651623.png','{\"code\":\"CGV1780215651623\",\"slot\":38,\"seats\":[B7]}','2026-05-31 15:20:52',120000.00,0.00,120000.00,'paid','confirmed','Thanh toán vé THỎ ƠI!! qua PayOS',0,NULL,NULL),(136,5,38,'CGV1780215865170','/qr/CGV1780215865170.png','{\"code\":\"CGV1780215865170\",\"slot\":38,\"seats\":[A5]}','2026-05-31 15:24:25',120000.00,0.00,120000.00,'paid','confirmed','Thanh toán vé THỎ ƠI!! qua PayOS',0,NULL,NULL),(137,5,38,'CGV1780216627241','/qr/CGV1780216627241.png','{\"code\":\"CGV1780216627241\",\"slot\":38,\"seats\":[A6]}','2026-05-31 15:37:07',120000.00,0.00,120000.00,'unpaid','cancelled','Thanh toán vé THỎ ƠI!! qua PayOS',0,NULL,NULL),(138,5,38,'CGV1780217209567','/qr/CGV1780217209567.png','{\"code\":\"CGV1780217209567\",\"slot\":38,\"seats\":[C4]}','2026-05-31 15:46:50',180000.00,0.00,180000.00,'unpaid','cancelled','Thanh toán vé THỎ ƠI!! qua PayOS',0,NULL,NULL),(139,5,38,'CGV1780218364320','/qr/CGV1780218364320.png','{\"code\":\"CGV1780218364320\",\"slot\":38,\"seats\":[B2]}','2026-05-31 16:06:04',120000.00,0.00,120000.00,'paid','cancelled','Thanh toán vé THỎ ƠI!! qua PayOS',0,NULL,NULL),(140,5,40,'CGV1780220138380','/qr/CGV1780220138380.png','{\"code\":\"CGV1780220138380\",\"slot\":40,\"seats\":[B6]}','2026-05-31 16:35:38',120000.00,24000.00,96000.00,'paid','confirmed','Thanh toán vé KHÔNG CÒN CHÚNG TA qua PayOS',0,NULL,NULL),(141,5,40,'CGV1780221522147','/qr/CGV1780221522147.png','{\"code\":\"CGV1780221522147\",\"slot\":40,\"seats\":[B10]}','2026-05-31 16:58:42',170000.00,34000.00,136000.00,'paid','confirmed','Thanh toán vé KHÔNG CÒN CHÚNG TA qua PayOS',0,NULL,NULL),(142,38,44,'CGV1780285166209','/qr/CGV1780285166209.png','{\"code\":\"CGV1780285166209\",\"slot\":44,\"seats\":[F8,F9]}','2026-06-01 10:39:26',240000.00,40000.00,200000.00,'paid','confirmed','Thanh toán vé THỎ ƠI!! qua PayOS',0,NULL,NULL),(143,38,45,'CGV1780286672136','/qr/CGV1780286672136.png','{\"code\":\"CGV1780286672136\",\"slot\":45,\"seats\":[B10]}','2026-06-01 11:04:32',120000.00,24000.00,96000.00,'paid','confirmed','Thanh toán vé CẢM ƠN NGƯỜI ĐÃ THỨC CÙNG TÔI qua PayOS',0,NULL,NULL),(144,5,45,'CGV1780307983454','/qr/CGV1780307983454.png','{\"code\":\"CGV1780307983454\",\"slot\":45,\"seats\":[B5]}','2026-06-01 16:59:43',120000.00,0.00,120000.00,'paid','confirmed','Thanh toán vé CẢM ƠN NGƯỜI ĐÃ THỨC CÙNG TÔI qua PayOS',0,NULL,NULL),(145,5,45,'CGV1780373534198','/qr/CGV1780373534198.png','{\"code\":\"CGV1780373534198\",\"slot\":45,\"seats\":[C7]}','2026-06-02 11:12:14',180000.00,40000.00,140000.00,'paid','confirmed','Thanh toán vé CẢM ƠN NGƯỜI ĐÃ THỨC CÙNG TÔI qua PayOS',0,NULL,NULL),(146,5,45,'CGV1780380991062','/qr/CGV1780380991062.png','{\"code\":\"CGV1780380991062\",\"slot\":45,\"seats\":[B8]}','2026-06-02 13:16:31',120000.00,0.00,120000.00,'paid','confirmed','Thanh toán vé CẢM ƠN NGƯỜI ĐÃ THỨC CÙNG TÔI qua PayOS',0,NULL,NULL),(147,5,50,'CGV1780393669218','/qr/CGV1780393669218.png','{\"code\":\"CGV1780393669218\",\"slot\":50,\"seats\":[G12,G13]}','2026-06-02 16:47:49',290000.00,40000.00,250000.00,'paid','confirmed','Thanh toán vé Doraemon: Nobita and the Sky Utopia qua PayOS',0,NULL,NULL),(148,5,50,'CGV1780399710762','/qr/CGV1780399710762.png','{\"code\":\"CGV1780399710762\",\"slot\":50,\"seats\":[F15]}','2026-06-02 18:28:31',146000.00,77000.00,69000.00,'unpaid','cancelled','Thanh toán vé Doraemon: Nobita and the Sky Utopia qua PayOS',0,NULL,NULL),(149,5,50,'CGV1780399800140','/qr/CGV1780399800140.png','{\"code\":\"CGV1780399800140\",\"slot\":50,\"seats\":[D13]}','2026-06-02 18:30:00',80000.00,0.00,80000.00,'unpaid','cancelled','Thanh toán vé Doraemon: Nobita and the Sky Utopia qua PayOS',0,NULL,NULL),(150,5,50,'CGV1780399918322','/qr/CGV1780399918322.png','{\"code\":\"CGV1780399918322\",\"slot\":50,\"seats\":[G11]}','2026-06-02 18:31:58',120000.00,0.00,120000.00,'unpaid','cancelled','Thanh toán vé Doraemon: Nobita and the Sky Utopia qua PayOS',0,NULL,NULL),(151,5,50,'CGV1780409115867','/qr/CGV1780409115867.png','{\"code\":\"CGV1780409115867\",\"slot\":50,\"seats\":[G11]}','2026-06-02 21:05:16',120000.00,0.00,120000.00,'unpaid','cancelled','Thanh toán vé Doraemon: Nobita and the Sky Utopia qua PayOS',0,NULL,NULL),(152,5,50,'CGV1780409291803','/qr/CGV1780409291803.png','{\"code\":\"CGV1780409291803\",\"slot\":50,\"seats\":[F11]}','2026-06-02 21:08:12',96000.00,0.00,96000.00,'paid','confirmed','Thanh toán vé Doraemon: Nobita and the Sky Utopia qua PayOS',0,NULL,NULL),(153,5,50,'CGV1780419121240','/qr/CGV1780419121240.png','{\"code\":\"CGV1780419121240\",\"slot\":50,\"seats\":[E7]}','2026-06-02 23:52:01',96000.00,40000.00,56000.00,'paid','confirmed','Thanh toán vé Doraemon: Nobita and the Sky Utopia qua PayOS',0,NULL,NULL),(154,5,50,'CGV1780424196458','/qr/CGV1780424196458.png','{\"code\":\"CGV1780424196458\",\"slot\":50,\"seats\":[G11]}','2026-06-03 01:16:36',120000.00,0.00,120000.00,'unpaid','cancelled','Thanh toán vé Doraemon: Nobita and the Sky Utopia qua PayOS',0,NULL,NULL),(155,5,50,'CGV1780424672086','/qr/CGV1780424672086.png','{\"code\":\"CGV1780424672086\",\"slot\":50,\"seats\":[F10]}','2026-06-03 01:24:32',96000.00,0.00,96000.00,'unpaid','cancelled','Thanh toán vé Doraemon: Nobita and the Sky Utopia qua PayOS',0,NULL,NULL),(156,5,50,'CGV1780424733497','/qr/CGV1780424733497.png','{\"code\":\"CGV1780424733497\",\"slot\":50,\"seats\":[D1]}','2026-06-03 01:25:33',80000.00,0.00,80000.00,'unpaid','cancelled','Thanh toán vé Doraemon: Nobita and the Sky Utopia qua PayOS',0,NULL,NULL),(157,38,50,'CGV1780425290633','/qr/CGV1780425290633.png','{\"code\":\"CGV1780425290633\",\"slot\":50,\"seats\":[F10]}','2026-06-03 01:34:51',96000.00,0.00,96000.00,'unpaid','cancelled','Thanh toán vé Doraemon: Nobita and the Sky Utopia qua PayOS',0,NULL,NULL),(158,5,50,'CGV1780425535441','/qr/CGV1780425535441.png','{\"code\":\"CGV1780425535441\",\"slot\":50,\"seats\":[E8]}','2026-06-03 01:38:55',96000.00,22880.00,73120.00,'paid','confirmed','Thanh toán vé Doraemon: Nobita and the Sky Utopia qua PayOS',0,NULL,NULL),(159,5,50,'CGV1780470473606','/qr/CGV1780470473606.png','{\"code\":\"CGV1780470473606\",\"slot\":50,\"seats\":[D15]}','2026-06-03 14:07:54',130000.00,65000.00,65000.00,'paid','confirmed','Thanh toán vé Doraemon: Nobita and the Sky Utopia qua PayOS',0,NULL,NULL),(160,5,50,'CGV1780470510838','/qr/CGV1780470510838.png','{\"code\":\"CGV1780470510838\",\"slot\":50,\"seats\":[C14]}','2026-06-03 14:08:31',80000.00,0.00,80000.00,'unpaid','cancelled','Thanh toán vé Doraemon: Nobita and the Sky Utopia qua PayOS',0,NULL,NULL),(161,5,50,'CGV1780470561266','/qr/CGV1780470561266.png','{\"code\":\"CGV1780470561266\",\"slot\":50,\"seats\":[D10]}','2026-06-03 14:09:21',130000.00,65000.00,65000.00,'unpaid','cancelled','Thanh toán vé Doraemon: Nobita and the Sky Utopia qua PayOS',0,NULL,NULL),(162,5,50,'CGV1780470820111','/qr/CGV1780470820111.png','{\"code\":\"CGV1780470820111\",\"slot\":50,\"seats\":[F6]}','2026-06-03 14:13:40',96000.00,0.00,96000.00,'paid','confirmed','Thanh toán vé Doraemon: Nobita and the Sky Utopia qua PayOS',0,NULL,NULL),(163,5,50,'CGV1780470868425','/qr/CGV1780470868425.png','{\"code\":\"CGV1780470868425\",\"slot\":50,\"seats\":[D9]}','2026-06-03 14:14:28',130000.00,65000.00,65000.00,'paid','confirmed','Thanh toán vé Doraemon: Nobita and the Sky Utopia qua PayOS',0,NULL,NULL),(164,5,50,'CGV1780472036904','/qr/CGV1780472036904.png','{\"code\":\"CGV1780472036904\",\"slot\":50,\"seats\":[D4,D5]}','2026-06-03 14:33:57',160000.00,40000.00,120000.00,'paid','confirmed','Thanh toán vé Doraemon: Nobita and the Sky Utopia qua PayOS',0,NULL,NULL),(165,5,50,'CGV1780472105106','/qr/CGV1780472105106.png','{\"code\":\"CGV1780472105106\",\"slot\":50,\"seats\":[E17]}','2026-06-03 14:35:05',96000.00,40000.00,56000.00,'paid','confirmed','Thanh toán vé Doraemon: Nobita and the Sky Utopia qua PayOS',0,NULL,NULL),(166,5,50,'CGV1780497514275','/qr/CGV1780497514275.png','{\"code\":\"CGV1780497514275\",\"slot\":50,\"seats\":[D10]}','2026-06-03 21:38:34',80000.00,0.00,80000.00,'unpaid','cancelled','Thanh toán vé Doraemon: Nobita and the Sky Utopia qua PayOS',0,NULL,NULL),(167,5,50,'CGV1780497546564','/qr/CGV1780497546564.png','{\"code\":\"CGV1780497546564\",\"slot\":50,\"seats\":[D12]}','2026-06-03 21:39:07',80000.00,0.00,80000.00,'paid','confirmed','Thanh toán vé Doraemon: Nobita and the Sky Utopia qua PayOS',0,NULL,NULL),(168,5,50,'CGV1780568428890','/qr/CGV1780568428890.png','{\"code\":\"CGV1780568428890\",\"slot\":50,\"seats\":[D16]}','2026-06-04 17:20:29',80000.00,0.00,80000.00,'unpaid','cancelled','Thanh toán vé Doraemon: Nobita and the Sky Utopia qua PayOS',0,NULL,NULL),(169,5,50,'CGV1780568559524','/qr/CGV1780568559524.png','{\"code\":\"CGV1780568559524\",\"slot\":50,\"seats\":[G15]}','2026-06-04 17:22:40',120000.00,0.00,120000.00,'unpaid','cancelled','Thanh toán vé Doraemon: Nobita and the Sky Utopia qua PayOS',0,NULL,NULL),(170,5,50,'CGV1780568667848','/qr/CGV1780568667848.png','{\"code\":\"CGV1780568667848\",\"slot\":50,\"seats\":[D11]}','2026-06-04 17:24:28',80000.00,0.00,80000.00,'unpaid','cancelled','Thanh toán vé Doraemon: Nobita and the Sky Utopia qua PayOS',0,NULL,NULL),(171,5,50,'CGV1780569539738','/qr/CGV1780569539738.png','{\"code\":\"CGV1780569539738\",\"slot\":50,\"seats\":[D13]}','2026-06-04 17:39:00',80000.00,0.00,80000.00,'unpaid','cancelled','Thanh toán vé Doraemon: Nobita and the Sky Utopia qua PayOS',0,NULL,NULL),(172,5,50,'CGV1780569565363','/qr/CGV1780569565363.png','{\"code\":\"CGV1780569565363\",\"slot\":50,\"seats\":[D16,D17,D18]}','2026-06-04 17:39:25',240000.00,0.00,240000.00,'unpaid','cancelled','Thanh toán vé Doraemon: Nobita and the Sky Utopia qua PayOS',0,NULL,NULL),(173,38,50,'CGV1780569585653','/qr/CGV1780569585653.png','{\"code\":\"CGV1780569585653\",\"slot\":50,\"seats\":[D16]}','2026-06-04 17:39:46',80000.00,0.00,80000.00,'unpaid','cancelled','Thanh toán vé Doraemon: Nobita and the Sky Utopia qua PayOS',0,NULL,NULL),(174,5,50,'CGV1780569853854','/qr/CGV1780569853854.png','{\"code\":\"CGV1780569853854\",\"slot\":50,\"seats\":[C14,D14]}','2026-06-04 17:44:14',160000.00,0.00,160000.00,'unpaid','cancelled','Thanh toán vé Doraemon: Nobita and the Sky Utopia qua PayOS',0,NULL,NULL),(175,5,50,'CGV1780572267853','/qr/CGV1780572267853.png','{\"code\":\"CGV1780572267853\",\"slot\":50,\"seats\":[E13]}','2026-06-04 18:24:28',96000.00,0.00,96000.00,'unpaid','cancelled','Thanh toán vé Doraemon: Nobita and the Sky Utopia qua PayOS',0,NULL,NULL),(176,5,50,'CGV1780572937457','/qr/CGV1780572937457.png','{\"code\":\"CGV1780572937457\",\"slot\":50,\"seats\":[G6]}','2026-06-04 18:35:37',120000.00,0.00,120000.00,'unpaid','cancelled','Thanh toán vé Doraemon: Nobita and the Sky Utopia qua PayOS',0,NULL,NULL),(177,5,50,'CGV1780573270533','/qr/CGV1780573270533.png','{\"code\":\"CGV1780573270533\",\"slot\":50,\"seats\":[G10,G11]}','2026-06-04 18:41:11',240000.00,0.00,240000.00,'unpaid','cancelled','Thanh toán vé Doraemon: Nobita and the Sky Utopia qua PayOS',0,NULL,NULL),(178,5,50,'CGV1780573557067','/qr/CGV1780573557067.png','{\"code\":\"CGV1780573557067\",\"slot\":50,\"seats\":[E15,F15,G15]}','2026-06-04 18:45:57',312000.00,0.00,312000.00,'unpaid','cancelled','Thanh toán vé Doraemon: Nobita and the Sky Utopia qua PayOS',0,NULL,NULL),(179,5,50,'CGV1780574153443','/qr/CGV1780574153443.png','{\"code\":\"CGV1780574153443\",\"slot\":50,\"seats\":[E15]}','2026-06-04 18:55:53',96000.00,0.00,96000.00,'unpaid','cancelled','Thanh toán vé Doraemon: Nobita and the Sky Utopia qua PayOS',0,NULL,NULL),(180,5,50,'CGV1780574205862','/qr/CGV1780574205862.png','{\"code\":\"CGV1780574205862\",\"slot\":50,\"seats\":[E15]}','2026-06-04 18:56:46',96000.00,0.00,96000.00,'unpaid','cancelled','Thanh toán vé Doraemon: Nobita and the Sky Utopia qua PayOS',0,NULL,NULL),(181,5,50,'CGV1780590764255','/qr/CGV1780590764255.png','{\"code\":\"CGV1780590764255\",\"slot\":50,\"seats\":[G18]}','2026-06-04 23:32:44',120000.00,0.00,120000.00,'unpaid','cancelled','Thanh toán vé Doraemon: Nobita and the Sky Utopia qua PayOS',0,NULL,NULL),(182,5,50,'CGV1780591220838','/qr/CGV1780591220838.png','{\"code\":\"CGV1780591220838\",\"slot\":50,\"seats\":[G14,G15,G16,G17,G18]}','2026-06-04 23:40:21',600000.00,0.00,600000.00,'unpaid','cancelled','Thanh toán vé Doraemon: Nobita and the Sky Utopia qua PayOS',0,NULL,NULL),(183,5,50,'CGV1780591242031','/qr/CGV1780591242031.png','{\"code\":\"CGV1780591242031\",\"slot\":50,\"seats\":[G14,G15,G16,G17,G18]}','2026-06-04 23:40:42',600000.00,0.00,600000.00,'unpaid','cancelled','Thanh toán vé Doraemon: Nobita and the Sky Utopia qua PayOS',0,NULL,NULL),(184,5,50,'CGV1780591547149','/qr/CGV1780591547149.png','{\"code\":\"CGV1780591547149\",\"slot\":50,\"seats\":[G14,G15,G16,G17,G18]}','2026-06-04 23:45:47',600000.00,0.00,600000.00,'unpaid','cancelled','Thanh toán vé Doraemon: Nobita and the Sky Utopia qua PayOS',0,NULL,NULL),(185,5,50,'CGV1780591609673','/qr/CGV1780591609673.png','{\"code\":\"CGV1780591609673\",\"slot\":50,\"seats\":[F14,F15,F16,F17,F18,G14,G15,G16,G17,G18]}','2026-06-04 23:46:50',1080000.00,0.00,1080000.00,'unpaid','cancelled','Thanh toán vé Doraemon: Nobita and the Sky Utopia qua PayOS',0,NULL,NULL),(186,5,51,'CGV1780592252417','/qr/CGV1780592252417.png','{\"code\":\"CGV1780592252417\",\"slot\":51,\"seats\":[F10]}','2026-06-04 23:57:32',120000.00,0.00,120000.00,'unpaid','cancelled','Thanh toán vé CÔ DÂU! qua PayOS',0,NULL,NULL),(187,5,51,'CGV1780592366881','/qr/CGV1780592366881.png','{\"code\":\"CGV1780592366881\",\"slot\":51,\"seats\":[E10,E9,F10,F9]}','2026-06-04 23:59:27',480000.00,0.00,480000.00,'unpaid','cancelled','Thanh toán vé CÔ DÂU! qua PayOS',0,NULL,NULL),(188,5,51,'CGV1780592446773','/qr/CGV1780592446773.png','{\"code\":\"CGV1780592446773\",\"slot\":51,\"seats\":[D10,E10,F10]}','2026-06-05 00:00:47',360000.00,0.00,360000.00,'paid','confirmed','Thanh toán vé CÔ DÂU! qua PayOS',0,NULL,NULL),(189,5,50,'CGV1780639222058','/qr/CGV1780639222058.png','{\"code\":\"CGV1780639222058\",\"slot\":50,\"seats\":[F12,F13,F14,F15,F16,F17,F18]}','2026-06-05 13:00:22',672000.00,0.00,672000.00,'unpaid','cancelled','Thanh toán vé Doraemon: Nobita and the Sky Utopia qua PayOS',0,NULL,NULL),(201,5,3,'CGV20260612M5A',NULL,NULL,'2026-06-12 08:00:00',80000.00,0.00,80000.00,'paid','confirmed','Hệ thống tự động tạo vé chạy test',0,NULL,NULL),(202,13,5,'CGV20260612M13A',NULL,NULL,'2026-06-12 08:00:00',80000.00,0.00,80000.00,'paid','confirmed','Hệ thống tự động tạo vé chạy test',0,NULL,NULL),(203,14,7,'CGV20260612M14A',NULL,NULL,'2026-06-12 08:00:00',80000.00,0.00,80000.00,'paid','confirmed','Hệ thống tự động tạo vé chạy test',0,NULL,NULL),(204,15,9,'CGV20260612M15A',NULL,NULL,'2026-06-12 08:00:00',80000.00,0.00,80000.00,'paid','confirmed','Hệ thống tự động tạo vé chạy test',0,NULL,NULL),(205,16,11,'CGV20260612M16A',NULL,NULL,'2026-06-12 08:00:00',80000.00,0.00,80000.00,'paid','confirmed','Hệ thống tự động tạo vé chạy test',0,NULL,NULL),(206,17,13,'CGV20260612M17A',NULL,NULL,'2026-06-12 08:00:00',120000.00,0.00,120000.00,'paid','confirmed','Hệ thống tự động tạo vé chạy test',0,NULL,NULL),(207,18,15,'CGV20260612M18A',NULL,NULL,'2026-06-12 08:00:00',120000.00,0.00,120000.00,'paid','confirmed','Hệ thống tự động tạo vé chạy test',0,NULL,NULL),(208,19,17,'CGV20260612M19A',NULL,NULL,'2026-06-12 08:00:00',80000.00,0.00,80000.00,'paid','confirmed','Hệ thống tự động tạo vé chạy test',0,NULL,NULL),(209,20,19,'CGV20260612M20A',NULL,NULL,'2026-06-12 08:00:00',80000.00,0.00,80000.00,'paid','confirmed','Hệ thống tự động tạo vé chạy test',0,NULL,NULL),(210,21,21,'CGV20260612M21A',NULL,NULL,'2026-06-12 08:00:00',80000.00,0.00,80000.00,'paid','confirmed','Hệ thống tự động tạo vé chạy test',0,NULL,NULL),(211,22,30,'CGV20260612M22A',NULL,NULL,'2026-06-12 08:00:00',80000.00,0.00,80000.00,'paid','confirmed','Hệ thống tự động tạo vé chạy test',0,NULL,NULL),(212,23,32,'CGV20260612M23A',NULL,NULL,'2026-06-12 08:00:00',80000.00,0.00,80000.00,'paid','confirmed','Hệ thống tự động tạo vé chạy test',0,NULL,NULL),(213,24,34,'CGV20260612M24A',NULL,NULL,'2026-06-12 08:00:00',80000.00,0.00,80000.00,'paid','confirmed','Hệ thống tự động tạo vé chạy test',0,NULL,NULL),(214,25,36,'CGV20260612M25A',NULL,NULL,'2026-06-12 08:00:00',120000.00,0.00,120000.00,'paid','confirmed','Hệ thống tự động tạo vé chạy test',0,NULL,NULL),(215,26,38,'CGV20260612M26A',NULL,NULL,'2026-06-12 08:00:00',120000.00,0.00,120000.00,'paid','confirmed','Hệ thống tự động tạo vé chạy test',0,NULL,NULL),(216,27,40,'CGV20260612M27A',NULL,NULL,'2026-06-12 08:00:00',120000.00,0.00,120000.00,'paid','confirmed','Hệ thống tự động tạo vé chạy test',0,NULL,NULL),(217,28,42,'CGV20260612M28A',NULL,NULL,'2026-06-12 08:00:00',120000.00,0.00,120000.00,'paid','confirmed','Hệ thống tự động tạo vé chạy test',0,NULL,NULL),(218,30,44,'CGV20260612M30A',NULL,NULL,'2026-06-12 08:00:00',80000.00,0.00,80000.00,'paid','confirmed','Hệ thống tự động tạo vé chạy test',0,NULL,NULL),(219,31,46,'CGV20260612M31A',NULL,NULL,'2026-06-12 08:00:00',80000.00,0.00,80000.00,'paid','confirmed','Hệ thống tự động tạo vé chạy test',0,NULL,NULL),(220,32,49,'CGV20260612M32A',NULL,NULL,'2026-06-12 08:00:00',80000.00,0.00,80000.00,'paid','confirmed','Hệ thống tự động tạo vé chạy test',0,NULL,NULL),(221,33,51,'CGV20260612M33A',NULL,NULL,'2026-06-12 08:00:00',80000.00,0.00,80000.00,'paid','confirmed','Hệ thống tự động tạo vé chạy test',0,NULL,NULL),(222,34,53,'CGV20260612M34A',NULL,NULL,'2026-06-12 08:00:00',75000.00,0.00,75000.00,'paid','confirmed','Hệ thống tự động tạo vé chạy test',0,NULL,NULL),(223,35,55,'CGV20260612M35A',NULL,NULL,'2026-06-12 08:00:00',75000.00,0.00,75000.00,'paid','confirmed','Hệ thống tự động tạo vé chạy test',0,NULL,NULL),(224,36,57,'CGV20260612M36A',NULL,NULL,'2026-06-12 08:00:00',75000.00,0.00,75000.00,'paid','confirmed','Hệ thống tự động tạo vé chạy test',0,NULL,NULL),(225,38,59,'CGV20260612M38A',NULL,NULL,'2026-06-12 08:00:00',80000.00,0.00,80000.00,'paid','confirmed','Hệ thống tự động tạo vé chạy test',0,NULL,NULL),(401,5,4,'CGV20260612M5B',NULL,NULL,'2026-06-12 10:30:00',80000.00,0.00,80000.00,'paid','confirmed','Hệ thống tự động tạo vé chạy test',0,NULL,NULL),(402,13,7,'CGV20260612M13B',NULL,NULL,'2026-06-12 10:30:00',80000.00,0.00,80000.00,'paid','confirmed','Hệ thống tự động tạo vé chạy test',0,NULL,NULL),(403,14,10,'CGV20260612M14B',NULL,NULL,'2026-06-12 10:30:00',80000.00,0.00,80000.00,'paid','confirmed','Hệ thống tự động tạo vé chạy test',0,NULL,NULL),(404,15,13,'CGV20260612M15B',NULL,NULL,'2026-06-12 10:30:00',120000.00,0.00,120000.00,'paid','confirmed','Hệ thống tự động tạo vé chạy test',0,NULL,NULL),(405,16,16,'CGV20260612M16B',NULL,NULL,'2026-06-12 10:30:00',80000.00,0.00,80000.00,'paid','confirmed','Hệ thống tự động tạo vé chạy test',0,NULL,NULL),(406,17,19,'CGV20260612M17B',NULL,NULL,'2026-06-12 10:30:00',80000.00,0.00,80000.00,'paid','confirmed','Hệ thống tự động tạo vé chạy test',0,NULL,NULL),(407,18,22,'CGV20260612M18B',NULL,NULL,'2026-06-12 10:30:00',80000.00,0.00,80000.00,'paid','confirmed','Hệ thống tự động tạo vé chạy test',0,NULL,NULL),(408,19,32,'CGV20260612M19B',NULL,NULL,'2026-06-12 10:30:00',80000.00,0.00,80000.00,'paid','confirmed','Hệ thống tự động tạo vé chạy test',0,NULL,NULL),(409,20,35,'CGV20260612M20B',NULL,NULL,'2026-06-12 10:30:00',120000.00,0.00,120000.00,'paid','confirmed','Hệ thống tự động tạo vé chạy test',0,NULL,NULL),(410,21,38,'CGV20260612M21B',NULL,NULL,'2026-06-12 10:30:00',120000.00,0.00,120000.00,'paid','confirmed','Hệ thống tự động tạo vé chạy test',0,NULL,NULL),(411,22,41,'CGV20260612M22B',NULL,NULL,'2026-06-12 10:30:00',120000.00,0.00,120000.00,'paid','confirmed','Hệ thống tự động tạo vé chạy test',0,NULL,NULL),(412,23,44,'CGV20260612M23B',NULL,NULL,'2026-06-12 10:30:00',80000.00,0.00,80000.00,'paid','confirmed','Hệ thống tự động tạo vé chạy test',0,NULL,NULL),(413,24,48,'CGV20260612M24B',NULL,NULL,'2026-06-12 10:30:00',80000.00,0.00,80000.00,'paid','confirmed','Hệ thống tự động tạo vé chạy test',0,NULL,NULL),(414,25,51,'CGV20260612M25B',NULL,NULL,'2026-06-12 10:30:00',80000.00,0.00,80000.00,'paid','confirmed','Hệ thống tự động tạo vé chạy test',0,NULL,NULL),(415,26,54,'CGV20260612M26B',NULL,NULL,'2026-06-12 10:30:00',75000.00,0.00,75000.00,'paid','confirmed','Hệ thống tự động tạo vé chạy test',0,NULL,NULL),(416,27,57,'CGV20260612M27B',NULL,NULL,'2026-06-12 10:30:00',75000.00,0.00,75000.00,'paid','confirmed','Hệ thống tự động tạo vé chạy test',0,NULL,NULL),(417,28,60,'CGV20260612M28B',NULL,NULL,'2026-06-12 10:30:00',80000.00,0.00,80000.00,'paid','confirmed','Hệ thống tự động tạo vé chạy test',0,NULL,NULL),(418,30,63,'CGV20260612M30B',NULL,NULL,'2026-06-12 10:30:00',80000.00,0.00,80000.00,'paid','confirmed','Hệ thống tự động tạo vé chạy test',0,NULL,NULL),(419,31,66,'CGV20260612M31B',NULL,NULL,'2026-06-12 10:30:00',80000.00,0.00,80000.00,'paid','confirmed','Hệ thống tự động tạo vé chạy test',0,NULL,NULL),(420,32,69,'CGV20260612M32B',NULL,NULL,'2026-06-12 10:30:00',80000.00,0.00,80000.00,'paid','confirmed','Hệ thống tự động tạo vé chạy test',0,NULL,NULL),(421,33,72,'CGV20260612M33B',NULL,NULL,'2026-06-12 10:30:00',80000.00,0.00,80000.00,'paid','confirmed','Hệ thống tự động tạo vé chạy test',0,NULL,NULL),(422,34,75,'CGV20260612M34B',NULL,NULL,'2026-06-12 10:30:00',80000.00,0.00,80000.00,'paid','confirmed','Hệ thống tự động tạo vé chạy test',0,NULL,NULL),(423,35,78,'CGV20260612M35B',NULL,NULL,'2026-06-12 10:30:00',80000.00,0.00,80000.00,'paid','confirmed','Hệ thống tự động tạo vé chạy test',0,NULL,NULL),(424,36,81,'CGV20260612M36B',NULL,NULL,'2026-06-12 10:30:00',80000.00,0.00,80000.00,'paid','confirmed','Hệ thống tự động tạo vé chạy test',0,NULL,NULL),(425,38,84,'CGV20260612M38B',NULL,NULL,'2026-06-12 10:30:00',80000.00,0.00,80000.00,'paid','confirmed','Hệ thống tự động tạo vé chạy test',0,NULL,NULL);
/*!40000 ALTER TABLE `tickets` ENABLE KEYS */;
UNLOCK TABLES;

--
-- Table structure for table `ticketsdetails`
--

DROP TABLE IF EXISTS `ticketsdetails`;
/*!40101 SET @saved_cs_client     = @@character_set_client */;
/*!50503 SET character_set_client = utf8mb4 */;
CREATE TABLE `ticketsdetails` (
  `id` int unsigned NOT NULL AUTO_INCREMENT,
  `tickets_id` int unsigned NOT NULL,
  `product_id` int unsigned NOT NULL,
  `quantity` int unsigned NOT NULL,
  `unit_price` decimal(10,2) NOT NULL,
  `total_price` decimal(10,2) NOT NULL,
  `is_deleted` tinyint(1) DEFAULT '0',
  PRIMARY KEY (`id`),
  KEY `product_id` (`product_id`),
  KEY `tickets_id` (`tickets_id`),
  CONSTRAINT `ticketsdetails_ibfk_1` FOREIGN KEY (`tickets_id`) REFERENCES `tickets` (`id`),
  CONSTRAINT `ticketsdetails_ibfk_2` FOREIGN KEY (`product_id`) REFERENCES `products` (`id`)
) ENGINE=InnoDB AUTO_INCREMENT=22 DEFAULT CHARSET=utf8mb4 COLLATE=utf8mb4_unicode_ci;
/*!40101 SET character_set_client = @saved_cs_client */;

--
-- Dumping data for table `ticketsdetails`
--

LOCK TABLES `ticketsdetails` WRITE;
/*!40000 ALTER TABLE `ticketsdetails` DISABLE KEYS */;
INSERT INTO `ticketsdetails` VALUES (1,1,1,1,50000.00,50000.00,0),(2,18,4,1,300000.00,300000.00,0),(3,24,1,1,50000.00,50000.00,0),(4,25,1,1,50000.00,50000.00,0),(5,25,3,1,90000.00,90000.00,0),(6,28,1,1,50000.00,50000.00,0),(7,101,3,1,90000.00,90000.00,0),(8,103,1,1,50000.00,50000.00,0),(9,104,2,2,30000.00,60000.00,0),(10,107,3,1,90000.00,90000.00,0),(11,108,2,2,30000.00,60000.00,0),(12,110,3,1,90000.00,90000.00,0),(13,112,1,1,50000.00,50000.00,0),(14,120,1,1,50000.00,50000.00,0),(15,132,1,1,50000.00,50000.00,0),(16,141,1,1,50000.00,50000.00,0),(17,147,1,1,50000.00,50000.00,0),(18,148,1,1,50000.00,50000.00,0),(19,159,1,1,50000.00,50000.00,0),(20,161,1,1,50000.00,50000.00,0),(21,163,1,1,50000.00,50000.00,0);
/*!40000 ALTER TABLE `ticketsdetails` ENABLE KEYS */;
UNLOCK TABLES;

--
-- Dumping routines for database 'cinema_cgv'
--
/*!50003 DROP PROCEDURE IF EXISTS `AddCinemasRoomsAndSeats` */;
/*!50003 SET @saved_cs_client      = @@character_set_client */ ;
/*!50003 SET @saved_cs_results     = @@character_set_results */ ;
/*!50003 SET @saved_col_connection = @@collation_connection */ ;
/*!50003 SET character_set_client  = utf8mb4 */ ;
/*!50003 SET character_set_results = utf8mb4 */ ;
/*!50003 SET collation_connection  = utf8mb4_0900_ai_ci */ ;
/*!50003 SET @saved_sql_mode       = @@sql_mode */ ;
/*!50003 SET sql_mode              = 'ONLY_FULL_GROUP_BY,STRICT_TRANS_TABLES,NO_ZERO_IN_DATE,NO_ZERO_DATE,ERROR_FOR_DIVISION_BY_ZERO,NO_ENGINE_SUBSTITUTION' */ ;
DELIMITER ;;
CREATE DEFINER=`root`@`localhost` PROCEDURE `AddCinemasRoomsAndSeats`()
BEGIN
    DECLARE done INT DEFAULT FALSE;
    DECLARE current_cinema_id INT;
    DECLARE room_count INT;
    DECLARE rooms_to_add INT;
    DECLARE i INT;
    DECLARE next_room_num INT;
    DECLARE new_room_id INT;
    
    -- Các biến chạy vòng lặp để sinh ghế tự động
    DECLARE row_idx INT;
    DECLARE seat_num INT;
    DECLARE current_row VARCHAR(5);
    DECLARE current_type_id INT;

    -- Con trỏ duyệt qua toàn bộ danh sách rạp phim hiện tại
    DECLARE cinema_cursor CURSOR FOR 
        SELECT id FROM `cinemas`;
        
    DECLARE CONTINUE HANDLER FOR NOT FOUND SET done = TRUE;

    OPEN cinema_cursor;

    read_loop: LOOP
        FETCH cinema_cursor INTO current_cinema_id;
        IF done THEN
            LEAVE read_loop;
        END IF;

        -- Đếm số lượng phòng hiện tại của rạp này
        SELECT COUNT(*) INTO room_count 
        FROM `rooms` 
        WHERE `cinema_id` = current_cinema_id;

        -- Nếu rạp chưa đủ ít nhất 4 phòng chiếu thì tiến hành bù phòng và ghế
        IF room_count < 4 THEN
            SET rooms_to_add = 4 - room_count;
            SET i = 1;

            WHILE i <= rooms_to_add DO
                -- Tính số thứ tự tiếp theo để đặt tên phòng chiếu (Phòng 1, Phòng 2,...)
                SET next_room_num = room_count + i;
                
                -- 1. Thêm bản ghi phòng chiếu mới với tổng số ghế là 90
                INSERT INTO `rooms` (`cinema_id`, `room_name`, `room_type`, `total_seats`, `status`, `is_deleted`)
                VALUES (current_cinema_id, CONCAT('Phòng ', next_room_num), 'Standard', 90, 'active', 0);
                
                -- Lấy ID của phòng chiếu vừa được sinh ra tự động
                SET new_room_id = LAST_INSERT_ID();

                -- 2. Tự động sinh 90 ghế tương ứng chia theo hàng
                SET row_idx = 1;
                row_loop: WHILE row_idx <= 9 DO
                    -- Định nghĩa loại ghế tương ứng với từng hàng từ A -> J (bỏ qua hàng I tránh nhầm lẫn)
                    IF row_idx = 1 THEN SET current_row = 'A'; SET current_type_id = 1;      -- Ghế thường
                    ELSEIF row_idx = 2 THEN SET current_row = 'B'; SET current_type_id = 1; -- Ghế thường
                    ELSEIF row_idx = 3 THEN SET current_row = 'C'; SET current_type_id = 1; -- Ghế thường
                    ELSEIF row_idx = 4 THEN SET current_row = 'D'; SET current_type_id = 1; -- Ghế thường
                    ELSEIF row_idx = 5 THEN SET current_row = 'E'; SET current_type_id = 1; -- Ghế thường
                    ELSEIF row_idx = 6 THEN SET current_row = 'F'; SET current_type_id = 1; -- Ghế thường
                    ELSEIF row_idx = 7 THEN SET current_row = 'G'; SET current_type_id = 2; -- Ghế VIP
                    ELSEIF row_idx = 8 THEN SET current_row = 'H'; SET current_type_id = 2; -- Ghế VIP
                    ELSEIF row_idx = 9 THEN SET current_row = 'J'; SET current_type_id = 3; -- Ghế Đôi (Couple)
                    END IF;

                    -- Vòng lặp thêm số ghế từ 1 đến 10 cho mỗi hàng
                    SET seat_num = 1;
                    WHILE seat_num <= 10 DO
                        INSERT INTO `seats` (`room_id`, `seat_row`, `seat_number`, `seat_type_id`, `status`)
                        VALUES (new_room_id, current_row, seat_num, current_type_id, 'active');
                        SET seat_num = seat_num + 1;
                    END WHILE;

                    SET row_idx = row_idx + 1;
                END WHILE row_loop;

                SET i = i + 1;
            END WHILE;
        END IF;
    END LOOP;

    CLOSE cinema_cursor;
END ;;
DELIMITER ;
/*!50003 SET sql_mode              = @saved_sql_mode */ ;
/*!50003 SET character_set_client  = @saved_cs_client */ ;
/*!50003 SET character_set_results = @saved_cs_results */ ;
/*!50003 SET collation_connection  = @saved_col_connection */ ;
/*!40103 SET TIME_ZONE=@OLD_TIME_ZONE */;

/*!40101 SET SQL_MODE=@OLD_SQL_MODE */;
/*!40014 SET FOREIGN_KEY_CHECKS=@OLD_FOREIGN_KEY_CHECKS */;
/*!40014 SET UNIQUE_CHECKS=@OLD_UNIQUE_CHECKS */;
/*!40101 SET CHARACTER_SET_CLIENT=@OLD_CHARACTER_SET_CLIENT */;
/*!40101 SET CHARACTER_SET_RESULTS=@OLD_CHARACTER_SET_RESULTS */;
/*!40101 SET COLLATION_CONNECTION=@OLD_COLLATION_CONNECTION */;
/*!40111 SET SQL_NOTES=@OLD_SQL_NOTES */;

-- Dump completed on 2026-06-12  9:25:10
